bag_loss,batch,buffer_selection_duration_seconds,buffer_selection_peak_memory_mb,buffer_size,epoch,inst_loss,loss,n_patches_in_buffer,step,train_loss_epoch,val_acc_epoch,val_loss_epoch
1.1496702432632446,0,,,,0,1.2698715925216675,1.1857306957244873,,0,,,
1.1244529485702515,1,,,,0,1.2691937685012817,1.1678751707077026,,1,,,
1.1077194213867188,2,,,,0,1.266890048980713,1.155470609664917,,2,,,
1.1006081104278564,3,,,,0,1.2849172353744507,1.1559008359909058,,3,,,
1.1054822206497192,4,,,,0,1.260385274887085,1.1519532203674316,,4,,,
1.0870873928070068,5,,,,0,1.2486342191696167,1.1355514526367188,,5,,,
1.0692486763000488,6,,,,0,1.2526425123214722,1.1242668628692627,,6,,,
1.065286636352539,7,,,,0,1.2405182123184204,1.1178561449050903,,7,,,
1.0443085432052612,8,,,,0,1.2424148321151733,1.1037404537200928,,8,,,
1.1523765325546265,9,,,,0,1.2558587789535522,1.18342125415802,,9,,,
1.0548665523529053,10,,,,0,1.2343440055847168,1.1087098121643066,,10,,,
1.0414230823516846,11,,,,0,1.2144285440444946,1.0933246612548828,,11,,,
1.1388790607452393,12,,,,0,1.2012571096420288,1.157592535018921,,12,,,
1.1376041173934937,13,,,,0,1.2382802963256836,1.1678069829940796,,13,,,
1.0091352462768555,14,,,,0,1.205299735069275,1.0679845809936523,,14,,,
1.0028541088104248,15,,,,0,1.2060203552246094,1.063804030418396,,15,,,
1.1429598331451416,16,,,,0,1.2094286680221558,1.162900447845459,,16,,,
1.0054336786270142,17,,,,0,1.1842585802078247,1.0590810775756836,,17,,,
1.1713117361068726,18,,,,0,1.223071813583374,1.1868398189544678,,18,,,
1.1677870750427246,19,,,,0,1.2237789630889893,1.184584617614746,,19,,,
0.98357093334198,20,,,,0,1.167535662651062,1.0387603044509888,,20,,,
0.9778387546539307,21,,,,0,1.1659634113311768,1.0342761278152466,,21,,,
1.164536714553833,22,,,,0,1.1812762022018433,1.1695585250854492,,22,,,
0.9337303042411804,23,,,,0,1.1346355676651,0.9940018653869629,,23,,,
1.1494420766830444,24,,,,0,1.183079719543457,1.1595333814620972,,24,,,
0.9632173776626587,25,,,,0,1.135888695716858,1.0150187015533447,,25,,,
1.1869604587554932,26,,,,0,1.1875578165054321,1.187139630317688,,26,,,
1.1705055236816406,27,,,,0,1.1961420774459839,1.1781965494155884,,27,,,
0.9652191400527954,28,,,,0,1.114620566368103,1.0100395679473877,,28,,,
1.173208475112915,29,,,,0,1.1171386241912842,1.1563875675201416,,29,,,
0.9399722814559937,30,,,,0,1.1087117195129395,0.9905940890312195,,30,,,
0.9086993336677551,31,,,,0,1.0869346857070923,0.962169885635376,,31,,,
0.9430069923400879,32,,,,0,1.102970004081726,0.9909958839416504,,32,,,
0.9387611150741577,33,,,,0,1.08651864528656,0.9830883741378784,,33,,,
1.203827142715454,34,,,,0,1.1102277040481567,1.175747275352478,,34,,,
1.2391856908798218,35,,,,0,1.1274480819702148,1.2056643962860107,,35,,,
0.8848551511764526,36,,,,0,1.0384601354599,0.9309366345405579,,36,,,
0.8724769353866577,37,,,,0,1.0489568710327148,0.9254209399223328,,37,,,
1.1854541301727295,38,,,,0,1.1058272123336792,1.1615660190582275,,38,,,
0.8790726661682129,39,,,,0,1.0497045516967773,0.9302622079849243,,39,,,
0.8724194169044495,40,,,,0,1.070656418800354,0.9318904876708984,,40,,,
1.1684718132019043,41,,,,0,1.140386700630188,1.1600463390350342,,41,,,
0.8844932317733765,42,,,,0,1.054119348526001,0.9353810548782349,,42,,,
1.228156328201294,43,,,,0,1.1032785177230835,1.1906930208206177,,43,,,
1.2648332118988037,44,,,,0,1.065177083015442,1.2049363851547241,,44,,,
1.230844259262085,45,,,,0,1.0842058658599854,1.1868526935577393,,45,,,
1.2158591747283936,46,,,,0,1.0865963697433472,1.1770803928375244,,46,,,
0.847527027130127,47,,,,0,0.981641948223114,0.8877615332603455,,47,,,
1.1973414421081543,48,,,,0,1.0609824657440186,1.1564338207244873,,48,,,
0.8675311207771301,49,,,,0,0.9511458277702332,0.892615556716919,,49,,,
1.2013410329818726,50,,,,0,1.0256973505020142,1.1486479043960571,,50,,,
0.8519025444984436,51,,,,0,1.0116108655929565,0.8998150825500488,,51,,,
1.1786243915557861,52,,,,0,0.9914631843566895,1.1224761009216309,,52,,,
1.2864277362823486,53,,,,0,1.0210661888122559,1.2068192958831787,,53,,,
1.1630964279174805,54,,,,0,1.0342448949813843,1.1244409084320068,,54,,,
1.2325023412704468,55,,,,0,1.0174132585525513,1.167975664138794,,55,,,
0.8380758762359619,56,,,,0,0.9537307620048523,0.8727723360061646,,56,,,
1.1357388496398926,57,,,,0,1.02352774143219,1.1020755767822266,,57,,,
1.1271865367889404,58,,,,0,1.0402590036392212,1.1011083126068115,,58,,,
0.843479573726654,59,,,,0,0.9408752918243408,0.8726983070373535,,59,,,
0.8897975087165833,60,,,,0,0.9758508205413818,0.9156134724617004,,60,,,
0.7956944704055786,61,,,,0,0.9493155479431152,0.8417807817459106,,61,,,
0.8532334566116333,62,,,,0,0.9228591918945312,0.8741211891174316,,62,,,
1.1654863357543945,63,,,,0,0.9726030230522156,1.1076213121414185,,63,,,
0.8759729266166687,64,,,,0,0.9772496223449707,0.9063559770584106,,64,,,
0.8899635672569275,65,,,,0,0.9614203572273254,0.9114006757736206,,65,,,
1.081860899925232,66,,,,0,1.03629732131958,1.0681918859481812,,66,,,
0.8380247950553894,67,,,,0,0.907630980014801,0.858906626701355,,67,,,
1.0921454429626465,68,,,,0,0.9405079483985901,1.046654224395752,,68,,,
0.8204345703125,69,,,,0,0.939561665058136,0.8561726808547974,,69,,,
1.165846586227417,70,,,,0,0.9449607729911804,1.0995808839797974,,70,,,
1.2805901765823364,71,,,,0,1.0626988410949707,1.215222716331482,,71,,,
1.4352102279663086,72,,,,0,1.0234071016311646,1.3116693496704102,,72,,,
0.7987025380134583,73,,,,0,0.8816211819648743,0.8235781192779541,,73,,,
1.3885859251022339,74,,,,0,1.0250626802444458,1.2795289754867554,,74,,,
1.4190586805343628,75,,,,0,1.0585013628005981,1.3108915090560913,,75,,,
1.1843287944793701,76,,,,0,0.9309352040290833,1.1083106994628906,,76,,,
1.4002561569213867,77,,,,0,1.024879813194275,1.2876431941986084,,77,,,
0.7932878732681274,78,,,,0,0.8733353614807129,0.8173021078109741,,78,,,
1.3470855951309204,79,,,,0,1.0105582475662231,1.2461273670196533,,79,,,
0.8042881488800049,80,,,,0,0.8705883622169495,0.8241782188415527,,80,,,
0.8059748411178589,81,,,,0,0.8929707407951355,0.8320736289024353,,81,,,
1.1910674571990967,82,,,,0,0.9290390610694885,1.1124589443206787,,82,,,
1.1762731075286865,83,,,,0,0.9226570725440979,1.1001882553100586,,83,,,
1.3269567489624023,84,,,,0,1.0129631757736206,1.2327587604522705,,84,,,
1.050825834274292,85,,,,0,0.8706818222999573,0.996782660484314,,85,,,
0.8361995816230774,86,,,,0,0.8808570504188538,0.8495968580245972,,86,,,
1.148783802986145,87,,,,0,0.8883333802223206,1.0706486701965332,,87,,,
0.8530367612838745,88,,,,0,0.8909206390380859,0.8644019365310669,,88,,,
1.0889967679977417,89,,,,0,0.8752403855323792,1.0248699188232422,,89,,,
1.302752137184143,90,,,,0,1.0037823915481567,1.2130612134933472,,90,,,
1.0377715826034546,91,,,,0,0.908200204372406,0.9989001750946045,,91,,,
0.8421584367752075,92,,,,0,0.8901354670524597,0.8565515279769897,,92,,,
1.3441288471221924,93,,,,0,1.0040926933288574,1.242118000984192,,93,,,
0.8525055050849915,94,,,,0,0.8491865992546082,0.8515098094940186,,94,,,
1.3271905183792114,95,,,,0,0.9349086284637451,1.2095059156417847,,95,,,
1.3382235765457153,96,,,,0,1.013925552368164,1.240934133529663,,96,,,
1.34653902053833,97,,,,0,0.9788482785224915,1.236231803894043,,97,,,
0.8360307216644287,98,,,,0,0.8343421816825867,0.8355241417884827,,98,,,
1.3201041221618652,99,,,,0,0.9568533301353455,1.211128830909729,,99,,,
1.0883489847183228,100,,,,0,0.9437613487243652,1.0449726581573486,,0,,,
1.3025752305984497,101,,,,0,0.9197466969490051,1.1877267360687256,,1,,,
0.8988173007965088,102,,,,0,0.855205237865448,0.8857336640357971,,2,,,
0.8124575614929199,103,,,,0,0.79278165102005,0.8065547943115234,,3,,,
1.1069245338439941,104,,,,0,0.8800103068351746,1.0388503074645996,,4,,,
1.2990994453430176,105,,,,0,0.9045875072479248,1.1807458400726318,,5,,,
0.8640676140785217,106,,,,0,0.8506765961647034,0.8600503206253052,,6,,,
0.8520709872245789,107,,,,0,0.8022767901420593,0.8371326923370361,,7,,,
1.124218463897705,108,,,,0,0.9289314150810242,1.0656323432922363,,8,,,
1.1876862049102783,109,,,,0,0.8793439269065857,1.0951834917068481,,9,,,
0.8775713443756104,110,,,,0,0.8552236557006836,0.8708670735359192,,10,,,
1.270532488822937,111,,,,0,0.9446849822998047,1.1727782487869263,,11,,,
1.1944535970687866,112,,,,0,0.8654740452766418,1.0957597494125366,,12,,,
1.2211302518844604,113,,,,0,0.934114396572113,1.1350255012512207,,13,,,
0.8394006490707397,114,,,,0,0.8448598980903625,0.8410384654998779,,14,,,
0.9173517227172852,115,,,,0,0.7757325768470764,0.8748659491539001,,15,,,
1.2865302562713623,116,,,,0,0.90138840675354,1.1709877252578735,,16,,,
0.873586893081665,117,,,,0,0.8787859082221985,0.8751466274261475,,17,,,
0.8660624027252197,118,,,,0,0.7868531346321106,0.8422996401786804,,18,,,
1.2032227516174316,119,,,,0,0.8753555417060852,1.1048625707626343,,19,,,
0.926165759563446,120,,,,0,0.8569025993347168,0.9053868055343628,,20,,,
0.8945215344429016,121,,,,0,0.8060317635536194,0.8679746389389038,,21,,,
1.0835928916931152,122,,,,0,0.8312025666236877,1.0078758001327515,,22,,,
0.8579850196838379,123,,,,0,0.7698526382446289,0.8315452933311462,,23,,,
1.1472073793411255,124,,,,0,0.885551393032074,1.0687105655670166,,24,,,
1.205415964126587,125,,,,0,0.9069027900695801,1.1158620119094849,,25,,,
1.2226760387420654,126,,,,0,0.8370067477226257,1.1069753170013428,,26,,,
0.8104265332221985,127,,,,0,0.7799550890922546,0.8012851476669312,,27,,,
1.1491681337356567,128,,,,0,0.8324626088142395,1.0541564226150513,,28,,,
1.0683921575546265,129,,,,0,0.8686711192131042,1.0084757804870605,,29,,,
0.8564051389694214,130,,,,0,0.8087466359138489,0.8421075940132141,,30,,,
1.230417251586914,131,,,,0,0.8848339915275574,1.1267422437667847,,31,,,
1.235358476638794,132,,,,0,0.8441193699836731,1.1179866790771484,,32,,,
0.8079356551170349,133,,,,0,0.7725026607513428,0.7973057627677917,,33,,,
0.8448260426521301,134,,,,0,0.7785449624061584,0.8249416947364807,,34,,,
0.8301931619644165,135,,,,0,0.7281715273857117,0.7995866537094116,,35,,,
0.8364834785461426,136,,,,0,0.7838349938392639,0.8206889629364014,,36,,,
1.1370468139648438,137,,,,0,0.8257413506507874,1.0436551570892334,,37,,,
0.8066979646682739,138,,,,0,0.8047636151313782,0.8061176538467407,,38,,,
0.8657211661338806,139,,,,0,0.7720625400543213,0.8376235961914062,,39,,,
1.2593181133270264,140,,,,0,0.8160713315010071,1.126344084739685,,40,,,
1.0711992979049683,141,,,,0,0.8810279965400696,1.0141478776931763,,41,,,
0.7625888586044312,142,,,,0,0.75091153383255,0.7590856552124023,,42,,,
1.0669702291488647,143,,,,0,0.8789812922477722,1.0105736255645752,,43,,,
1.14139986038208,144,,,,0,0.7906206250190735,1.0361660718917847,,44,,,
1.2026090621948242,145,,,,0,0.8956543803215027,1.1105226278305054,,45,,,
0.8380910158157349,146,,,,0,0.7839650511741638,0.8218532800674438,,46,,,
1.2384955883026123,147,,,,0,0.8035888671875,1.1080235242843628,,47,,,
1.1581858396530151,148,,,,0,0.8787117004394531,1.0743436813354492,,48,,,
1.1658294200897217,149,,,,0,0.8623784184455872,1.074794054031372,,49,,,
1.1301910877227783,150,,,,0,0.838368833065033,1.0426443815231323,,50,,,
1.1436686515808105,151,,,,0,0.8689338564872742,1.0612481832504272,,51,,,
0.819700300693512,152,,,,0,0.7577081322669983,0.8011026382446289,,52,,,
1.362817645072937,153,,,,0,0.8347222208976746,1.204388976097107,,53,,,
1.0900293588638306,154,,,,0,0.8219152092933655,1.0095950365066528,,54,,,
1.145254373550415,155,,,,0,0.8521897792816162,1.0573350191116333,,55,,,
1.1119472980499268,156,,,,0,0.8453122973442078,1.0319567918777466,,56,,,
1.1867060661315918,157,,,,0,0.7870953679084778,1.06682288646698,,57,,,
1.2014474868774414,158,,,,0,0.7979682087898254,1.0804036855697632,,58,,,
1.157131314277649,159,,,,0,0.8535729050636292,1.0660637617111206,,59,,,
0.9205070734024048,160,,,,0,0.790673553943634,0.8815569877624512,,60,,,
0.8473076224327087,161,,,,0,0.7515244483947754,0.8185726404190063,,61,,,
1.1048774719238281,162,,,,0,0.8279585838317871,1.0218018293380737,,62,,,
1.126067876815796,163,,,,0,0.7946370244026184,1.0266386270523071,,63,,,
0.8981893062591553,164,,,,0,0.7364127039909363,0.849656343460083,,64,,,
0.8463289141654968,165,,,,0,0.7282688617706299,0.8109108805656433,,65,,,
1.2474308013916016,166,,,,0,0.8864224553108215,1.13912832736969,,66,,,
0.9015488624572754,167,,,,0,0.7046554684638977,0.8424808382987976,,67,,,
0.887290358543396,168,,,,0,0.7463653683662415,0.8450128436088562,,68,,,
0.8574029207229614,169,,,,0,0.7744014263153076,0.8325024843215942,,69,,,
0.9240220785140991,170,,,,0,0.8244439959526062,0.8941486477851868,,70,,,
1.0885770320892334,171,,,,0,0.7834292054176331,0.997032642364502,,71,,,
0.921730637550354,172,,,,0,0.8226150870323181,0.8919960260391235,,72,,,
0.8767152428627014,173,,,,0,0.7359540462493896,0.8344869017601013,,73,,,
1.0678777694702148,174,,,,0,0.8175992965698242,0.9927942156791687,,74,,,
1.0560768842697144,175,,,,0,0.8219590187072754,0.9858415126800537,,75,,,
1.129245638847351,176,,,,0,0.8215672969818115,1.0369421243667603,,76,,,
1.250335454940796,177,,,,0,0.8151936531066895,1.1197929382324219,,77,,,
1.0648571252822876,178,,,,0,0.7938273549079895,0.9835481643676758,,78,,,
1.2945125102996826,179,,,,0,0.8067877292633057,1.1481950283050537,,79,,,
1.071257472038269,180,,,,0,0.8243589401245117,0.9971878528594971,,80,,,
0.9104328155517578,181,,,,0,0.7293950915336609,0.8561214804649353,,81,,,
1.0844687223434448,182,,,,0,0.7960341572761536,0.997938334941864,,82,,,
1.1290419101715088,183,,,,0,0.78495854139328,1.0258169174194336,,83,,,
1.1224526166915894,184,,,,0,0.8344230651855469,1.0360437631607056,,84,,,
0.8599730134010315,185,,,,0,0.7246120572090149,0.8193647265434265,,85,,,
0.9744831323623657,186,,,,0,0.7899384498596191,0.9191197156906128,,86,,,
0.9572087526321411,187,,,,0,0.834505558013916,0.9203977584838867,,87,,,
0.8651673793792725,188,,,,0,0.687952995300293,0.8120030760765076,,88,,,
1.2471354007720947,189,,,,0,0.7946500182151794,1.1113897562026978,,89,,,
1.0364973545074463,190,,,,0,0.8054549098014832,0.9671846628189087,,90,,,
1.0187404155731201,191,,,,0,0.7908616662025452,0.9503767490386963,,91,,,
0.9050370454788208,192,,,,0,0.7153931260108948,0.8481438755989075,,92,,,
0.9806376695632935,193,,,,0,0.7533536553382874,0.9124524593353271,,93,,,
1.0805673599243164,194,,,,0,0.8159192204475403,1.0011729001998901,,94,,,
0.898967981338501,195,,,,0,0.7474982142448425,0.8535270690917969,,95,,,
1.2696967124938965,196,,,,0,0.7927442193031311,1.1266109943389893,,96,,,
1.082844614982605,197,,,,0,0.7879160046577454,0.9943659901618958,,97,,,
1.0581048727035522,198,,,,0,0.758558452129364,0.9682409763336182,,98,,,
0.9783635139465332,199,,,,0,0.7669703364372253,0.9149455428123474,,99,,,
0.9865189790725708,200,,,,0,0.753838062286377,0.9167146682739258,,0,,,
1.3029974699020386,201,,,,0,0.7802373766899109,1.1461694240570068,,1,,,
0.9606255888938904,202,,,,0,0.7259588837623596,0.8902255892753601,,2,,,
0.9122738242149353,203,,,,0,0.7684764862060547,0.8691346049308777,,3,,,
0.9726576805114746,204,,,,0,0.7872085571289062,0.9170229434967041,,4,,,
0.9388612508773804,205,,,,0,0.761418342590332,0.885628342628479,,5,,,
0.9720436334609985,206,,,,0,0.7305894494056702,0.8996073603630066,,6,,,
0.9510165452957153,207,,,,0,0.7256733775138855,0.8834136128425598,,7,,,
1.131955623626709,208,,,,0,0.7872157692909241,1.028533697128296,,8,,,
1.004371166229248,209,,,,0,0.6935494542121887,0.9111246466636658,,9,,,
0.9997864961624146,210,,,,0,0.7380921840667725,0.9212782382965088,,10,,,
0.916793704032898,211,,,,0,0.7355344891548157,0.8624159097671509,,11,,,
0.9794126152992249,212,,,,0,0.7761104702949524,0.9184219837188721,,12,,,
0.9509477615356445,213,,,,0,0.7019005417823792,0.8762335777282715,,13,,,
0.9971758127212524,214,,,,0,0.7632911801338196,0.9270104169845581,,14,,,
0.858098030090332,215,,,,0,0.7364547252655029,0.8216050267219543,,15,,,
1.0161962509155273,216,,,,0,0.7818647027015686,0.9458968043327332,,16,,,
0.96148681640625,217,,,,0,0.7217091917991638,0.8895535469055176,,17,,,
1.0088539123535156,218,,,,0,0.7601278424263,0.9342361092567444,,18,,,
0.9003965854644775,219,,,,0,0.7563064098358154,0.857169508934021,,19,,,
1.1359974145889282,220,,,,0,0.7633278965950012,1.0241966247558594,,20,,,
1.1174180507659912,221,,,,0,0.7734425067901611,1.0142253637313843,,21,,,
0.9568876028060913,222,,,,0,0.7870068550109863,0.9059233665466309,,22,,,
0.8579202890396118,223,,,,0,0.7804486751556396,0.8346788287162781,,23,,,
1.0275554656982422,224,,,,0,0.7979793548583984,0.958682656288147,,24,,,
0.8612362146377563,225,,,,0,0.6748211979866028,0.8053116798400879,,25,,,
0.9081912636756897,226,,,,0,0.7736683487892151,0.8678344488143921,,26,,,
0.9305927753448486,227,,,,0,0.7257277369499207,0.8691332340240479,,27,,,
0.9424207210540771,228,,,,0,0.75737065076828,0.8869056701660156,,28,,,
1.091387391090393,229,,,,0,0.7920954823493958,1.0015997886657715,,29,,,
0.8096524477005005,230,,,,0,0.7410692572593689,0.7890775203704834,,30,,,
1.4155659675598145,231,,,,0,0.824853241443634,1.2383521795272827,,31,,,
1.012667179107666,232,,,,0,0.7669329643249512,0.9389469027519226,,32,,,
0.8830535411834717,233,,,,0,0.7322254180908203,0.8378050923347473,,33,,,
0.9015122652053833,234,,,,0,0.7443030476570129,0.8543494939804077,,34,,,
0.9623108506202698,235,,,,0,0.7347471714019775,0.8940417766571045,,35,,,
1.0099902153015137,236,,,,0,0.7676565647125244,0.9372901320457458,,36,,,
1.0522443056106567,237,,,,0,0.8193654417991638,0.9823806285858154,,37,,,
1.4544941186904907,238,,,,0,0.833137035369873,1.2680870294570923,,38,,,
0.8981139063835144,239,,,,0,0.7445058822631836,0.8520315289497375,,39,,,
0.802086591720581,240,,,,0,0.6987674236297607,0.7710908651351929,,40,,,
1.0730159282684326,241,,,,0,0.8205346465110779,0.9972715377807617,,41,,,
1.1092567443847656,242,,,,0,0.7935011386871338,1.014530062675476,,42,,,
0.8054476976394653,243,,,,0,0.7273395657539368,0.7820152640342712,,43,,,
0.9868375062942505,244,,,,0,0.770668089389801,0.9219866991043091,,44,,,
1.0136101245880127,245,,,,0,0.7252578735351562,0.9271044731140137,,45,,,
1.1031708717346191,246,,,,0,0.8234171867370605,1.0192447900772095,,46,,,
0.9444377422332764,247,,,,0,0.7893953323364258,0.8979250192642212,,47,,,
0.9067916870117188,248,,,,0,0.7076430916786194,0.8470470905303955,,48,,,
0.8837212920188904,249,,,,0,0.7203655242919922,0.8347145318984985,,49,,,
0.8446037173271179,250,,,,0,0.7310834527015686,0.8105476498603821,,50,,,
0.9341107606887817,251,,,,0,0.8087310791015625,0.8964968323707581,,51,,,
0.8300970196723938,252,,,,0,0.701977550983429,0.7916612029075623,,52,,,
0.9783881306648254,253,,,,0,0.7432770133018494,0.9078547954559326,,53,,,
0.7162649631500244,254,,,,0,0.6909525394439697,0.7086712121963501,,54,,,
1.0539121627807617,255,,,,0,0.8124526143074036,0.9814742803573608,,55,,,
0.935055136680603,256,,,,0,0.7914920449256897,0.8919861912727356,,56,,,
1.0780686140060425,257,,,,0,0.7934135794639587,0.9926720857620239,,57,,,
0.8659828901290894,258,,,,0,0.8326483368873596,0.8559825420379639,,58,,,
0.9429737329483032,259,,,,0,0.71114182472229,0.8734241724014282,,59,,,
0.7980955839157104,260,,,,0,0.702486515045166,0.7694128751754761,,60,,,
0.9052072763442993,261,,,,0,0.7101984024047852,0.8467046022415161,,61,,,
1.0497722625732422,262,,,,0,0.7931795120239258,0.9727944135665894,,62,,,
1.0148719549179077,263,,,,0,0.8129119277000427,0.9542839527130127,,63,,,
0.8064541816711426,264,,,,0,0.7253842353820801,0.7821332216262817,,64,,,
0.8909850716590881,265,,,,0,0.8833189010620117,0.8886852264404297,,65,,,
0.9165836572647095,266,,,,0,0.6917381882667542,0.8491300344467163,,66,,,
0.8807146549224854,267,,,,0,0.7926943898200989,0.8543086051940918,,67,,,
,,,,,0,,,,68,0.9924769401550293,0.5526315569877625,0.9165991544723511
0.7659314274787903,0,,,,1,0.6995508074760437,0.7460172772407532,,69,,,
1.4807703495025635,1,,,,1,0.8813192844390869,1.3009350299835205,,70,,,
0.76380455493927,2,,,,1,0.6915891170501709,0.7421399354934692,,71,,,
0.9486793279647827,3,,,,1,0.7808571457862854,0.8983326554298401,,72,,,
0.846689760684967,4,,,,1,0.7839300036430359,0.8278618454933167,,73,,,
0.8747970461845398,5,,,,1,0.7747970223426819,0.8447970151901245,,74,,,
0.815669059753418,6,,,,1,0.8069231510162354,0.8130452632904053,,75,,,
0.7984207272529602,7,,,,1,0.8311479091644287,0.8082388639450073,,76,,,
1.4204950332641602,8,,,,1,0.9243666529655457,1.2716565132141113,,77,,,
1.581204891204834,9,,,,1,0.8641604781150818,1.3660914897918701,,78,,,
0.9238097667694092,10,,,,1,0.8318472504615784,0.8962210416793823,,79,,,
1.001430869102478,11,,,,1,0.8160986304283142,0.9458311796188354,,80,,,
0.7182239294052124,12,,,,1,0.7036213278770447,0.7138431072235107,,81,,,
0.8093501329421997,13,,,,1,0.7542449831962585,0.792818546295166,,82,,,
0.7414687871932983,14,,,,1,0.7426943182945251,0.741836428642273,,83,,,
0.7967921495437622,15,,,,1,0.6994133591651917,0.7675785422325134,,84,,,
1.3573694229125977,16,,,,1,0.8960296511650085,1.2189674377441406,,85,,,
0.944119930267334,17,,,,1,0.8183707594871521,0.9063951969146729,,86,,,
1.0572489500045776,18,,,,1,0.795997142791748,0.9788734316825867,,87,,,
0.8493447303771973,19,,,,1,0.7421649098396301,0.8171907663345337,,88,,,
0.7473201155662537,20,,,,1,0.7142180800437927,0.7373895645141602,,89,,,
0.8040390014648438,21,,,,1,0.7897956967353821,0.7997660040855408,,90,,,
0.9429961442947388,22,,,,1,0.7881608605384827,0.8965455889701843,,91,,,
0.7748751640319824,23,,,,1,0.7458598613739014,0.7661705613136292,,92,,,
0.8537986278533936,24,,,,1,0.7319809794425964,0.8172533512115479,,93,,,
1.3586927652359009,25,,,,1,0.8325727581977844,1.2008566856384277,,94,,,
0.7869776487350464,26,,,,1,0.7072670459747314,0.7630645036697388,,95,,,
0.851305365562439,27,,,,1,0.7334213256835938,0.8159401416778564,,96,,,
0.9835835695266724,28,,,,1,0.8107433319091797,0.9317315220832825,,97,,,
0.9539183378219604,29,,,,1,0.7543304562568665,0.8940420150756836,,98,,,
0.911288321018219,30,,,,1,0.767615020275116,0.868186354637146,,99,,,
0.9497393369674683,31,,,,1,0.7632794976234436,0.8938013911247253,,0,,,
0.784259557723999,32,,,,1,0.6812748312950134,0.7533641457557678,,1,,,
1.0488204956054688,33,,,,1,0.7838947176933289,0.9693427085876465,,2,,,
0.7807793021202087,34,,,,1,0.6929728984832764,0.7544373869895935,,3,,,
0.8826169967651367,35,,,,1,0.8104121685028076,0.860955536365509,,4,,,
0.7289480566978455,36,,,,1,0.7469752430915833,0.7343562245368958,,5,,,
0.880428671836853,37,,,,1,0.7046292424201965,0.8276888132095337,,6,,,
0.803835928440094,38,,,,1,0.7281321883201599,0.7811248302459717,,7,,,
0.9575918316841125,39,,,,1,0.7155868411064148,0.8849903345108032,,8,,,
1.462423324584961,40,,,,1,0.8223760724067688,1.270409107208252,,9,,,
0.9387181997299194,41,,,,1,0.7275352478027344,0.875363290309906,,10,,,
0.8251726627349854,42,,,,1,0.7210426330566406,0.793933629989624,,11,,,
0.844946563243866,43,,,,1,0.8314984440803528,0.8409121632575989,,12,,,
0.8944592475891113,44,,,,1,0.7376877665519714,0.8474277853965759,,13,,,
0.9165424704551697,45,,,,1,0.7632200717926025,0.8705457448959351,,14,,,
0.9592196345329285,46,,,,1,0.8058058619499207,0.9131954908370972,,15,,,
1.599147081375122,47,,,,1,0.9090280532836914,1.3921113014221191,,16,,,
0.8620398044586182,48,,,,1,0.7792642712593079,0.8372071385383606,,17,,,
0.9585009813308716,49,,,,1,0.8008866310119629,0.9112166166305542,,18,,,
0.7840158939361572,50,,,,1,0.6886054873466492,0.7553927898406982,,19,,,
0.8164102435112,51,,,,1,0.7623210549354553,0.8001835346221924,,20,,,
0.936102569103241,52,,,,1,0.6428260207176208,0.8481196165084839,,21,,,
0.7889946699142456,53,,,,1,0.699547529220581,0.7621605396270752,,22,,,
0.7926779985427856,54,,,,1,0.7230876088142395,0.7718008756637573,,23,,,
0.7683630585670471,55,,,,1,0.7699437737464905,0.7688372731208801,,24,,,
1.069915533065796,56,,,,1,0.8191973567008972,0.9947000741958618,,25,,,
0.8479553461074829,57,,,,1,0.7982690930366516,0.833049476146698,,26,,,
0.9446954727172852,58,,,,1,0.7560181021690369,0.8880922794342041,,27,,,
1.1175835132598877,59,,,,1,0.7755072712898254,1.0149606466293335,,28,,,
0.7228184342384338,60,,,,1,0.6989400386810303,0.7156549692153931,,29,,,
0.8077554702758789,61,,,,1,0.7607989311218262,0.7936685085296631,,30,,,
0.9077879786491394,62,,,,1,0.7800297737121582,0.8694604635238647,,31,,,
0.862501859664917,63,,,,1,0.6974405646324158,0.812983512878418,,32,,,
0.7910364866256714,64,,,,1,0.6804595589637756,0.7578634023666382,,33,,,
0.555591344833374,65,,,,1,0.6868202090263367,0.5949599742889404,,34,,,
0.8659360408782959,66,,,,1,0.6930767893791199,0.8140782713890076,,35,,,
1.0706180334091187,67,,,,1,0.7047712206840515,0.9608640074729919,,36,,,
0.758929431438446,68,,,,1,0.6644579768180847,0.7305880188941956,,37,,,
1.0392754077911377,69,,,,1,0.6981602311134338,0.9369408488273621,,38,,,
0.6571944952011108,70,,,,1,0.6803742051124573,0.6641483902931213,,39,,,
0.674048662185669,71,,,,1,0.6512365341186523,0.6672050356864929,,40,,,
0.888725221157074,72,,,,1,0.6375808119773865,0.8133819103240967,,41,,,
1.3135700225830078,73,,,,1,0.8054022192955017,1.1611196994781494,,42,,,
0.7156515121459961,74,,,,1,0.6630709767341614,0.6998773813247681,,43,,,
0.5445879697799683,75,,,,1,0.6731182932853699,0.5831470489501953,,44,,,
0.9481441974639893,76,,,,1,0.7255721688270569,0.8813725709915161,,45,,,
0.9327190518379211,77,,,,1,0.6643187403678894,0.8521989583969116,,46,,,
1.2396832704544067,78,,,,1,0.7647119164466858,1.0971919298171997,,47,,,
1.235283613204956,79,,,,1,0.748485267162323,1.0892441272735596,,48,,,
0.7266021966934204,80,,,,1,0.6515756249427795,0.7040942311286926,,49,,,
0.7925035953521729,81,,,,1,0.7544757723808289,0.7810952663421631,,50,,,
0.7196763753890991,82,,,,1,0.6267107129096985,0.6917866468429565,,51,,,
0.7344403862953186,83,,,,1,0.6709696650505066,0.7153991460800171,,52,,,
0.9407401084899902,84,,,,1,0.776092529296875,0.8913458585739136,,53,,,
0.9826804399490356,85,,,,1,0.7293712496757507,0.9066876769065857,,54,,,
0.8762929439544678,86,,,,1,0.7637290358543396,0.8425237536430359,,55,,,
0.7497431039810181,87,,,,1,0.6507144570350647,0.7200344800949097,,56,,,
1.138230323791504,88,,,,1,0.7549389004707336,1.0232429504394531,,57,,,
1.088282585144043,89,,,,1,0.7635664343833923,0.9908677339553833,,58,,,
0.6572834253311157,90,,,,1,0.6439691781997681,0.6532891392707825,,59,,,
1.297910213470459,91,,,,1,0.8217546343803406,1.155063509941101,,60,,,
0.8383820652961731,92,,,,1,0.6363014578819275,0.7777578830718994,,61,,,
1.1159722805023193,93,,,,1,0.7869485020637512,1.0172650814056396,,62,,,
1.326730728149414,94,,,,1,0.7533289790153503,1.1547101736068726,,63,,,
1.2821100950241089,95,,,,1,0.7352548241615295,1.1180534362792969,,64,,,
0.5426060557365417,96,,,,1,0.6104397177696228,0.5629561543464661,,65,,,
0.7851012349128723,97,,,,1,0.6847198605537415,0.7549868226051331,,66,,,
0.6347079277038574,98,,,,1,0.6127419471740723,0.6281181573867798,,67,,,
0.7594102621078491,99,,,,1,0.6608536243438721,0.729843258857727,,68,,,
0.6515864729881287,100,,,,1,0.6428366303443909,0.6489615440368652,,69,,,
0.5330109000205994,101,,,,1,0.6031992435455322,0.5540673732757568,,70,,,
0.9496687650680542,102,,,,1,0.7669670581817627,0.8948582410812378,,71,,,
1.2660653591156006,103,,,,1,0.7699200510978699,1.117221713066101,,72,,,
1.1445586681365967,104,,,,1,0.779547929763794,1.03505539894104,,73,,,
0.7119802236557007,105,,,,1,0.724890410900116,0.7158532738685608,,74,,,
1.267632246017456,106,,,,1,0.7804498672485352,1.1214776039123535,,75,,,
1.3610862493515015,107,,,,1,0.878467857837677,1.2163007259368896,,76,,,
0.6122128963470459,108,,,,1,0.6412693858146667,0.6209298372268677,,77,,,
1.1490492820739746,109,,,,1,0.7628743052482605,1.0331968069076538,,78,,,
1.2360000610351562,110,,,,1,0.7827997207641602,1.1000399589538574,,79,,,
0.48643267154693604,111,,,,1,0.6740062236785889,0.542704701423645,,80,,,
0.9030205011367798,112,,,,1,0.7226347923278809,0.8489047884941101,,81,,,
0.6688368320465088,113,,,,1,0.6523271203041077,0.6638839244842529,,82,,,
0.9904705286026001,114,,,,1,0.8082844614982605,0.9358146786689758,,83,,,
0.7185518741607666,115,,,,1,0.6457931399345398,0.6967242956161499,,84,,,
0.7035267949104309,116,,,,1,0.6595351099967957,0.6903293132781982,,85,,,
0.6456416249275208,117,,,,1,0.613955557346344,0.6361358165740967,,86,,,
1.7198023796081543,118,,,,1,0.9466802477836609,1.487865686416626,,87,,,
0.7163522243499756,119,,,,1,0.6305381655693054,0.690608024597168,,88,,,
0.717324435710907,120,,,,1,0.6235973238945007,0.6892063021659851,,89,,,
1.113474726676941,121,,,,1,0.7749724388122559,1.0119240283966064,,90,,,
1.4954395294189453,122,,,,1,0.8392007946968079,1.2985678911209106,,91,,,
1.1613788604736328,123,,,,1,0.7622397541999817,1.0416371822357178,,92,,,
0.8919899463653564,124,,,,1,0.8457621932029724,0.8781216144561768,,93,,,
1.0848145484924316,125,,,,1,0.7625448703765869,0.9881336092948914,,94,,,
1.2223519086837769,126,,,,1,0.7733604907989502,1.0876544713974,,95,,,
0.6829348802566528,127,,,,1,0.6365464329719543,0.6690183281898499,,96,,,
0.7466082572937012,128,,,,1,0.6482287049293518,0.717094361782074,,97,,,
0.9511793851852417,129,,,,1,0.7484889030456543,0.8903722167015076,,98,,,
0.913264274597168,130,,,,1,0.7264184951782227,0.8572105169296265,,99,,,
1.7244038581848145,131,,,,1,0.9239451885223389,1.4842661619186401,,0,,,
0.9666255712509155,132,,,,1,0.7552319169044495,0.9032074809074402,,1,,,
0.6770782470703125,133,,,,1,0.6507676243782043,0.6691850423812866,,2,,,
1.1019506454467773,134,,,,1,0.7076773643493652,0.9836686849594116,,3,,,
0.6874732971191406,135,,,,1,0.6949881911277771,0.689727783203125,,4,,,
0.9861743450164795,136,,,,1,0.8205195069313049,0.9364778995513916,,5,,,
0.6925417184829712,137,,,,1,0.7734190821647644,0.7168049216270447,,6,,,
0.9290421009063721,138,,,,1,0.7059621810913086,0.862118124961853,,7,,,
0.6380121111869812,139,,,,1,0.6913439631462097,0.6540116667747498,,8,,,
1.7068390846252441,140,,,,1,0.8766581416130066,1.45778489112854,,9,,,
0.959252119064331,141,,,,1,0.7143732905387878,0.8857885003089905,,10,,,
0.7205448746681213,142,,,,1,0.6604071259498596,0.7025035619735718,,11,,,
0.8407937288284302,143,,,,1,0.8280355930328369,0.8369662761688232,,12,,,
0.8717632293701172,144,,,,1,0.6758873462677002,0.8130004405975342,,13,,,
0.7435756921768188,145,,,,1,0.7709019184112549,0.7517735958099365,,14,,,
0.8295994997024536,146,,,,1,0.6724212765693665,0.782446026802063,,15,,,
0.8257350921630859,147,,,,1,0.6300215721130371,0.7670210599899292,,16,,,
0.89789217710495,148,,,,1,0.6585521101951599,0.8260902166366577,,17,,,
0.6243044137954712,149,,,,1,0.7203145027160645,0.6531074643135071,,18,,,
0.7835657596588135,150,,,,1,0.7413015365600586,0.7708864808082581,,19,,,
0.9623506665229797,151,,,,1,0.7039571404457092,0.8848326206207275,,20,,,
0.7643101811408997,152,,,,1,0.6169080138206482,0.7200895547866821,,21,,,
0.8005195260047913,153,,,,1,0.7372484803199768,0.781538188457489,,22,,,
0.9839709401130676,154,,,,1,0.8240230679512024,0.9359865784645081,,23,,,
0.6968551278114319,155,,,,1,0.6168015599250793,0.6728390455245972,,24,,,
0.862342119216919,156,,,,1,0.6786807179450989,0.8072437047958374,,25,,,
0.946587085723877,157,,,,1,0.7500187754631042,0.8876165747642517,,26,,,
0.6712684631347656,158,,,,1,0.6845783591270447,0.6752614378929138,,27,,,
1.1974668502807617,159,,,,1,0.8724352717399597,1.0999573469161987,,28,,,
0.8930266499519348,160,,,,1,0.6815447807312012,0.8295820951461792,,29,,,
0.8134791851043701,161,,,,1,0.6812297701835632,0.7738043665885925,,30,,,
0.9670956134796143,162,,,,1,0.7554081082344055,0.9035893678665161,,31,,,
0.6309635043144226,163,,,,1,0.6447835564613342,0.635109543800354,,32,,,
0.9756450653076172,164,,,,1,0.7318387627601624,0.9025031328201294,,33,,,
0.7374870181083679,165,,,,1,0.6555005311965942,0.7128910422325134,,34,,,
0.8733915090560913,166,,,,1,0.6774491667747498,0.8146088123321533,,35,,,
1.4040589332580566,167,,,,1,0.8133720755577087,1.2268528938293457,,36,,,
0.7005055546760559,168,,,,1,0.6159175038337708,0.6751291751861572,,37,,,
0.6969242095947266,169,,,,1,0.7213996052742004,0.7042668461799622,,38,,,
0.8169534802436829,170,,,,1,0.8463594317436218,0.8257752656936646,,39,,,
0.9817402362823486,171,,,,1,0.7320952415466309,0.9068467020988464,,40,,,
0.6662203073501587,172,,,,1,0.6494851112365723,0.6611997485160828,,41,,,
0.5445676445960999,173,,,,1,0.6556944251060486,0.5779056549072266,,42,,,
0.855440616607666,174,,,,1,0.645277738571167,0.7923917174339294,,43,,,
0.781173586845398,175,,,,1,0.7061415314674377,0.7586639523506165,,44,,,
0.946342945098877,176,,,,1,0.7436226010322571,0.8855268359184265,,45,,,
0.870818555355072,177,,,,1,0.753920316696167,0.835749089717865,,46,,,
0.7318983674049377,178,,,,1,0.7425604462623596,0.7350969910621643,,47,,,
0.9809505939483643,179,,,,1,0.6589422225952148,0.8843480944633484,,48,,,
0.8262552618980408,180,,,,1,0.6513878703117371,0.7737950682640076,,49,,,
1.0420701503753662,181,,,,1,0.8668132424354553,0.9894930720329285,,50,,,
0.7352073192596436,182,,,,1,0.6657553315162659,0.7143716812133789,,51,,,
0.8315795660018921,183,,,,1,0.7535948157310486,0.8081841468811035,,52,,,
1.5669255256652832,184,,,,1,0.8833463191986084,1.3618518114089966,,53,,,
1.1465998888015747,185,,,,1,0.8694345951080322,1.0634503364562988,,54,,,
0.3129630386829376,186,,,,1,0.6557648777961731,0.41580361127853394,,55,,,
0.7258371710777283,187,,,,1,0.6808620095252991,0.7123446464538574,,56,,,
0.900351345539093,188,,,,1,0.7376539707183838,0.8515421152114868,,57,,,
1.1658196449279785,189,,,,1,0.7364498972892761,1.0370086431503296,,58,,,
0.9122464656829834,190,,,,1,0.6819120049476624,0.8431461453437805,,59,,,
1.7282216548919678,191,,,,1,0.883650004863739,1.4748501777648926,,60,,,
0.695563018321991,192,,,,1,0.6986474394798279,0.6964883208274841,,61,,,
0.910276472568512,193,,,,1,0.6802619099617004,0.8412721157073975,,62,,,
1.0608576536178589,194,,,,1,0.8049964904785156,0.984099268913269,,63,,,
0.5190317630767822,195,,,,1,0.6699817180633545,0.5643167495727539,,64,,,
0.9998420476913452,196,,,,1,0.7002579569816589,0.9099668264389038,,65,,,
0.8636015057563782,197,,,,1,0.7078477740287781,0.8168753981590271,,66,,,
0.7640892267227173,198,,,,1,0.8048555254936218,0.776319146156311,,67,,,
0.69688481092453,199,,,,1,0.6657406687736511,0.6875416040420532,,68,,,
0.4974888861179352,200,,,,1,0.6571143269538879,0.5453765392303467,,69,,,
0.665858268737793,201,,,,1,0.6285961270332336,0.6546796560287476,,70,,,
1.7018458843231201,202,,,,1,0.9003562331199646,1.461398959159851,,71,,,
0.8722224235534668,203,,,,1,0.6235962510108948,0.7976346015930176,,72,,,
1.288348913192749,204,,,,1,0.8662224411964417,1.1617109775543213,,73,,,
0.6289381980895996,205,,,,1,0.6299391388893127,0.629238486289978,,74,,,
0.9646895527839661,206,,,,1,0.6705164909362793,0.8764376044273376,,75,,,
0.9151585698127747,207,,,,1,0.6500982642173767,0.8356404900550842,,76,,,
0.9511173963546753,208,,,,1,0.7703938484191895,0.8969002962112427,,77,,,
0.899773120880127,209,,,,1,0.7217869162559509,0.8463772535324097,,78,,,
0.9768251180648804,210,,,,1,0.7359022498130798,0.9045482873916626,,79,,,
0.9172692894935608,211,,,,1,0.6397008895874023,0.8339987397193909,,80,,,
0.7791576981544495,212,,,,1,0.6498288512229919,0.7403590679168701,,81,,,
1.0518914461135864,213,,,,1,0.6715307235717773,0.9377832412719727,,82,,,
0.7080039381980896,214,,,,1,0.7829402089118958,0.7304848432540894,,83,,,
0.5149275064468384,215,,,,1,0.6528387069702148,0.5563008785247803,,84,,,
1.0168282985687256,216,,,,1,0.7147623896598816,0.92620849609375,,85,,,
0.9438039064407349,217,,,,1,0.6838007569313049,0.8658029437065125,,86,,,
1.2506458759307861,218,,,,1,0.7782450318336487,1.1089255809783936,,87,,,
0.6212315559387207,219,,,,1,0.671245276927948,0.6362356543540955,,88,,,
0.9256054759025574,220,,,,1,0.8059899806976318,0.8897207975387573,,89,,,
0.6936252117156982,221,,,,1,0.6672587394714355,0.6857152581214905,,90,,,
1.2469587326049805,222,,,,1,0.7446157336235046,1.0962557792663574,,91,,,
0.9319500923156738,223,,,,1,0.6940351128578186,0.8605755567550659,,92,,,
0.7831761240959167,224,,,,1,0.663091242313385,0.7471506595611572,,93,,,
0.674730122089386,225,,,,1,0.6504993438720703,0.6674609184265137,,94,,,
0.6389406323432922,226,,,,1,0.6060971021652222,0.6290875673294067,,95,,,
0.8819335699081421,227,,,,1,0.6193839907646179,0.8031687140464783,,96,,,
0.8042991161346436,228,,,,1,0.6835370659828186,0.7680705189704895,,97,,,
0.8122882843017578,229,,,,1,0.6308109760284424,0.7578451037406921,,98,,,
0.6374766826629639,230,,,,1,0.7481923699378967,0.6706913709640503,,99,,,
0.6666854619979858,231,,,,1,0.7031755447387695,0.6776324510574341,,0,,,
0.6477501392364502,232,,,,1,0.6280484795570374,0.6418396234512329,,1,,,
0.6273068785667419,233,,,,1,0.6356204748153687,0.6298009753227234,,2,,,
0.6885370016098022,234,,,,1,0.6195694804191589,0.6678467392921448,,3,,,
1.111469030380249,235,,,,1,0.7476142048835754,1.0023125410079956,,4,,,
1.0424219369888306,236,,,,1,0.8510565161705017,0.9850122928619385,,5,,,
1.2279444932937622,237,,,,1,0.911838710308075,1.1331127882003784,,6,,,
0.7366584539413452,238,,,,1,0.6367936730384827,0.706699013710022,,7,,,
1.8010481595993042,239,,,,1,0.9217391610145569,1.5372555255889893,,8,,,
0.7911848425865173,240,,,,1,0.6814033389091492,0.75825035572052,,9,,,
0.4793599843978882,241,,,,1,0.6415091156959534,0.5280047059059143,,10,,,
0.7224061489105225,242,,,,1,0.7391250729560852,0.7274218797683716,,11,,,
0.7547643780708313,243,,,,1,0.6622481346130371,0.7270094752311707,,12,,,
0.7047474980354309,244,,,,1,0.8739692568778992,0.7555140256881714,,13,,,
0.735312819480896,245,,,,1,0.6104287505149841,0.6978476047515869,,14,,,
0.8431740403175354,246,,,,1,0.6442269086837769,0.7834898829460144,,15,,,
0.968119204044342,247,,,,1,0.7829272150993347,0.9125615954399109,,16,,,
0.7724831104278564,248,,,,1,0.6410214304924011,0.7330446243286133,,17,,,
0.7679682970046997,249,,,,1,0.6361530423164368,0.7284237146377563,,18,,,
0.46745550632476807,250,,,,1,0.5546438097953796,0.49361199140548706,,19,,,
0.6207088828086853,251,,,,1,0.5622839331626892,0.6031814217567444,,20,,,
0.7020635008811951,252,,,,1,0.7093839049339294,0.7042596340179443,,21,,,
0.8958038687705994,253,,,,1,0.7742934226989746,0.8593506813049316,,22,,,
1.3878185749053955,254,,,,1,0.7654671669006348,1.2011131048202515,,23,,,
0.7156217694282532,255,,,,1,0.7076846957206726,0.7132406830787659,,24,,,
0.7260703444480896,256,,,,1,0.6432845592498779,0.7012345790863037,,25,,,
0.560499906539917,257,,,,1,0.6525769829750061,0.5881230235099792,,26,,,
0.5113606452941895,258,,,,1,0.6561881899833679,0.5548089146614075,,27,,,
0.6410462260246277,259,,,,1,0.6127569079399109,0.6325594186782837,,28,,,
0.5496811866760254,260,,,,1,0.6492249369621277,0.5795443058013916,,29,,,
0.7522690296173096,261,,,,1,0.6446637511253357,0.7199874520301819,,30,,,
0.4672563672065735,262,,,,1,0.5932560563087463,0.5050562620162964,,31,,,
1.0564392805099487,263,,,,1,0.653869092464447,0.9356682300567627,,32,,,
0.7387494444847107,264,,,,1,0.6207399964332581,0.7033466100692749,,33,,,
0.4955258369445801,265,,,,1,0.6531876921653748,0.542824387550354,,34,,,
0.7127888202667236,266,,,,1,0.6192774176597595,0.6847354173660278,,35,,,
1.7690932750701904,267,,,,1,0.9344115257263184,1.5186887979507446,,36,,,
,,,,,1,,,,37,0.8436835408210754,0.7631579041481018,0.780489444732666
0.5633417367935181,0,,,,2,0.6143038272857666,0.5786303281784058,,38,,,
0.6460829377174377,1,,,,2,0.6189510822296143,0.6379433870315552,,39,,,
0.5678744316101074,2,,,,2,0.6281039714813232,0.585943341255188,,40,,,
0.7865894436836243,3,,,,2,0.6961435675621033,0.759455680847168,,41,,,
0.7877450585365295,4,,,,2,0.6826110482215881,0.7562048435211182,,42,,,
1.3292078971862793,5,,,,2,0.7921571135520935,1.1680926084518433,,43,,,
0.4940955638885498,6,,,,2,0.5379198789596558,0.5072428584098816,,44,,,
1.098954200744629,7,,,,2,0.7215752601623535,0.9857404828071594,,45,,,
1.4395835399627686,8,,,,2,0.769642174243927,1.2386010885238647,,46,,,
0.5795058012008667,9,,,,2,0.551304042339325,0.5710452795028687,,47,,,
0.6277909874916077,10,,,,2,0.7103021144866943,0.6525443196296692,,48,,,
0.6015108227729797,11,,,,2,0.6729233860969543,0.6229345798492432,,49,,,
1.097038745880127,12,,,,2,0.7576392292976379,0.9952188730239868,,50,,,
0.44633913040161133,13,,,,2,0.562786877155304,0.48127347230911255,,51,,,
0.5573758482933044,14,,,,2,0.5701515078544617,0.5612085461616516,,52,,,
0.5179222226142883,15,,,,2,0.54692143201828,0.5266219973564148,,53,,,
1.3006579875946045,16,,,,2,0.8328139185905457,1.1603047847747803,,54,,,
1.7373270988464355,17,,,,2,0.9480121731758118,1.500532627105713,,55,,,
0.7102288007736206,18,,,,2,0.568978488445282,0.6678537130355835,,56,,,
0.48371535539627075,19,,,,2,0.5339825749397278,0.4987955391407013,,57,,,
1.1132121086120605,20,,,,2,0.7915156483650208,1.0167031288146973,,58,,,
0.3803384006023407,21,,,,2,0.5372178554534912,0.42740222811698914,,59,,,
0.4803144931793213,22,,,,2,0.5476487278938293,0.5005147457122803,,60,,,
0.6971583962440491,23,,,,2,0.6683291792869568,0.6885096430778503,,61,,,
0.8648816347122192,24,,,,2,0.7550077438354492,0.8319194316864014,,62,,,
0.49392229318618774,25,,,,2,0.6534519791603088,0.5417811870574951,,63,,,
0.5141301155090332,26,,,,2,0.6285287737846375,0.5484497547149658,,64,,,
0.4653738737106323,27,,,,2,0.5517486333847046,0.4912863075733185,,65,,,
0.6048808097839355,28,,,,2,0.5808628797531128,0.5976754426956177,,66,,,
0.562747597694397,29,,,,2,0.5592331886291504,0.5616933107376099,,67,,,
0.4689253568649292,30,,,,2,0.6156413555145264,0.5129401683807373,,68,,,
0.6627057194709778,31,,,,2,0.7136303782463074,0.6779831647872925,,69,,,
0.8879571557044983,32,,,,2,0.6903958916664124,0.8286887407302856,,70,,,
1.2856061458587646,33,,,,2,0.8504018187522888,1.1550447940826416,,71,,,
0.5182045698165894,34,,,,2,0.5711291432380676,0.5340819358825684,,72,,,
0.5107545852661133,35,,,,2,0.48974502086639404,0.5044517517089844,,73,,,
0.7771813273429871,36,,,,2,0.6151857972145081,0.7285826206207275,,74,,,
0.7617886066436768,37,,,,2,0.5727460980415344,0.7050758600234985,,75,,,
1.7460376024246216,38,,,,2,0.8624110817909241,1.4809496402740479,,76,,,
0.8749220371246338,39,,,,2,0.6932117342948914,0.8204089403152466,,77,,,
0.8794445991516113,40,,,,2,0.7142209410667419,0.829877495765686,,78,,,
0.7050705552101135,41,,,,2,0.6006234288215637,0.6737363934516907,,79,,,
0.39596155285835266,42,,,,2,0.5688120722770691,0.4478166997432709,,80,,,
1.0190335512161255,43,,,,2,0.7842430472373962,0.9485964179039001,,81,,,
0.663032591342926,44,,,,2,0.5632815957069397,0.6331073045730591,,82,,,
0.7337056398391724,45,,,,2,0.5700411200523376,0.6846062541007996,,83,,,
0.8394951820373535,46,,,,2,0.7930488586425781,0.8255612850189209,,84,,,
0.6259768605232239,47,,,,2,0.6655985713005066,0.6378633975982666,,85,,,
0.5316089391708374,48,,,,2,0.5481241345405579,0.536563515663147,,86,,,
0.55939781665802,49,,,,2,0.6620288491249084,0.590187132358551,,87,,,
0.6975171566009521,50,,,,2,0.5610612034797668,0.6565803289413452,,88,,,
0.6193736791610718,51,,,,2,0.5778608918190002,0.6069198250770569,,89,,,
0.6287486553192139,52,,,,2,0.6987457275390625,0.6497477889060974,,90,,,
0.6235059499740601,53,,,,2,0.8532198071479797,0.6924201250076294,,91,,,
1.3541102409362793,54,,,,2,0.8011500239372253,1.1882221698760986,,92,,,
0.4316151738166809,55,,,,2,0.5359953045845032,0.4629291892051697,,93,,,
0.3249625861644745,56,,,,2,0.6567898392677307,0.42451077699661255,,94,,,
0.5773377418518066,57,,,,2,0.5448569655418396,0.567593514919281,,95,,,
0.864719033241272,58,,,,2,0.7518947720527649,0.8308717012405396,,96,,,
0.5953904986381531,59,,,,2,0.6016067862510681,0.5972554087638855,,97,,,
0.5524703860282898,60,,,,2,0.6825889945030212,0.5915060043334961,,98,,,
0.6489669680595398,61,,,,2,0.7070956230163574,0.6664055585861206,,99,,,
0.8141222596168518,62,,,,2,0.7250609993934631,0.7874038815498352,,0,,,
0.7494750022888184,63,,,,2,0.5632230639457703,0.6935994625091553,,1,,,
0.5874273180961609,64,,,,2,0.5241815447807312,0.5684536099433899,,2,,,
0.48397135734558105,65,,,,2,0.509297251701355,0.4915691316127777,,3,,,
2.135101079940796,66,,,,2,0.9698775410652161,1.7855340242385864,,4,,,
0.5237013101577759,67,,,,2,0.6504051089286804,0.5617124438285828,,5,,,
0.5979195237159729,68,,,,2,0.7056546807289124,0.6302400827407837,,6,,,
1.7347118854522705,69,,,,2,0.9398781657218933,1.496261715888977,,7,,,
0.49050676822662354,70,,,,2,0.5831896662712097,0.518311619758606,,8,,,
0.5051386952400208,71,,,,2,0.557696521282196,0.5209060311317444,,9,,,
0.766827404499054,72,,,,2,0.6357506513595581,0.7275043725967407,,10,,,
0.7111396789550781,73,,,,2,0.5983996987342834,0.6773176789283752,,11,,,
0.6968389749526978,74,,,,2,0.5853167772293091,0.6633822917938232,,12,,,
0.4715648293495178,75,,,,2,0.6068285703659058,0.5121439695358276,,13,,,
0.6637378334999084,76,,,,2,0.6125074028968811,0.6483687162399292,,14,,,
0.517447829246521,77,,,,2,0.7727786898612976,0.5940470695495605,,15,,,
0.5523551106452942,78,,,,2,0.7574195861816406,0.6138744354248047,,16,,,
1.3440299034118652,79,,,,2,0.7949919700622559,1.1793185472488403,,17,,,
1.193148136138916,80,,,,2,0.8794930577278137,1.099051594734192,,18,,,
0.5538841485977173,81,,,,2,0.7440457344055176,0.6109325885772705,,19,,,
0.6730803847312927,82,,,,2,0.571965217590332,0.642745852470398,,20,,,
0.5123921632766724,83,,,,2,0.6094146370887756,0.5414988994598389,,21,,,
0.9708315134048462,84,,,,2,0.6915202736854553,0.8870381712913513,,22,,,
0.7224907875061035,85,,,,2,0.8173430562019348,0.7509465217590332,,23,,,
0.42586731910705566,86,,,,2,0.5209709405899048,0.45439839363098145,,24,,,
0.891405463218689,87,,,,2,0.6192610263824463,0.8097621202468872,,25,,,
0.48539870977401733,88,,,,2,0.6376586556434631,0.5310766696929932,,26,,,
0.4679063558578491,89,,,,2,0.641560435295105,0.5200026035308838,,27,,,
0.41419726610183716,90,,,,2,0.6122204661369324,0.4736042320728302,,28,,,
1.0478463172912598,91,,,,2,0.6934216618537903,0.9415189623832703,,29,,,
0.8746827840805054,92,,,,2,0.587554931640625,0.7885444164276123,,30,,,
1.0184211730957031,93,,,,2,0.7322783470153809,0.9325783252716064,,31,,,
0.817304253578186,94,,,,2,0.6308380961418152,0.7613644003868103,,32,,,
0.7020134329795837,95,,,,2,0.5925405621528625,0.6691715717315674,,33,,,
0.4263980984687805,96,,,,2,0.827625572681427,0.5467663407325745,,34,,,
0.4422779083251953,97,,,,2,0.5592121481895447,0.4773581922054291,,35,,,
0.5615360140800476,98,,,,2,0.6138460636138916,0.5772290229797363,,36,,,
1.1511974334716797,99,,,,2,0.9065062403678894,1.0777900218963623,,37,,,
0.705624520778656,100,,,,2,0.7032150626182556,0.7049016952514648,,38,,,
0.7018914818763733,101,,,,2,0.6362906098365784,0.6822112202644348,,39,,,
0.5429478883743286,102,,,,2,0.5576054453849792,0.5473451614379883,,40,,,
0.8911714553833008,103,,,,2,0.7063611149787903,0.8357283473014832,,41,,,
0.5081833004951477,104,,,,2,0.6499516367912292,0.5507137775421143,,42,,,
0.7768232822418213,105,,,,2,0.5949774384498596,0.7222695350646973,,43,,,
0.7740276455879211,106,,,,2,0.6265607476234436,0.7297875881195068,,44,,,
0.40304893255233765,107,,,,2,0.5835931897163391,0.4572122097015381,,45,,,
1.0864800214767456,108,,,,2,0.7674538493156433,0.9907721877098083,,46,,,
0.5734782814979553,109,,,,2,0.750296413898468,0.6265237331390381,,47,,,
0.5057447552680969,110,,,,2,0.5522522330284119,0.5196969509124756,,48,,,
0.5995751619338989,111,,,,2,0.6078507304191589,0.6020578145980835,,49,,,
0.6982415914535522,112,,,,2,0.580576479434967,0.6629420518875122,,50,,,
0.7882208824157715,113,,,,2,0.5506698489189148,0.7169555425643921,,51,,,
0.2926657199859619,114,,,,2,0.5568841099739075,0.371931254863739,,52,,,
0.41144895553588867,115,,,,2,0.49284911155700684,0.4358690083026886,,53,,,
0.7533943057060242,116,,,,2,0.5567748546600342,0.6944084763526917,,54,,,
0.9145365357398987,117,,,,2,0.6151568293571472,0.8247226476669312,,55,,,
0.3812263011932373,118,,,,2,0.5831679701805115,0.4418087899684906,,56,,,
0.45830363035202026,119,,,,2,0.5709848403930664,0.49210798740386963,,57,,,
0.4940330386161804,120,,,,2,0.5949409604072571,0.5243054032325745,,58,,,
0.8267295360565186,121,,,,2,0.7053000330924988,0.790300726890564,,59,,,
0.3410010039806366,122,,,,2,0.5519628524780273,0.4042895436286926,,60,,,
0.7567389607429504,123,,,,2,0.6230750679969788,0.7166397571563721,,61,,,
0.9239213466644287,124,,,,2,0.7301972508430481,0.8658040761947632,,62,,,
0.45250818133354187,125,,,,2,0.644187331199646,0.5100119113922119,,63,,,
0.47840994596481323,126,,,,2,0.5993139147758484,0.5146811604499817,,64,,,
0.43654537200927734,127,,,,2,0.5318589806556702,0.4651394486427307,,65,,,
1.5249323844909668,128,,,,2,0.9055215716362,1.339109182357788,,66,,,
1.9030110836029053,129,,,,2,0.9537286162376404,1.618226408958435,,67,,,
0.28674575686454773,130,,,,2,0.5329518914222717,0.3606075942516327,,68,,,
0.3333068788051605,131,,,,2,0.5481854677200317,0.3977704644203186,,69,,,
0.6745206117630005,132,,,,2,0.6427841782569885,0.6649996638298035,,70,,,
1.1717808246612549,133,,,,2,0.696692705154419,1.02925443649292,,71,,,
0.3526057004928589,134,,,,2,0.5430909991264343,0.409751296043396,,72,,,
0.8797574043273926,135,,,,2,0.736459493637085,0.8367680311203003,,73,,,
1.0051279067993164,136,,,,2,0.7897642254829407,0.9405187964439392,,74,,,
0.919435977935791,137,,,,2,0.7206965088844299,0.8598141670227051,,75,,,
0.7787062525749207,138,,,,2,0.5973308682441711,0.7242936491966248,,76,,,
0.7884863018989563,139,,,,2,0.6160523295402527,0.7367560863494873,,77,,,
1.0376017093658447,140,,,,2,0.7759795188903809,0.9591150283813477,,78,,,
1.0021674633026123,141,,,,2,0.6300301551818848,0.890526294708252,,79,,,
0.8966963291168213,142,,,,2,0.6635699272155762,0.8267583847045898,,80,,,
0.7040393948554993,143,,,,2,0.6054819226264954,0.6744721531867981,,81,,,
1.1035829782485962,144,,,,2,0.753679096698761,0.9986118078231812,,82,,,
0.882344126701355,145,,,,2,0.725968062877655,0.8354312777519226,,83,,,
0.7559226751327515,146,,,,2,0.5817136168479919,0.7036598920822144,,84,,,
0.7975701093673706,147,,,,2,0.7237186431884766,0.7754146456718445,,85,,,
0.8228532075881958,148,,,,2,0.799968421459198,0.815987765789032,,86,,,
0.7489017248153687,149,,,,2,0.617289662361145,0.7094181180000305,,87,,,
0.37995538115501404,150,,,,2,0.5725771188735962,0.4377419054508209,,88,,,
0.902011513710022,151,,,,2,0.6146382689476013,0.8157995343208313,,89,,,
0.49848294258117676,152,,,,2,0.5097832083702087,0.5018730163574219,,90,,,
0.5698223114013672,153,,,,2,0.5816901922225952,0.5733826756477356,,91,,,
0.6766740083694458,154,,,,2,0.6156685948371887,0.6583724021911621,,92,,,
0.4302068054676056,155,,,,2,0.5191414952278137,0.4568871855735779,,93,,,
0.41492533683776855,156,,,,2,0.539512574672699,0.4523015022277832,,94,,,
0.666330873966217,157,,,,2,0.6193827986717224,0.6522464752197266,,95,,,
0.836391806602478,158,,,,2,0.6515594124794006,0.7809420824050903,,96,,,
0.7209118008613586,159,,,,2,0.6634522080421448,0.7036739587783813,,97,,,
0.4744302034378052,160,,,,2,0.5578826665878296,0.4994659423828125,,98,,,
0.6370195746421814,161,,,,2,0.5339494347572327,0.6060985326766968,,99,,,
0.35447958111763,162,,,,2,0.5815991163253784,0.4226154386997223,,0,,,
0.5940160155296326,163,,,,2,0.5422342419624329,0.5784814953804016,,1,,,
0.4882727265357971,164,,,,2,0.5602224469184875,0.5098576545715332,,2,,,
0.3492884337902069,165,,,,2,0.4551079571247101,0.38103431463241577,,3,,,
1.8618512153625488,166,,,,2,0.9915361404418945,1.6007566452026367,,4,,,
1.4053796529769897,167,,,,2,0.7864956855773926,1.2197144031524658,,5,,,
0.6513552069664001,168,,,,2,0.5895569920539856,0.6328157186508179,,6,,,
0.832743763923645,169,,,,2,0.5869824290275574,0.7590153217315674,,7,,,
1.0151093006134033,170,,,,2,0.6872897744178772,0.916763424873352,,8,,,
0.6244863867759705,171,,,,2,0.5664523243904114,0.6070761680603027,,9,,,
0.3073042929172516,172,,,,2,0.5134910941123962,0.36916035413742065,,10,,,
1.8813164234161377,173,,,,2,0.9480059742927551,1.6013232469558716,,11,,,
0.7586123943328857,174,,,,2,0.7131839394569397,0.7449839115142822,,12,,,
0.6796702742576599,175,,,,2,0.6189603209495544,0.6614573001861572,,13,,,
0.6002830862998962,176,,,,2,0.5616359114646912,0.5886889100074768,,14,,,
0.5068619251251221,177,,,,2,0.5594839453697205,0.5226485729217529,,15,,,
0.2966277301311493,178,,,,2,0.5121724605560303,0.36129117012023926,,16,,,
0.8147004842758179,179,,,,2,0.5575389266014099,0.7375520467758179,,17,,,
0.7384491562843323,180,,,,2,0.5768086910247803,0.6899570226669312,,18,,,
0.8928329944610596,181,,,,2,0.6338134407997131,0.8151271343231201,,19,,,
0.5907631516456604,182,,,,2,0.6023899912834167,0.5942512154579163,,20,,,
0.4713035821914673,183,,,,2,0.5465523600578308,0.49387824535369873,,21,,,
0.33426305651664734,184,,,,2,0.47185489535331726,0.3755406141281128,,22,,,
1.2901190519332886,185,,,,2,0.9196860790252686,1.1789891719818115,,23,,,
0.6981509923934937,186,,,,2,0.6531977653503418,0.6846650242805481,,24,,,
0.9049100875854492,187,,,,2,0.6802325248718262,0.8375067710876465,,25,,,
0.47796329855918884,188,,,,2,0.5681297183036804,0.5050132274627686,,26,,,
0.4781850278377533,189,,,,2,0.5924006104469299,0.5124497413635254,,27,,,
0.5647680163383484,190,,,,2,0.7264835238456726,0.6132826805114746,,28,,,
0.43820860981941223,191,,,,2,0.5189801454544067,0.4624400734901428,,29,,,
0.757536768913269,192,,,,2,0.6487647891044617,0.7249051332473755,,30,,,
0.517127275466919,193,,,,2,0.6802812218666077,0.566073477268219,,31,,,
0.7510405778884888,194,,,,2,0.7510983347892761,0.7510579228401184,,32,,,
1.101631760597229,195,,,,2,0.8703514933586121,1.0322476625442505,,33,,,
0.8790062069892883,196,,,,2,0.7125703692436218,0.8290754556655884,,34,,,
0.5581232309341431,197,,,,2,0.5922446250915527,0.5683596134185791,,35,,,
0.5184626579284668,198,,,,2,0.6164637207984924,0.5478630065917969,,36,,,
0.6248979568481445,199,,,,2,0.5673331618309021,0.6076285243034363,,37,,,
0.7333786487579346,200,,,,2,0.6201972365379333,0.6994242072105408,,38,,,
0.27544859051704407,201,,,,2,0.5293247103691101,0.3516114354133606,,39,,,
1.3263938426971436,202,,,,2,0.7626535296440125,1.1572717428207397,,40,,,
0.34537696838378906,203,,,,2,0.5300835967063904,0.40078896284103394,,41,,,
0.41768303513526917,204,,,,2,0.6276827454566956,0.48068296909332275,,42,,,
0.8642478585243225,205,,,,2,0.6986367106437683,0.8145645260810852,,43,,,
0.776941180229187,206,,,,2,0.5943124294281006,0.722152590751648,,44,,,
0.7083439230918884,207,,,,2,0.5833836793899536,0.6708558201789856,,45,,,
0.5865229964256287,208,,,,2,0.5744897723197937,0.5829130411148071,,46,,,
0.350904643535614,209,,,,2,0.5448282957077026,0.40908175706863403,,47,,,
0.3020351529121399,210,,,,2,0.46925559639930725,0.35220128297805786,,48,,,
1.3288054466247559,211,,,,2,0.9094224572181702,1.2029905319213867,,49,,,
0.3625641167163849,212,,,,2,0.5324289202690125,0.4135235548019409,,50,,,
1.3399622440338135,213,,,,2,0.9076154232025146,1.2102582454681396,,51,,,
0.9735120534896851,214,,,,2,0.669236421585083,0.8822293281555176,,52,,,
0.4062422811985016,215,,,,2,0.538647472858429,0.4459638297557831,,53,,,
1.1769771575927734,216,,,,2,0.7358794212341309,1.0446478128433228,,54,,,
0.3172603249549866,217,,,,2,0.47776541113853455,0.3654118776321411,,55,,,
0.8064976930618286,218,,,,2,0.6026237607002258,0.7453355193138123,,56,,,
0.5344529151916504,219,,,,2,0.5118285417556763,0.5276656150817871,,57,,,
1.3978264331817627,220,,,,2,0.811756432056427,1.2220053672790527,,58,,,
0.7340108156204224,221,,,,2,0.727405309677124,0.732029139995575,,59,,,
1.1982777118682861,222,,,,2,0.8171249032020569,1.0839319229125977,,60,,,
0.9083985090255737,223,,,,2,0.6008214950561523,0.8161253929138184,,61,,,
0.9635025262832642,224,,,,2,0.6111681461334229,0.8578022122383118,,62,,,
1.1879922151565552,225,,,,2,0.7947031855583191,1.0700055360794067,,63,,,
1.4396140575408936,226,,,,2,0.8605575561523438,1.2658970355987549,,64,,,
0.712549090385437,227,,,,2,0.6006776690483093,0.6789876818656921,,65,,,
1.581050157546997,228,,,,2,0.867083728313446,1.366860270500183,,66,,,
0.8098505139350891,229,,,,2,0.6258891224861145,0.7546620965003967,,67,,,
0.49712419509887695,230,,,,2,0.6070886254310608,0.5301135182380676,,68,,,
0.6641992330551147,231,,,,2,0.5954192280769348,0.6435652375221252,,69,,,
0.3771592974662781,232,,,,2,0.8020952343940735,0.5046401023864746,,70,,,
0.25591912865638733,233,,,,2,0.4842861592769623,0.3244292438030243,,71,,,
0.8510189056396484,234,,,,2,0.6525610089302063,0.7914814949035645,,72,,,
1.0726540088653564,235,,,,2,0.6290216445922852,0.9395642876625061,,73,,,
0.6990894675254822,236,,,,2,0.6250388622283936,0.6768742799758911,,74,,,
0.5116440057754517,237,,,,2,0.5524231195449829,0.523877739906311,,75,,,
0.25891220569610596,238,,,,2,0.5114349722862244,0.3346690535545349,,76,,,
0.7407517433166504,239,,,,2,0.6111765503883362,0.7018791437149048,,77,,,
0.5327491760253906,240,,,,2,0.5471974015235901,0.537083625793457,,78,,,
0.653976559638977,241,,,,2,0.603352963924408,0.6387894749641418,,79,,,
1.8866562843322754,242,,,,2,0.895301342010498,1.589249849319458,,80,,,
0.9586261510848999,243,,,,2,0.7397007942199707,0.8929485082626343,,81,,,
0.34649139642715454,244,,,,2,0.40673065185546875,0.3645631670951843,,82,,,
0.24416863918304443,245,,,,2,0.46525320410728455,0.31049400568008423,,83,,,
0.23138566315174103,246,,,,2,0.4628467559814453,0.30082398653030396,,84,,,
0.9205657839775085,247,,,,2,0.7717435956001282,0.8759191632270813,,85,,,
0.5356711149215698,248,,,,2,0.5951736569404602,0.5535218715667725,,86,,,
0.3603872060775757,249,,,,2,0.4938400685787201,0.4004230499267578,,87,,,
0.9023000001907349,250,,,,2,0.7241315245628357,0.8488494157791138,,88,,,
0.3042588531970978,251,,,,2,0.48573222756385803,0.35870087146759033,,89,,,
0.7307689189910889,252,,,,2,0.6017458438873291,0.6920619606971741,,90,,,
0.5338026285171509,253,,,,2,0.5623391270637512,0.5423635840415955,,91,,,
0.5939849615097046,254,,,,2,0.5532552599906921,0.5817660093307495,,92,,,
0.37912535667419434,255,,,,2,0.5917046666145325,0.4428991675376892,,93,,,
0.3356735408306122,256,,,,2,0.5351038575172424,0.39550262689590454,,94,,,
0.3944767117500305,257,,,,2,0.5143529772758484,0.4304395914077759,,95,,,
1.145348072052002,258,,,,2,0.7670063972473145,1.0318455696105957,,96,,,
0.19496621191501617,259,,,,2,0.4100923538208008,0.2595040798187256,,97,,,
1.3862545490264893,260,,,,2,0.8555739521980286,1.2270503044128418,,98,,,
0.47335946559906006,261,,,,2,0.5990124344825745,0.5110553503036499,,99,,,
0.3273164629936218,262,,,,2,0.464616984128952,0.36850661039352417,,0,,,
0.5412216186523438,263,,,,2,0.5596402883529663,0.5467472076416016,,1,,,
0.7356691956520081,264,,,,2,0.6445474624633789,0.7083327174186707,,2,,,
0.5325222015380859,265,,,,2,0.5620809197425842,0.5413898229598999,,3,,,
0.95716792345047,266,,,,2,0.7381600737571716,0.8914655447006226,,4,,,
0.19123250246047974,267,,,,2,0.43418022990226746,0.2641168236732483,,5,,,
,,,,,2,,,,6,0.700652003288269,0.7105262875556946,0.6887176036834717
0.9535990357398987,0,,,,3,0.5857799649238586,0.8432533144950867,,7,,,
0.7164976596832275,1,,,,3,0.5598987936973572,0.669517993927002,,8,,,
0.4109724164009094,2,,,,3,0.5040470957756042,0.4388948082923889,,9,,,
0.33075395226478577,3,,,,3,0.5626806020736694,0.40033194422721863,,10,,,
0.9003809690475464,4,,,,3,0.8081268668174744,0.8727047443389893,,11,,,
1.0367193222045898,5,,,,3,0.7371111512184143,0.9468368887901306,,12,,,
0.46029791235923767,6,,,,3,0.6356958746910095,0.5129172801971436,,13,,,
0.2169087678194046,7,,,,3,0.41037729382514954,0.2749493420124054,,14,,,
0.21436354517936707,8,,,,3,0.375747412443161,0.26277869939804077,,15,,,
0.9952858686447144,9,,,,3,0.7207209467887878,0.9129164218902588,,16,,,
0.433778315782547,10,,,,3,0.5051117539405823,0.45517832040786743,,17,,,
0.6909524202346802,11,,,,3,0.7175074219703674,0.6989189386367798,,18,,,
1.2664932012557983,12,,,,3,0.8418254256248474,1.1390929222106934,,19,,,
0.9039689898490906,13,,,,3,0.5717055797576904,0.8042899370193481,,20,,,
0.15710824728012085,14,,,,3,0.4196113348007202,0.23585917055606842,,21,,,
0.604568362236023,15,,,,3,0.5724189877510071,0.5949235558509827,,22,,,
0.1458294689655304,16,,,,3,0.3897697627544403,0.2190115600824356,,23,,,
0.6725489497184753,17,,,,3,0.6162764430046082,0.6556671857833862,,24,,,
0.44014790654182434,18,,,,3,0.7658678889274597,0.5378639101982117,,25,,,
1.0753551721572876,19,,,,3,0.678406298160553,0.9562705159187317,,26,,,
0.39417585730552673,20,,,,3,0.5247030258178711,0.43333402276039124,,27,,,
0.859911322593689,21,,,,3,0.6289135217666626,0.790611982345581,,28,,,
0.4146234393119812,22,,,,3,0.5029257535934448,0.4411141276359558,,29,,,
1.233615756034851,23,,,,3,0.8352932929992676,1.114119052886963,,30,,,
0.41247454285621643,24,,,,3,0.4646855890750885,0.4281378388404846,,31,,,
0.703471839427948,25,,,,3,0.6073449850082397,0.6746337413787842,,32,,,
0.26165953278541565,26,,,,3,0.48151448369026184,0.32761603593826294,,33,,,
0.38951683044433594,27,,,,3,0.560752809047699,0.4408876299858093,,34,,,
0.7839593887329102,28,,,,3,0.6335165500640869,0.7388265132904053,,35,,,
1.4797465801239014,29,,,,3,0.9789559245109558,1.3295093774795532,,36,,,
0.777961254119873,30,,,,3,0.7343019843101501,0.7648634910583496,,37,,,
0.6664608120918274,31,,,,3,0.6715035438537598,0.6679736375808716,,38,,,
0.6057265400886536,32,,,,3,0.5576260685920715,0.5912964344024658,,39,,,
0.6598318815231323,33,,,,3,0.5547800064086914,0.628316342830658,,40,,,
0.30802249908447266,34,,,,3,0.46291661262512207,0.3544907569885254,,41,,,
1.1490516662597656,35,,,,3,0.7476606965065002,1.0286343097686768,,42,,,
0.23327235877513885,36,,,,3,0.5155851244926453,0.31796619296073914,,43,,,
0.3361967206001282,37,,,,3,0.5548169612884521,0.4017828106880188,,44,,,
0.7387174367904663,38,,,,3,0.5638753771781921,0.6862648129463196,,45,,,
0.45110201835632324,39,,,,3,0.46063920855522156,0.45396316051483154,,46,,,
0.5771723985671997,40,,,,3,0.6430527567863464,0.5969365239143372,,47,,,
0.39999091625213623,41,,,,3,0.614292562007904,0.4642813801765442,,48,,,
0.5059280395507812,42,,,,3,0.5509446263313293,0.5194330215454102,,49,,,
1.395965337753296,43,,,,3,0.8499801158905029,1.2321697473526,,50,,,
0.579887866973877,44,,,,3,0.6257850527763367,0.5936570167541504,,51,,,
0.7080380320549011,45,,,,3,0.5948398113250732,0.6740785837173462,,52,,,
0.5462989807128906,46,,,,3,0.5966412425041199,0.5614016652107239,,53,,,
0.24115538597106934,47,,,,3,0.4306565225124359,0.29800572991371155,,54,,,
2.008958339691162,48,,,,3,0.9363126754760742,1.6871646642684937,,55,,,
0.456121563911438,49,,,,3,0.5780197978019714,0.4926910400390625,,56,,,
0.6298957467079163,50,,,,3,0.5939021706581116,0.6190977096557617,,57,,,
0.6526193022727966,51,,,,3,0.6193591952323914,0.6426413059234619,,58,,,
0.45229804515838623,52,,,,3,0.5323749780654907,0.47632113099098206,,59,,,
0.6669730544090271,53,,,,3,0.6847105622291565,0.6722943186759949,,60,,,
0.32449862360954285,54,,,,3,0.4755701720714569,0.36982011795043945,,61,,,
0.2965543568134308,55,,,,3,0.41351601481437683,0.33164286613464355,,62,,,
0.5789675712585449,56,,,,3,0.5665715932846069,0.5752487778663635,,63,,,
0.670931339263916,57,,,,3,0.5749433636665344,0.642134964466095,,64,,,
0.41349923610687256,58,,,,3,0.4643867015838623,0.4287654757499695,,65,,,
0.24619916081428528,59,,,,3,0.38037601113319397,0.2864522337913513,,66,,,
0.2622218132019043,60,,,,3,0.40144026279449463,0.3039873540401459,,67,,,
0.5852956771850586,61,,,,3,0.715968906879425,0.624497652053833,,68,,,
0.5502999424934387,62,,,,3,0.5431747436523438,0.5481623411178589,,69,,,
0.15931421518325806,63,,,,3,0.3306433856487274,0.2107129693031311,,70,,,
0.26002562046051025,64,,,,3,0.416349321603775,0.3069227337837219,,71,,,
0.8911402821540833,65,,,,3,0.647669792175293,0.8180991411209106,,72,,,
0.7362610697746277,66,,,,3,0.6890615820884705,0.7221012711524963,,73,,,
0.8984586000442505,67,,,,3,0.766660749912262,0.8589192628860474,,74,,,
0.7587190866470337,68,,,,3,0.6185207962989807,0.7166596055030823,,75,,,
1.0822265148162842,69,,,,3,0.7117107510566711,0.9710717797279358,,76,,,
0.837160587310791,70,,,,3,0.6784786581993103,0.7895560264587402,,77,,,
0.1501150131225586,71,,,,3,0.30876484513282776,0.19770996272563934,,78,,,
1.093540906906128,72,,,,3,0.7593297958374023,0.9932775497436523,,79,,,
0.23117396235466003,73,,,,3,0.37395918369293213,0.2740095257759094,,80,,,
0.7555755376815796,74,,,,3,0.6066190004348755,0.7108886241912842,,81,,,
0.22760365903377533,75,,,,3,0.3718630075454712,0.2708814740180969,,82,,,
0.3684247136116028,76,,,,3,0.5096121430397034,0.4107809364795685,,83,,,
0.3859347105026245,77,,,,3,0.6625320911407471,0.4689139127731323,,84,,,
0.7685973644256592,78,,,,3,0.6594915986061096,0.7358656525611877,,85,,,
1.1854718923568726,79,,,,3,0.7292516231536865,1.0486057996749878,,86,,,
0.20555761456489563,80,,,,3,0.37342369556427,0.25591742992401123,,87,,,
0.3182426691055298,81,,,,3,0.4438861906528473,0.3559357523918152,,88,,,
0.5053428411483765,82,,,,3,0.5521807670593262,0.5193942189216614,,89,,,
0.898149847984314,83,,,,3,0.6579728722572327,0.826096773147583,,90,,,
0.5985126495361328,84,,,,3,0.5840352773666382,0.5941694378852844,,91,,,
0.2099158614873886,85,,,,3,0.44576194882392883,0.2806696891784668,,92,,,
0.6689376831054688,86,,,,3,0.6090909838676453,0.6509836912155151,,93,,,
0.7855213284492493,87,,,,3,0.649675190448761,0.7447675466537476,,94,,,
0.25722089409828186,88,,,,3,0.45456257462501526,0.3164234161376953,,95,,,
0.6200523972511292,89,,,,3,0.6076045036315918,0.6163180470466614,,96,,,
0.31646159291267395,90,,,,3,0.5338767170906067,0.38168612122535706,,97,,,
0.951228141784668,91,,,,3,0.6681811213493347,0.8663140535354614,,98,,,
1.0275428295135498,92,,,,3,0.7320987582206726,0.9389095902442932,,99,,,
0.38567179441452026,93,,,,3,0.5672655701637268,0.4401499032974243,,0,,,
0.7811146378517151,94,,,,3,0.6367704272270203,0.7378113865852356,,1,,,
1.1718860864639282,95,,,,3,0.7365272641181946,1.0412784814834595,,2,,,
0.5431453585624695,96,,,,3,0.5701038241386414,0.5512329339981079,,3,,,
0.4803900718688965,97,,,,3,0.5237503051757812,0.49339812994003296,,4,,,
0.509026288986206,98,,,,3,0.5194764137268066,0.5121613144874573,,5,,,
0.9014919400215149,99,,,,3,0.5797585844993591,0.8049719333648682,,6,,,
0.3418405055999756,100,,,,3,0.5034975409507751,0.39033761620521545,,7,,,
0.7415323853492737,101,,,,3,0.6339252591133118,0.7092502117156982,,8,,,
0.43019160628318787,102,,,,3,0.5128529071807861,0.4549899697303772,,9,,,
0.3634147047996521,103,,,,3,0.4445725679397583,0.38776206970214844,,10,,,
0.22155547142028809,104,,,,3,0.37899482250213623,0.2687872648239136,,11,,,
0.496901273727417,105,,,,3,0.601619303226471,0.5283166766166687,,12,,,
2.2238831520080566,106,,,,3,0.9804046750068665,1.850839614868164,,13,,,
0.6060265302658081,107,,,,3,0.5093021988868713,0.5770092010498047,,14,,,
1.1482048034667969,108,,,,3,0.8572499752044678,1.0609183311462402,,15,,,
0.3281613290309906,109,,,,3,0.4410625994205475,0.3620316982269287,,16,,,
0.3447175621986389,110,,,,3,0.44814085960388184,0.3757445812225342,,17,,,
0.49077844619750977,111,,,,3,0.48372840881347656,0.4886634349822998,,18,,,
0.28040602803230286,112,,,,3,0.4527083933353424,0.33209675550460815,,19,,,
0.3823767900466919,113,,,,3,0.5358502268791199,0.4284188151359558,,20,,,
0.15372948348522186,114,,,,3,0.3342355787754059,0.20788131654262543,,21,,,
0.6166876554489136,115,,,,3,0.5921012759208679,0.6093117594718933,,22,,,
1.1735198497772217,116,,,,3,0.7799880504608154,1.0554603338241577,,23,,,
0.4463030695915222,117,,,,3,0.5052997469902039,0.4640020728111267,,24,,,
1.4116719961166382,118,,,,3,0.9366703629493713,1.2691714763641357,,25,,,
0.4612371325492859,119,,,,3,0.6300254464149475,0.5118736028671265,,26,,,
0.22601541876792908,120,,,,3,0.4444156587123871,0.29153549671173096,,27,,,
0.37938225269317627,121,,,,3,0.5266644954681396,0.42356693744659424,,28,,,
0.42031019926071167,122,,,,3,0.5121915936470032,0.44787460565567017,,29,,,
0.9197853803634644,123,,,,3,0.754662275314331,0.8702484369277954,,30,,,
0.6039568185806274,124,,,,3,0.5808029770851135,0.5970106720924377,,31,,,
0.3091611862182617,125,,,,3,0.4673490822315216,0.3566175699234009,,32,,,
0.24268348515033722,126,,,,3,0.4238933324813843,0.297046422958374,,33,,,
0.26983314752578735,127,,,,3,0.46774613857269287,0.32920706272125244,,34,,,
0.19709862768650055,128,,,,3,0.5605726838111877,0.30614084005355835,,35,,,
0.36656299233436584,129,,,,3,0.5133088827133179,0.41058677434921265,,36,,,
0.21176765859127045,130,,,,3,0.4566558599472046,0.28523412346839905,,37,,,
0.7899115681648254,131,,,,3,0.530979573726654,0.7122319936752319,,38,,,
0.8631170988082886,132,,,,3,0.6744700074195862,0.8065229654312134,,39,,,
0.1324855089187622,133,,,,3,0.32469967007637024,0.19014975428581238,,40,,,
0.1689414381980896,134,,,,3,0.3648369312286377,0.22771009802818298,,41,,,
0.09754537045955658,135,,,,3,0.40451690554618835,0.18963682651519775,,42,,,
1.4183677434921265,136,,,,3,0.8593926429748535,1.2506752014160156,,43,,,
0.39171671867370605,137,,,,3,0.46801266074180603,0.4146054983139038,,44,,,
1.0831782817840576,138,,,,3,0.4879421293735504,0.9046074151992798,,45,,,
0.1576586365699768,139,,,,3,0.3631187379360199,0.2192966639995575,,46,,,
0.4731936454772949,140,,,,3,0.5634531378746033,0.5002714991569519,,47,,,
0.27192726731300354,141,,,,3,0.44480976462364197,0.323792040348053,,48,,,
0.7659574747085571,142,,,,3,0.6384673714637756,0.727710485458374,,49,,,
0.10307948291301727,143,,,,3,0.29921433329582214,0.1619199514389038,,50,,,
1.126169204711914,144,,,,3,0.7257196307182312,1.0060343742370605,,51,,,
0.6985045075416565,145,,,,3,0.6394166946411133,0.6807781457901001,,52,,,
0.1640024334192276,146,,,,3,0.3835582435131073,0.22986918687820435,,53,,,
0.5831257104873657,147,,,,3,0.5128557682037354,0.5620447397232056,,54,,,
0.7734124064445496,148,,,,3,0.5729590654373169,0.7132763862609863,,55,,,
0.4151510000228882,149,,,,3,0.508079469203949,0.443029522895813,,56,,,
0.9348707795143127,150,,,,3,0.7665400505065918,0.8843715190887451,,57,,,
0.290928453207016,151,,,,3,0.5631751418113708,0.3726024627685547,,58,,,
0.17258241772651672,152,,,,3,0.36879822611808777,0.23144716024398804,,59,,,
1.4778344631195068,153,,,,3,0.9218962788581848,1.3110530376434326,,60,,,
0.14234603941440582,154,,,,3,0.25394558906555176,0.17582589387893677,,61,,,
0.28332987427711487,155,,,,3,0.46218371391296387,0.3369860351085663,,62,,,
1.343814730644226,156,,,,3,0.78326815366745,1.175650715827942,,63,,,
0.6030559539794922,157,,,,3,0.5365777015686035,0.5831124782562256,,64,,,
0.38479310274124146,158,,,,3,0.5505550503730774,0.43452170491218567,,65,,,
1.0579949617385864,159,,,,3,0.7456498742103577,0.9642914533615112,,66,,,
0.4022331237792969,160,,,,3,0.45090726017951965,0.41683536767959595,,67,,,
0.29440370202064514,161,,,,3,0.41420671343803406,0.33034461736679077,,68,,,
0.31847816705703735,162,,,,3,0.3911609351634979,0.34028297662734985,,69,,,
1.6281352043151855,163,,,,3,1.0455623865127563,1.453363299369812,,70,,,
0.32923391461372375,164,,,,3,0.429475337266922,0.35930633544921875,,71,,,
0.6447315216064453,165,,,,3,0.5472738742828369,0.6154942512512207,,72,,,
2.5499722957611084,166,,,,3,1.1394726037979126,2.1268222332000732,,73,,,
0.9991710186004639,167,,,,3,0.7009470462799072,0.90970379114151,,74,,,
0.25320714712142944,168,,,,3,0.4140407145023346,0.3014572262763977,,75,,,
0.5702594518661499,169,,,,3,0.5492406487464905,0.5639538168907166,,76,,,
1.587388038635254,170,,,,3,0.9037661552429199,1.3823014497756958,,77,,,
0.30904310941696167,171,,,,3,0.4940854012966156,0.3645557761192322,,78,,,
0.49415457248687744,172,,,,3,0.6116572618484497,0.5294053554534912,,79,,,
0.40744519233703613,173,,,,3,0.5136318802833557,0.43930119276046753,,80,,,
1.042365312576294,174,,,,3,0.790252149105072,0.9667313098907471,,81,,,
2.126805543899536,175,,,,3,1.0875574350357056,1.8150310516357422,,82,,,
0.9631953835487366,176,,,,3,0.752617359161377,0.9000219702720642,,83,,,
0.20599640905857086,177,,,,3,0.33733510971069336,0.24539801478385925,,84,,,
0.1436808854341507,178,,,,3,0.39156901836395264,0.21804732084274292,,85,,,
1.1961864233016968,179,,,,3,0.8105261921882629,1.0804883241653442,,86,,,
0.19455265998840332,180,,,,3,0.3815610706806183,0.2506551742553711,,87,,,
0.25469791889190674,181,,,,3,0.4613211452960968,0.31668490171432495,,88,,,
0.5862401127815247,182,,,,3,0.5319904685020447,0.5699652433395386,,89,,,
0.4586058557033539,183,,,,3,0.45491230487823486,0.457497775554657,,90,,,
0.37074702978134155,184,,,,3,0.5751529932022095,0.4320688247680664,,91,,,
0.734990119934082,185,,,,3,0.4479018747806549,0.6488636136054993,,92,,,
0.4629717767238617,186,,,,3,0.44010886549949646,0.45611289143562317,,93,,,
0.408504456281662,187,,,,3,0.5312436819076538,0.44532620906829834,,94,,,
0.4037241041660309,188,,,,3,0.4419719874858856,0.4151984751224518,,95,,,
0.135954812169075,189,,,,3,0.3483618199825287,0.19967691600322723,,96,,,
0.21873138844966888,190,,,,3,0.41715207695961,0.2782576084136963,,97,,,
0.6258779168128967,191,,,,3,0.5645595788955688,0.6074824333190918,,98,,,
1.2744276523590088,192,,,,3,0.8301939964294434,1.1411575078964233,,99,,,
0.1976976990699768,193,,,,3,0.32145044207572937,0.23482352495193481,,0,,,
0.8553311824798584,194,,,,3,0.6629966497421265,0.797630786895752,,1,,,
1.2267084121704102,195,,,,3,0.7797916531562805,1.0926333665847778,,2,,,
0.23639516532421112,196,,,,3,0.41076961159706116,0.2887074947357178,,3,,,
0.6298680305480957,197,,,,3,0.5295405983924866,0.5997698307037354,,4,,,
0.2834354639053345,198,,,,3,0.4091297388076782,0.3211437463760376,,5,,,
1.3024520874023438,199,,,,3,0.786582887172699,1.1476913690567017,,6,,,
0.5294973254203796,200,,,,3,0.49163687229156494,0.5181391835212708,,7,,,
0.24665486812591553,201,,,,3,0.3719491958618164,0.2842431664466858,,8,,,
0.17537334561347961,202,,,,3,0.32615378499031067,0.22060748934745789,,9,,,
0.5488067269325256,203,,,,3,0.5630661249160767,0.5530845522880554,,10,,,
0.4884275794029236,204,,,,3,0.5451729893684387,0.5054512023925781,,11,,,
0.5428941249847412,205,,,,3,0.5016297698020935,0.5305148363113403,,12,,,
2.2093472480773926,206,,,,3,0.9455439448356628,1.8302061557769775,,13,,,
0.3247784674167633,207,,,,3,0.38668036460876465,0.34334903955459595,,14,,,
0.24876800179481506,208,,,,3,0.4147174060344696,0.29855281114578247,,15,,,
0.54961097240448,209,,,,3,0.46891817450523376,0.5254031419754028,,16,,,
0.5797616243362427,210,,,,3,0.8634235262870789,0.664860188961029,,17,,,
0.6029021143913269,211,,,,3,0.49322184920310974,0.569998025894165,,18,,,
0.5813717246055603,212,,,,3,0.5450322031974792,0.570469856262207,,19,,,
1.460626482963562,213,,,,3,0.8637819290161133,1.2815730571746826,,20,,,
0.22087916731834412,214,,,,3,0.36212751269340515,0.26325368881225586,,21,,,
0.1953883171081543,215,,,,3,0.37741413712501526,0.24999606609344482,,22,,,
0.3813040554523468,216,,,,3,0.5593356490135193,0.43471354246139526,,23,,,
0.6436680555343628,217,,,,3,0.5937775373458862,0.6287009119987488,,24,,,
1.0471069812774658,218,,,,3,0.7172839641571045,0.9481600522994995,,25,,,
0.2691568434238434,219,,,,3,0.3881946802139282,0.3048681914806366,,26,,,
0.351514607667923,220,,,,3,0.4245530366897583,0.3734261393547058,,27,,,
0.36643970012664795,221,,,,3,0.4638589322566986,0.3956654667854309,,28,,,
0.29101961851119995,222,,,,3,0.44254425168037415,0.33647701144218445,,29,,,
0.8118793368339539,223,,,,3,0.750416100025177,0.7934403419494629,,30,,,
1.736730933189392,224,,,,3,0.9727731347084045,1.5075435638427734,,31,,,
0.4289490878582001,225,,,,3,0.4169076979160309,0.42533665895462036,,32,,,
0.7765133380889893,226,,,,3,0.6481289863586426,0.7379980087280273,,33,,,
0.21924468874931335,227,,,,3,0.4037961959838867,0.27461013197898865,,34,,,
0.16124750673770905,228,,,,3,0.3118552267551422,0.20642982423305511,,35,,,
0.2623403072357178,229,,,,3,0.40929922461509705,0.3064279854297638,,36,,,
0.23801445960998535,230,,,,3,0.3431936502456665,0.26956820487976074,,37,,,
0.8112852573394775,231,,,,3,0.6536484360694885,0.7639942169189453,,38,,,
0.18661433458328247,232,,,,3,0.3352392613887787,0.23120181262493134,,39,,,
1.3473436832427979,233,,,,3,0.7771098017692566,1.1762734651565552,,40,,,
0.5251495838165283,234,,,,3,0.4856877624988556,0.5133110284805298,,41,,,
0.8835669755935669,235,,,,3,0.7185800671577454,0.8340709209442139,,42,,,
0.5634097456932068,236,,,,3,0.5224778056144714,0.5511301755905151,,43,,,
0.7132694721221924,237,,,,3,0.5735813975334167,0.6713630557060242,,44,,,
0.34647318720817566,238,,,,3,0.5291762948036194,0.4012840986251831,,45,,,
0.5867405533790588,239,,,,3,0.583882212638855,0.5858830213546753,,46,,,
0.14490999281406403,240,,,,3,0.3604809045791626,0.20958127081394196,,47,,,
0.324951708316803,241,,,,3,0.43965670466423035,0.3593631982803345,,48,,,
0.22279797494411469,242,,,,3,0.3810062110424042,0.27026045322418213,,49,,,
0.859359622001648,243,,,,3,0.8079061508178711,0.8439235687255859,,50,,,
0.1821669191122055,244,,,,3,0.29625383019447327,0.21639299392700195,,51,,,
0.22983744740486145,245,,,,3,0.3163301646709442,0.2557852566242218,,52,,,
0.5688984394073486,246,,,,3,0.49731096625328064,0.5474222302436829,,53,,,
0.15594953298568726,247,,,,3,0.2976507544517517,0.19845989346504211,,54,,,
0.13376662135124207,248,,,,3,0.29249346256256104,0.18138468265533447,,55,,,
2.3308157920837402,249,,,,3,1.1648799180984497,1.9810349941253662,,56,,,
0.16007083654403687,250,,,,3,0.33618560433387756,0.21290527284145355,,57,,,
0.38439294695854187,251,,,,3,0.44001224637031555,0.4010787606239319,,58,,,
0.36953768134117126,252,,,,3,0.47433245182037354,0.40097612142562866,,59,,,
0.8672846555709839,253,,,,3,0.8010267615318298,0.8474072813987732,,60,,,
1.5137125253677368,254,,,,3,0.8500223159790039,1.314605474472046,,61,,,
0.5224345922470093,255,,,,3,0.5068701505661011,0.5177652835845947,,62,,,
0.5744327306747437,256,,,,3,0.4647115170955658,0.5415163636207581,,63,,,
0.2454385906457901,257,,,,3,0.44961392879486084,0.30669116973876953,,64,,,
0.24114124476909637,258,,,,3,0.49942490458488464,0.318626344203949,,65,,,
2.031285285949707,259,,,,3,0.9946725964546204,1.7203015089035034,,66,,,
0.18664826452732086,260,,,,3,0.3366680443286896,0.23165419697761536,,67,,,
0.10986413806676865,261,,,,3,0.26589787006378174,0.15667426586151123,,68,,,
0.4357786774635315,262,,,,3,0.4392218291759491,0.436811625957489,,69,,,
0.8857213258743286,263,,,,3,0.6374685168266296,0.8112454414367676,,70,,,
0.1538524478673935,264,,,,3,0.24700681865215302,0.1817987561225891,,71,,,
0.6841024160385132,265,,,,3,0.6119548678398132,0.6624581217765808,,72,,,
1.6931194067001343,266,,,,3,0.9793534278869629,1.478989601135254,,73,,,
0.7882187366485596,267,,,,3,0.4932774603366852,0.6997363567352295,,74,,,
,,,,,3,,,,75,0.5971998572349548,0.7368420958518982,0.6336241364479065
0.6603819727897644,0,,,,4,0.5472590327262878,0.6264450550079346,,76,,,
0.812170147895813,1,,,,4,0.5571218132972717,0.735655665397644,,77,,,
0.2697391211986542,2,,,,4,0.3752131760120392,0.30138134956359863,,78,,,
0.18138855695724487,3,,,,4,0.36275339126586914,0.23579800128936768,,79,,,
0.7405484914779663,4,,,,4,0.6283510327339172,0.706889271736145,,80,,,
1.6726490259170532,5,,,,4,1.0722647905349731,1.492533802986145,,81,,,
0.2247382551431656,6,,,,4,0.4307114779949188,0.2865302264690399,,82,,,
0.13305024802684784,7,,,,4,0.2607463598251343,0.1713590919971466,,83,,,
0.5140767097473145,8,,,,4,0.41588127613067627,0.48461806774139404,,84,,,
0.7991170883178711,9,,,,4,0.5884972214698792,0.7359311580657959,,85,,,
0.35430192947387695,10,,,,4,0.5463874340057373,0.41192758083343506,,86,,,
0.46472442150115967,11,,,,4,0.443845272064209,0.4584606885910034,,87,,,
0.8788645267486572,12,,,,4,0.5525036454200745,0.7809562683105469,,88,,,
0.657182514667511,13,,,,4,0.5522512197494507,0.6257030963897705,,89,,,
0.37326371669769287,14,,,,4,0.6081749796867371,0.44373708963394165,,90,,,
1.8939931392669678,15,,,,4,1.0469614267349243,1.6398836374282837,,91,,,
0.23677511513233185,16,,,,4,0.31193408370018005,0.2593228220939636,,92,,,
2.0927886962890625,17,,,,4,0.96905118227005,1.7556674480438232,,93,,,
0.8241636157035828,18,,,,4,0.6475464701652527,0.7711784839630127,,94,,,
0.5561602711677551,19,,,,4,0.7139155864715576,0.6034868955612183,,95,,,
0.47938406467437744,20,,,,4,0.5309137105941772,0.4948429465293884,,96,,,
0.16447268426418304,21,,,,4,0.36701056361198425,0.22523406147956848,,97,,,
0.1382462978363037,22,,,,4,0.3063361346721649,0.1886732578277588,,98,,,
0.40872880816459656,23,,,,4,0.5258990526199341,0.4438799023628235,,99,,,
0.2091033011674881,24,,,,4,0.3381909430027008,0.2478295862674713,,0,,,
0.3927701413631439,25,,,,4,0.43140026926994324,0.4043591618537903,,1,,,
0.4737189710140228,26,,,,4,0.49846526980400085,0.48114287853240967,,2,,,
0.2831054627895355,27,,,,4,0.5043030977249146,0.3494647741317749,,3,,,
0.13625256717205048,28,,,,4,0.2192503660917282,0.1611519157886505,,4,,,
1.4997704029083252,29,,,,4,1.0908113718032837,1.3770827054977417,,5,,,
0.5924786925315857,30,,,,4,0.5115052461624146,0.5681866407394409,,6,,,
0.1620270013809204,31,,,,4,0.3811005651950836,0.2277490794658661,,7,,,
0.2083144634962082,32,,,,4,0.3458174765110016,0.24956536293029785,,8,,,
0.22859123349189758,33,,,,4,0.39936771988868713,0.2798241674900055,,9,,,
0.7412669062614441,34,,,,4,0.7689917683601379,0.7495843172073364,,10,,,
0.3807006776332855,35,,,,4,0.3737519681453705,0.378616064786911,,11,,,
0.5872331857681274,36,,,,4,0.6601470112800598,0.6091073155403137,,12,,,
0.4817189574241638,37,,,,4,0.5354945063591003,0.4978516101837158,,13,,,
0.8060158491134644,38,,,,4,0.6754029393196106,0.7668319940567017,,14,,,
0.44640809297561646,39,,,,4,0.4507657587528229,0.4477154016494751,,15,,,
0.3456803262233734,40,,,,4,0.43681803345680237,0.37302166223526,,16,,,
0.20668180286884308,41,,,,4,0.2736388146877289,0.22676891088485718,,17,,,
0.21974556148052216,42,,,,4,0.43472638726234436,0.28423982858657837,,18,,,
0.7234035134315491,43,,,,4,0.6336025595664978,0.6964632272720337,,19,,,
0.36489710211753845,44,,,,4,0.42775508761405945,0.3837544918060303,,20,,,
0.1419430375099182,45,,,,4,0.31883740425109863,0.19501134753227234,,21,,,
0.46110308170318604,46,,,,4,0.48170706629753113,0.46728426218032837,,22,,,
0.199929341673851,47,,,,4,0.3488865792751312,0.2446165233850479,,23,,,
0.18385881185531616,48,,,,4,0.3173954486846924,0.2239198088645935,,24,,,
0.1287124902009964,49,,,,4,0.22875171899795532,0.15872424840927124,,25,,,
0.6578659415245056,50,,,,4,0.5004000663757324,0.6106261610984802,,26,,,
1.099888563156128,51,,,,4,0.743053138256073,0.9928379058837891,,27,,,
0.36177554726600647,52,,,,4,0.4262166917324066,0.381107896566391,,28,,,
1.2234606742858887,53,,,,4,0.8493571877479553,1.111229658126831,,29,,,
0.22784079611301422,54,,,,4,0.34047505259513855,0.2616310715675354,,30,,,
0.30698293447494507,55,,,,4,0.3434253931045532,0.317915678024292,,31,,,
0.4886072874069214,56,,,,4,0.6356403231620789,0.532717227935791,,32,,,
0.27809351682662964,57,,,,4,0.371679425239563,0.3061693012714386,,33,,,
0.12270067632198334,58,,,,4,0.468456506729126,0.22642743587493896,,34,,,
0.5032292008399963,59,,,,4,0.5416848063468933,0.5147658586502075,,35,,,
0.45382818579673767,60,,,,4,0.46562090516090393,0.4573659896850586,,36,,,
1.0621397495269775,61,,,,4,0.7869687676429749,0.9795884490013123,,37,,,
0.4722646474838257,62,,,,4,0.4567837417125702,0.4676203727722168,,38,,,
0.10092951357364655,63,,,,4,0.24308161437511444,0.14357514679431915,,39,,,
0.8974341750144958,64,,,,4,0.7434415817260742,0.8512364029884338,,40,,,
0.09421601891517639,65,,,,4,0.22120927274227142,0.13231399655342102,,41,,,
0.7621229887008667,66,,,,4,0.616387665271759,0.7184023857116699,,42,,,
0.09331242740154266,67,,,,4,0.3224937915802002,0.16206684708595276,,43,,,
0.37382978200912476,68,,,,4,0.44782695174217224,0.39602893590927124,,44,,,
0.3339182138442993,69,,,,4,0.47043946385383606,0.3748745918273926,,45,,,
0.2699955999851227,70,,,,4,0.3184933662414551,0.2845449149608612,,46,,,
1.0539642572402954,71,,,,4,0.723415195941925,0.9547995328903198,,47,,,
0.5563303232192993,72,,,,4,0.5050708651542664,0.5409524440765381,,48,,,
0.2728153467178345,73,,,,4,0.4967356026172638,0.33999142050743103,,49,,,
0.2547285854816437,74,,,,4,0.34204423427581787,0.2809232771396637,,50,,,
0.4337744414806366,75,,,,4,0.6485098004341125,0.4981950521469116,,51,,,
0.6452050805091858,76,,,,4,0.6732711791992188,0.6536248922348022,,52,,,
0.19854773581027985,77,,,,4,0.3779914379119873,0.2523808479309082,,53,,,
0.3825308382511139,78,,,,4,0.40780067443847656,0.3901117742061615,,54,,,
0.470123827457428,79,,,,4,0.5209036469459534,0.48535776138305664,,55,,,
0.2925305664539337,80,,,,4,0.46507367491722107,0.3442935049533844,,56,,,
1.1569188833236694,81,,,,4,0.7847464084625244,1.045267105102539,,57,,,
0.19761767983436584,82,,,,4,0.2943705916404724,0.22664354741573334,,58,,,
0.5672804713249207,83,,,,4,0.5352164506912231,0.5576612949371338,,59,,,
0.8330821990966797,84,,,,4,0.6390630602836609,0.7748764753341675,,60,,,
0.15592096745967865,85,,,,4,0.2829972803592682,0.1940438598394394,,61,,,
0.21426473557949066,86,,,,4,0.37783312797546387,0.263335257768631,,62,,,
0.10622343420982361,87,,,,4,0.3672545850276947,0.1845327764749527,,63,,,
0.1724861115217209,88,,,,4,0.24929718673229218,0.19552943110466003,,64,,,
1.0349832773208618,89,,,,4,0.7199451327323914,0.9404718279838562,,65,,,
0.9403277039527893,90,,,,4,0.7363869547843933,0.8791455030441284,,66,,,
0.9804251194000244,91,,,,4,0.7488007545471191,0.9109378457069397,,67,,,
0.19413462281227112,92,,,,4,0.21856771409511566,0.20146456360816956,,68,,,
0.49294179677963257,93,,,,4,0.5180553197860718,0.5004758834838867,,69,,,
0.2868727147579193,94,,,,4,0.42335596680641174,0.3278176784515381,,70,,,
0.25766515731811523,95,,,,4,0.4014418125152588,0.3007981479167938,,71,,,
0.23676787316799164,96,,,,4,0.4082811176776886,0.2882218360900879,,72,,,
0.11381222307682037,97,,,,4,0.31769058108329773,0.17497572302818298,,73,,,
0.13894733786582947,98,,,,4,0.29658928513526917,0.18623992800712585,,74,,,
0.09315767884254456,99,,,,4,0.22097672522068024,0.1315034031867981,,75,,,
0.4049617648124695,100,,,,4,0.46437254548072815,0.4227849841117859,,76,,,
1.8318696022033691,101,,,,4,1.0410890579223633,1.5946354866027832,,77,,,
0.14163734018802643,102,,,,4,0.27507832646369934,0.18166963756084442,,78,,,
0.22858119010925293,103,,,,4,0.30646446347236633,0.25194618105888367,,79,,,
0.266441285610199,104,,,,4,0.38216686248779297,0.30115896463394165,,80,,,
2.180398464202881,105,,,,4,1.05321204662323,1.8422424793243408,,81,,,
0.14971081912517548,106,,,,4,0.31979048252105713,0.2007347196340561,,82,,,
0.5210771560668945,107,,,,4,0.4755844175815582,0.507429301738739,,83,,,
0.1364077627658844,108,,,,4,0.21000009775161743,0.15848547220230103,,84,,,
0.543131411075592,109,,,,4,0.5776361227035522,0.5534828305244446,,85,,,
0.6691370606422424,110,,,,4,0.6286121010780334,0.6569795608520508,,86,,,
0.7199298739433289,111,,,,4,0.6882345080375671,0.7104212641716003,,87,,,
0.12687890231609344,112,,,,4,0.28485992550849915,0.17427320778369904,,88,,,
0.23178701102733612,113,,,,4,0.3638812303543091,0.2714152932167053,,89,,,
0.6001434922218323,114,,,,4,0.47555121779441833,0.5627658367156982,,90,,,
0.5573878288269043,115,,,,4,0.5620441436767578,0.5587847232818604,,91,,,
0.449246346950531,116,,,,4,0.5190234780311584,0.4701794981956482,,92,,,
0.26342225074768066,117,,,,4,0.4817946255207062,0.3289339542388916,,93,,,
0.14687852561473846,118,,,,4,0.2227463275194168,0.16963887214660645,,94,,,
0.28097596764564514,119,,,,4,0.3336680233478546,0.29678356647491455,,95,,,
0.6514807343482971,120,,,,4,0.770717203617096,0.6872516870498657,,96,,,
0.3958316445350647,121,,,,4,0.5664277076721191,0.44701045751571655,,97,,,
0.3443712592124939,122,,,,4,0.46842825412750244,0.3815883696079254,,98,,,
0.11013485491275787,123,,,,4,0.3733876943588257,0.18911071121692657,,99,,,
0.10302915424108505,124,,,,4,0.20291073620319366,0.13299362361431122,,0,,,
0.3842286467552185,125,,,,4,0.4545693099498749,0.4053308367729187,,1,,,
0.3558049201965332,126,,,,4,0.43476369976997375,0.3794925808906555,,2,,,
0.267190545797348,127,,,,4,0.35023632645606995,0.2921043038368225,,3,,,
0.3376179337501526,128,,,,4,0.4762236177921295,0.3791996240615845,,4,,,
0.18126444518566132,129,,,,4,0.287125825881958,0.2130228579044342,,5,,,
0.4711732864379883,130,,,,4,0.7551984786987305,0.5563808679580688,,6,,,
0.4745836853981018,131,,,,4,0.5056079626083374,0.48389095067977905,,7,,,
1.681862235069275,132,,,,4,0.9710976481437683,1.4686328172683716,,8,,,
0.517418384552002,133,,,,4,0.5638719797134399,0.5313544869422913,,9,,,
0.7007187604904175,134,,,,4,0.6177098155021667,0.6758160591125488,,10,,,
0.6887395977973938,135,,,,4,0.7807343602180481,0.716338038444519,,11,,,
0.4658651649951935,136,,,,4,0.37425243854522705,0.4383813738822937,,12,,,
0.49143272638320923,137,,,,4,0.4739008843898773,0.486173152923584,,13,,,
0.23149169981479645,138,,,,4,0.33825746178627014,0.2635214328765869,,14,,,
0.09138572961091995,139,,,,4,0.20319288969039917,0.12492787837982178,,15,,,
0.13749012351036072,140,,,,4,0.2259504199028015,0.16402821242809296,,16,,,
0.602732241153717,141,,,,4,0.6309732794761658,0.6112045645713806,,17,,,
1.4070459604263306,142,,,,4,0.9146881699562073,1.259338617324829,,18,,,
1.8843015432357788,143,,,,4,0.929536759853363,1.5978721380233765,,19,,,
0.23427502810955048,144,,,,4,0.2707931697368622,0.24523048102855682,,20,,,
0.30183640122413635,145,,,,4,0.31352177262306213,0.30534201860427856,,21,,,
2.254080295562744,146,,,,4,1.0950251817703247,1.9063637256622314,,22,,,
0.07859721034765244,147,,,,4,0.20226766169071198,0.11569834500551224,,23,,,
0.021939778700470924,148,,,,4,0.3169788420200348,0.11045150458812714,,24,,,
0.9782208800315857,149,,,,4,0.617942750453949,0.8701374530792236,,25,,,
0.47288212180137634,150,,,,4,0.4267553985118866,0.45904409885406494,,26,,,
0.28155210614204407,151,,,,4,0.3669758141040802,0.30717921257019043,,27,,,
0.11914617568254471,152,,,,4,0.4660952389240265,0.22323089838027954,,28,,,
1.769350290298462,153,,,,4,0.8978824615478516,1.507909893989563,,29,,,
0.10375230759382248,154,,,,4,0.30832675099372864,0.16512463986873627,,30,,,
0.7880389094352722,155,,,,4,0.6227755546569824,0.7384598851203918,,31,,,
0.11044371128082275,156,,,,4,0.27111896872520447,0.15864628553390503,,32,,,
0.827900767326355,157,,,,4,0.7121762633323669,0.793183445930481,,33,,,
0.6738305687904358,158,,,,4,0.677895724773407,0.6750501394271851,,34,,,
0.27525994181632996,159,,,,4,0.3155325949192047,0.28734174370765686,,35,,,
1.5138968229293823,160,,,,4,0.8334252238273621,1.3097553253173828,,36,,,
0.17214494943618774,161,,,,4,0.42944684624671936,0.24933552742004395,,37,,,
0.08951177448034286,162,,,,4,0.2289605736732483,0.1313464194536209,,38,,,
0.9995547533035278,163,,,,4,0.8359057307243347,0.9504600763320923,,39,,,
0.33848467469215393,164,,,,4,0.39191877841949463,0.3545148968696594,,40,,,
0.892507791519165,165,,,,4,0.872058629989624,0.8863730430603027,,41,,,
0.2667854428291321,166,,,,4,0.4128933250904083,0.3106178045272827,,42,,,
0.7892870903015137,167,,,,4,0.655534565448761,0.7491613626480103,,43,,,
0.11798148602247238,168,,,,4,0.22887341678142548,0.15124906599521637,,44,,,
1.1509279012680054,169,,,,4,0.8149988651275635,1.0501492023468018,,45,,,
0.18312306702136993,170,,,,4,0.33170199394226074,0.2276967465877533,,46,,,
0.6707882881164551,171,,,,4,0.792926549911499,0.7074297666549683,,47,,,
1.0621700286865234,172,,,,4,0.7728607654571533,0.9753772616386414,,48,,,
0.651756227016449,173,,,,4,0.580621600151062,0.6304158568382263,,49,,,
0.7501025199890137,174,,,,4,0.5977863669395447,0.7044076919555664,,50,,,
0.44088220596313477,175,,,,4,0.541551411151886,0.4710829555988312,,51,,,
0.3177632987499237,176,,,,4,0.4327203035354614,0.3522503972053528,,52,,,
0.9325376152992249,177,,,,4,0.7207155227661133,0.868990957736969,,53,,,
1.6302294731140137,178,,,,4,0.9689476490020752,1.43184494972229,,54,,,
0.45917052030563354,179,,,,4,0.5367100834846497,0.48243239521980286,,55,,,
0.3239435851573944,180,,,,4,0.30336907505989075,0.31777122616767883,,56,,,
0.9211887121200562,181,,,,4,0.7279248237609863,0.8632095456123352,,57,,,
0.82838374376297,182,,,,4,0.7454567551612854,0.8035056591033936,,58,,,
1.0529708862304688,183,,,,4,0.7152414321899414,0.9516520500183105,,59,,,
0.3773954510688782,184,,,,4,0.5503460764884949,0.4292806386947632,,60,,,
0.12532100081443787,185,,,,4,0.261327862739563,0.16612306237220764,,61,,,
0.7992698550224304,186,,,,4,0.6715644001960754,0.760958194732666,,62,,,
1.6804249286651611,187,,,,4,1.126966118812561,1.5143872499465942,,63,,,
0.14445190131664276,188,,,,4,0.2236630916595459,0.16821525990962982,,64,,,
0.9335978031158447,189,,,,4,0.6627382636070251,0.8523399233818054,,65,,,
0.661232590675354,190,,,,4,0.561055600643158,0.6311795115470886,,66,,,
1.584025502204895,191,,,,4,0.7066749930381775,1.3208203315734863,,67,,,
0.1300855278968811,192,,,,4,0.23595504462718964,0.16184638440608978,,68,,,
0.1098371148109436,193,,,,4,0.2474324107170105,0.15111570060253143,,69,,,
0.28962811827659607,194,,,,4,0.4328136742115021,0.33258378505706787,,70,,,
0.57861328125,195,,,,4,0.5343115925788879,0.565322756767273,,71,,,
0.5221988558769226,196,,,,4,0.533155083656311,0.5254857540130615,,72,,,
1.0057222843170166,197,,,,4,0.7927469611167908,0.9418296813964844,,73,,,
0.18208593130111694,198,,,,4,0.2636493742465973,0.20655496418476105,,74,,,
0.07382681965827942,199,,,,4,0.15270979702472687,0.09749171137809753,,75,,,
0.19872374832630157,200,,,,4,0.3489786684513092,0.24380022287368774,,76,,,
0.4420749843120575,201,,,,4,0.5227051377296448,0.466264009475708,,77,,,
0.17178842425346375,202,,,,4,0.2762705385684967,0.20313306152820587,,78,,,
0.6082090139389038,203,,,,4,0.5859430432319641,0.6015292406082153,,79,,,
0.6304886937141418,204,,,,4,0.5554950833320618,0.6079906225204468,,80,,,
0.09409178793430328,205,,,,4,0.2931009531021118,0.1537945419549942,,81,,,
0.6907266974449158,206,,,,4,0.5447312593460083,0.646928071975708,,82,,,
0.9260313510894775,207,,,,4,0.7027768492698669,0.8590549826622009,,83,,,
1.4798331260681152,208,,,,4,0.8819899559020996,1.3004801273345947,,84,,,
0.4264608919620514,209,,,,4,0.5515746474266052,0.4639950394630432,,85,,,
0.818112850189209,210,,,,4,0.7093573212623596,0.7854862213134766,,86,,,
0.4053160846233368,211,,,,4,0.495540976524353,0.43238356709480286,,87,,,
0.3702412247657776,212,,,,4,0.44261810183525085,0.39195430278778076,,88,,,
0.8284246921539307,213,,,,4,0.8773088455200195,0.8430899381637573,,89,,,
0.3015051782131195,214,,,,4,0.47424450516700745,0.3533269762992859,,90,,,
0.2929672598838806,215,,,,4,0.3984951972961426,0.3246256411075592,,91,,,
0.09747659415006638,216,,,,4,0.3942725360393524,0.18651539087295532,,92,,,
0.7360566258430481,217,,,,4,0.4792221486568451,0.6590062975883484,,93,,,
0.09876703470945358,218,,,,4,0.16654635965824127,0.11910083889961243,,94,,,
0.1135445162653923,219,,,,4,0.24629585444927216,0.15336991846561432,,95,,,
0.08283285796642303,220,,,,4,0.1590932160615921,0.105710968375206,,96,,,
1.557529330253601,221,,,,4,0.7714014053344727,1.3216909170150757,,97,,,
0.32872921228408813,222,,,,4,0.4220314025878906,0.35671988129615784,,98,,,
0.3804803490638733,223,,,,4,0.4342193901538849,0.3966020345687866,,99,,,
0.5550438165664673,224,,,,4,0.5538928508758545,0.5546985268592834,,0,,,
0.11342458426952362,225,,,,4,0.1491163969039917,0.12413212656974792,,1,,,
0.3135030269622803,226,,,,4,0.3729349672794342,0.33133262395858765,,2,,,
0.3850906491279602,227,,,,4,0.35704565048217773,0.37667712569236755,,3,,,
0.2834412157535553,228,,,,4,0.3831508457660675,0.31335410475730896,,4,,,
0.806818962097168,229,,,,4,0.7082117199897766,0.777236819267273,,5,,,
0.6546514630317688,230,,,,4,0.6021755337715149,0.6389086842536926,,6,,,
1.8745875358581543,231,,,,4,0.9291956424713135,1.5909700393676758,,7,,,
0.5846939086914062,232,,,,4,0.5638485550880432,0.5784403085708618,,8,,,
0.8759140372276306,233,,,,4,0.6339759826660156,0.8033326268196106,,9,,,
0.6837138533592224,234,,,,4,0.745170533657074,0.7021508812904358,,10,,,
0.5875642895698547,235,,,,4,0.5539242625236511,0.5774722695350647,,11,,,
0.31189316511154175,236,,,,4,0.36771824955940247,0.3286406993865967,,12,,,
0.1588895171880722,237,,,,4,0.4577372074127197,0.24854382872581482,,13,,,
0.18181979656219482,238,,,,4,0.3476642370223999,0.23157313466072083,,14,,,
0.2586038112640381,239,,,,4,0.41426411271095276,0.3053019046783447,,15,,,
0.10417690128087997,240,,,,4,0.1882539838552475,0.12940002977848053,,16,,,
0.39725133776664734,241,,,,4,0.49796250462532043,0.42746469378471375,,17,,,
0.1582133173942566,242,,,,4,0.3664662539958954,0.22068920731544495,,18,,,
0.4010254442691803,243,,,,4,0.4476260244846344,0.415005624294281,,19,,,
1.532824993133545,244,,,,4,0.9665622711181641,1.3629461526870728,,20,,,
0.13800852000713348,245,,,,4,0.24586839973926544,0.17036649584770203,,21,,,
0.09863191843032837,246,,,,4,0.23564650118350983,0.13973629474639893,,22,,,
0.13017794489860535,247,,,,4,0.2503872215747833,0.16624072194099426,,23,,,
0.3728165626525879,248,,,,4,0.3703206479549408,0.37206777930259705,,24,,,
0.20933635532855988,249,,,,4,0.3601008951663971,0.2545657157897949,,25,,,
0.45061495900154114,250,,,,4,0.44397473335266113,0.4486228823661804,,26,,,
0.1976650208234787,251,,,,4,0.3406217098236084,0.24055202305316925,,27,,,
0.5432054400444031,252,,,,4,0.44556811451911926,0.5139142274856567,,28,,,
0.15054847300052643,253,,,,4,0.2526087164878845,0.18116655945777893,,29,,,
1.364377737045288,254,,,,4,0.5973331928253174,1.134264349937439,,30,,,
0.2916252911090851,255,,,,4,0.5325967669487,0.3639167547225952,,31,,,
0.35681015253067017,256,,,,4,0.46728822588920593,0.3899535834789276,,32,,,
0.36880728602409363,257,,,,4,0.36717620491981506,0.36831796169281006,,33,,,
0.23285801708698273,258,,,,4,0.4253641664981842,0.29060986638069153,,34,,,
0.2415698617696762,259,,,,4,0.30443885922431946,0.26043057441711426,,35,,,
2.354947805404663,260,,,,4,1.0766263008117676,1.9714514017105103,,36,,,
0.135688915848732,261,,,,4,0.3525943458080292,0.20076054334640503,,37,,,
0.10921347141265869,262,,,,4,0.31638303399086,0.17136433720588684,,38,,,
0.26156172156333923,263,,,,4,0.33394360542297363,0.2832762897014618,,39,,,
0.16454964876174927,264,,,,4,0.21737085282802582,0.18039602041244507,,40,,,
0.31023842096328735,265,,,,4,0.458071231842041,0.35458827018737793,,41,,,
0.2644643187522888,266,,,,4,0.3357815742492676,0.28585949540138245,,42,,,
1.2849228382110596,267,,,,4,0.9101743698120117,1.1724982261657715,,43,,,
,,,,,4,,,,44,0.5180299878120422,0.8157894611358643,0.5693039894104004
0.12419496476650238,0,,,,5,0.24762339890003204,0.16122350096702576,,45,,,
0.792839527130127,1,,,,5,0.7079167366027832,0.7673627138137817,,46,,,
0.12839233875274658,2,,,,5,0.3409806489944458,0.19216883182525635,,47,,,
0.2545996904373169,3,,,,5,0.41131699085235596,0.3016148805618286,,48,,,
0.3079257607460022,4,,,,5,0.36651715636253357,0.3255031704902649,,49,,,
0.16633054614067078,5,,,,5,0.2839645445346832,0.20162074267864227,,50,,,
0.18928810954093933,6,,,,5,0.2693129777908325,0.213295578956604,,51,,,
0.5460695028305054,7,,,,5,0.5142704248428345,0.5365297794342041,,52,,,
0.9508334398269653,8,,,,5,0.7162644863128662,0.8804627060890198,,53,,,
1.8605375289916992,9,,,,5,1.050557017326355,1.6175434589385986,,54,,,
0.13054533302783966,10,,,,5,0.28329533338546753,0.17637032270431519,,55,,,
0.2218421846628189,11,,,,5,0.32949018478393555,0.2541365921497345,,56,,,
0.8761576414108276,12,,,,5,0.7245983481407166,0.8306898474693298,,57,,,
0.3506067097187042,13,,,,5,0.3655599057674408,0.3550926744937897,,58,,,
0.2160373330116272,14,,,,5,0.27274566888809204,0.23304983973503113,,59,,,
2.245974540710449,15,,,,5,1.1921212673187256,1.9298186302185059,,60,,,
0.509780764579773,16,,,,5,0.3284495174884796,0.4553813934326172,,61,,,
0.13945691287517548,17,,,,5,0.2862606942653656,0.1834980547428131,,62,,,
0.12660838663578033,18,,,,5,0.2692925035953522,0.16941362619400024,,63,,,
1.2909117937088013,19,,,,5,0.9323156476020813,1.183332920074463,,64,,,
0.3032418489456177,20,,,,5,0.4203174412250519,0.33836454153060913,,65,,,
0.7471514940261841,21,,,,5,0.6169887185096741,0.7081026434898376,,66,,,
1.3826260566711426,22,,,,5,0.8833932280540466,1.232856273651123,,67,,,
0.5536981821060181,23,,,,5,0.5506019592285156,0.5527693033218384,,68,,,
0.19629350304603577,24,,,,5,0.30803802609443665,0.22981686890125275,,69,,,
0.12288445234298706,25,,,,5,0.2619170844554901,0.16459423303604126,,70,,,
1.178984522819519,26,,,,5,0.7638680338859558,1.0544495582580566,,71,,,
0.5684728026390076,27,,,,5,0.5704482197761536,0.5690654516220093,,72,,,
0.1521456092596054,28,,,,5,0.26504260301589966,0.18601471185684204,,73,,,
0.3086671531200409,29,,,,5,0.42049965262413025,0.3422169089317322,,74,,,
2.5298314094543457,30,,,,5,1.1591399908065796,2.118623971939087,,75,,,
0.22044558823108673,31,,,,5,0.3529738187789917,0.2602040767669678,,76,,,
0.4001238942146301,32,,,,5,0.49955201148986816,0.42995232343673706,,77,,,
0.09659282863140106,33,,,,5,0.22890697419643402,0.13628707826137543,,78,,,
0.264960914850235,34,,,,5,0.36352476477622986,0.29453006386756897,,79,,,
0.11854356527328491,35,,,,5,0.35640081763267517,0.189900740981102,,80,,,
0.25666117668151855,36,,,,5,0.4195936620235443,0.30554091930389404,,81,,,
0.4036514163017273,37,,,,5,0.3385343551635742,0.3841162919998169,,82,,,
0.19746944308280945,38,,,,5,0.26418644189834595,0.21748454868793488,,83,,,
0.09341297298669815,39,,,,5,0.3025249242782593,0.1561465561389923,,84,,,
0.15253818035125732,40,,,,5,0.443889856338501,0.23994368314743042,,85,,,
0.23040339350700378,41,,,,5,0.3593794107437134,0.2690961956977844,,86,,,
0.27770835161209106,42,,,,5,0.44062772393226624,0.3265841603279114,,87,,,
0.17439192533493042,43,,,,5,0.25810423493385315,0.19950562715530396,,88,,,
1.4991519451141357,44,,,,5,0.9012401700019836,1.319778323173523,,89,,,
0.21049919724464417,45,,,,5,0.27594175934791565,0.23013195395469666,,90,,,
0.1265643686056137,46,,,,5,0.22565408051013947,0.15629127621650696,,91,,,
1.12006676197052,47,,,,5,0.782207727432251,1.0187090635299683,,92,,,
0.621319055557251,48,,,,5,0.5056058764457703,0.5866050720214844,,93,,,
0.37038034200668335,49,,,,5,0.4343605935573578,0.38957440853118896,,94,,,
0.20732475817203522,50,,,,5,0.3413269519805908,0.2475254237651825,,95,,,
0.19584394991397858,51,,,,5,0.3574867248535156,0.2443367838859558,,96,,,
0.5795782208442688,52,,,,5,0.6139068007469177,0.5898767709732056,,97,,,
0.36813896894454956,53,,,,5,0.44813862442970276,0.39213889837265015,,98,,,
0.622905433177948,54,,,,5,0.5669711232185364,0.6061251163482666,,99,,,
0.32967492938041687,55,,,,5,0.43292608857154846,0.36065030097961426,,0,,,
0.2492334097623825,56,,,,5,0.3243100345134735,0.2717564105987549,,1,,,
0.11709032207727432,57,,,,5,0.26054808497428894,0.160127654671669,,2,,,
1.4998366832733154,58,,,,5,0.8726866841316223,1.3116916418075562,,3,,,
0.43514809012413025,59,,,,5,0.40840134024620056,0.4271240830421448,,4,,,
0.30934423208236694,60,,,,5,0.4278651177883148,0.3449004888534546,,5,,,
0.49207067489624023,61,,,,5,0.41951850056648254,0.47030502557754517,,6,,,
1.2099120616912842,62,,,,5,0.7795225977897644,1.080795168876648,,7,,,
0.5894436240196228,63,,,,5,0.6399628520011902,0.6045994162559509,,8,,,
0.6545746326446533,64,,,,5,0.68153315782547,0.6626622080802917,,9,,,
0.07253426313400269,65,,,,5,0.15541332960128784,0.09739798307418823,,10,,,
0.6493598222732544,66,,,,5,0.48104575276374817,0.5988656282424927,,11,,,
0.2557196617126465,67,,,,5,0.3492695987224579,0.2837846279144287,,12,,,
0.2714099586009979,68,,,,5,0.4042212963104248,0.3112533688545227,,13,,,
1.9726570844650269,69,,,,5,1.0488466024398804,1.6955139636993408,,14,,,
0.8397083282470703,70,,,,5,0.7503952383995056,0.8129143714904785,,15,,,
0.08276350051164627,71,,,,5,0.20359142124652863,0.11901187896728516,,16,,,
0.1448768973350525,72,,,,5,0.33062466979026794,0.2006012201309204,,17,,,
0.8762390613555908,73,,,,5,0.7759438157081604,0.8461504578590393,,18,,,
0.4698931574821472,74,,,,5,0.8669936060905457,0.5890232920646667,,19,,,
0.23117992281913757,75,,,,5,0.29045557975769043,0.2489626109600067,,20,,,
0.07170107215642929,76,,,,5,0.16548781096935272,0.09983709454536438,,21,,,
1.1101053953170776,77,,,,5,0.8433449268341064,1.0300772190093994,,22,,,
0.18736907839775085,78,,,,5,0.38527151942253113,0.24673980474472046,,23,,,
0.7581532001495361,79,,,,5,0.6981720328330994,0.7401588559150696,,24,,,
0.04201532155275345,80,,,,5,0.18793416023254395,0.0857909768819809,,25,,,
0.755527913570404,81,,,,5,0.5705755949020386,0.700042188167572,,26,,,
0.07664589583873749,82,,,,5,0.1893988400697708,0.11047178506851196,,27,,,
0.8964613676071167,83,,,,5,0.5559660792350769,0.7943127751350403,,28,,,
0.16402772068977356,84,,,,5,0.3277638852596283,0.2131485641002655,,29,,,
0.09176123142242432,85,,,,5,0.17303581535816193,0.1161436140537262,,30,,,
0.23651713132858276,86,,,,5,0.33924341201782227,0.26733502745628357,,31,,,
0.3500339984893799,87,,,,5,0.4008532464504242,0.36527979373931885,,32,,,
0.2558691203594208,88,,,,5,0.388825923204422,0.29575616121292114,,33,,,
0.18325218558311462,89,,,,5,0.4081498682498932,0.2507214844226837,,34,,,
2.1151344776153564,90,,,,5,1.0953564643859863,1.8092011213302612,,35,,,
0.968388557434082,91,,,,5,0.7291162610054016,0.8966069221496582,,36,,,
1.8578331470489502,92,,,,5,1.1651924848556519,1.6500409841537476,,37,,,
0.5804749727249146,93,,,,5,0.6603551506996155,0.6044390201568604,,38,,,
2.094355583190918,94,,,,5,1.1987718343734741,1.8256803750991821,,39,,,
0.7397557497024536,95,,,,5,0.615384578704834,0.7024443745613098,,40,,,
0.6402329206466675,96,,,,5,0.5444512963294983,0.6114984154701233,,41,,,
0.09044483304023743,97,,,,5,0.3224092721939087,0.1600341796875,,42,,,
0.3757409155368805,98,,,,5,0.5077489018440247,0.415343314409256,,43,,,
0.5288150906562805,99,,,,5,0.4794001877307892,0.5139906406402588,,44,,,
0.07449083775281906,100,,,,5,0.15643109381198883,0.09907291829586029,,45,,,
0.3746348023414612,101,,,,5,0.3408024311065674,0.36448508501052856,,46,,,
0.26201242208480835,102,,,,5,0.27754712104797363,0.26667284965515137,,47,,,
0.10690764337778091,103,,,,5,0.20838682353496552,0.137351393699646,,48,,,
0.7338237762451172,104,,,,5,0.6361384391784668,0.70451819896698,,49,,,
0.2104070484638214,105,,,,5,0.4088951051235199,0.2699534595012665,,50,,,
0.6342008113861084,106,,,,5,0.6834682822227478,0.6489810347557068,,51,,,
0.0625302642583847,107,,,,5,0.1261541098356247,0.08161741495132446,,52,,,
0.21705885231494904,108,,,,5,0.39903363585472107,0.2716512978076935,,53,,,
0.31342050433158875,109,,,,5,0.4701373875141144,0.3604355752468109,,54,,,
0.13635826110839844,110,,,,5,0.1924891471862793,0.1531975269317627,,55,,,
0.2734413743019104,111,,,,5,0.5713295340538025,0.3628078103065491,,56,,,
0.5557647943496704,112,,,,5,0.5118616223335266,0.5425938367843628,,57,,,
0.9090248942375183,113,,,,5,0.6781733632087708,0.8397694826126099,,58,,,
0.24575191736221313,114,,,,5,0.4561489522457123,0.3088710308074951,,59,,,
0.26943060755729675,115,,,,5,0.34215864539146423,0.29124900698661804,,60,,,
0.11568943411111832,116,,,,5,0.21379196643829346,0.14512020349502563,,61,,,
0.05340522900223732,117,,,,5,0.2425685077905655,0.11015421897172928,,62,,,
0.3489548861980438,118,,,,5,0.4036773145198822,0.36537161469459534,,63,,,
0.18509185314178467,119,,,,5,0.3185978829860687,0.2251436710357666,,64,,,
2.8486194610595703,120,,,,5,1.1838678121566772,2.349194049835205,,65,,,
0.6762098670005798,121,,,,5,0.5778940320014954,0.6467151045799255,,66,,,
0.5366357564926147,122,,,,5,0.4790908396244049,0.519372284412384,,67,,,
0.08200326561927795,123,,,,5,0.3502889573574066,0.16248898208141327,,68,,,
0.09209755808115005,124,,,,5,0.15960362553596497,0.11234937608242035,,69,,,
0.16721349954605103,125,,,,5,0.27490589022636414,0.19952121376991272,,70,,,
0.1265152096748352,126,,,,5,0.5475302934646606,0.2528197467327118,,71,,,
0.22391878068447113,127,,,,5,0.4041408598423004,0.2779853940010071,,72,,,
1.6245498657226562,128,,,,5,1.0697168111801147,1.4580998420715332,,73,,,
1.4203542470932007,129,,,,5,0.8688036799430847,1.2548891305923462,,74,,,
0.10013119876384735,130,,,,5,0.28479430079460144,0.15553012490272522,,75,,,
0.22720500826835632,131,,,,5,0.41835495829582214,0.2845500111579895,,76,,,
0.5117021203041077,132,,,,5,0.5030071139335632,0.5090936422348022,,77,,,
0.14231358468532562,133,,,,5,0.2740636467933655,0.18183860182762146,,78,,,
0.7684090733528137,134,,,,5,0.6677431464195251,0.7382092475891113,,79,,,
0.6438955068588257,135,,,,5,0.6946892738342285,0.6591336131095886,,80,,,
0.05198447406291962,136,,,,5,0.18066425621509552,0.09058840572834015,,81,,,
0.015346539206802845,137,,,,5,0.30263158679008484,0.10153205692768097,,82,,,
0.8449115753173828,138,,,,5,0.6769378781318665,0.7945194840431213,,83,,,
0.1384432166814804,139,,,,5,0.38544395565986633,0.21254344284534454,,84,,,
0.06410720199346542,140,,,,5,0.10028313845396042,0.07495998591184616,,85,,,
0.15784230828285217,141,,,,5,0.23350177705287933,0.18054014444351196,,86,,,
0.4112580120563507,142,,,,5,0.47772717475891113,0.43119877576828003,,87,,,
0.7416685223579407,143,,,,5,0.6801953315734863,0.7232265472412109,,88,,,
0.3805676996707916,144,,,,5,0.33160969614982605,0.3658803105354309,,89,,,
0.05271710082888603,145,,,,5,0.3308354318141937,0.13615261018276215,,90,,,
0.08704998344182968,146,,,,5,0.2609192430973053,0.1392107605934143,,91,,,
0.6602232456207275,147,,,,5,0.5622866153717041,0.6308422684669495,,92,,,
0.7075073719024658,148,,,,5,0.6284347772598267,0.6837855577468872,,93,,,
0.3807653486728668,149,,,,5,0.3960016071796417,0.3853362202644348,,94,,,
0.13082045316696167,150,,,,5,0.2132810801267624,0.15555864572525024,,95,,,
0.0907379537820816,151,,,,5,0.1856657713651657,0.11921629309654236,,96,,,
0.6339184641838074,152,,,,5,0.3840010166168213,0.5589432716369629,,97,,,
0.29159536957740784,153,,,,5,0.44068217277526855,0.3363214135169983,,98,,,
0.7265304327011108,154,,,,5,0.5289185643196106,0.6672468185424805,,99,,,
0.7373563647270203,155,,,,5,0.6283883452415466,0.7046659588813782,,0,,,
1.126981258392334,156,,,,5,0.9356897473335266,1.0695937871932983,,1,,,
0.09389852732419968,157,,,,5,0.21889923512935638,0.1313987374305725,,2,,,
0.09793520718812943,158,,,,5,0.2017190009355545,0.12907034158706665,,3,,,
0.08318810909986496,159,,,,5,0.17866498231887817,0.1118311733007431,,4,,,
0.47175827622413635,160,,,,5,0.44112977385520935,0.4625697433948517,,5,,,
1.483997106552124,161,,,,5,0.9761908054351807,1.3316552639007568,,6,,,
0.07784703373908997,162,,,,5,0.13892628252506256,0.0961708128452301,,7,,,
0.3526545464992523,163,,,,5,0.37822484970092773,0.3603256344795227,,8,,,
0.11041339486837387,164,,,,5,0.22792036831378937,0.1456654965877533,,9,,,
0.10219505429267883,165,,,,5,0.2227073460817337,0.1383487433195114,,10,,,
0.551774263381958,166,,,,5,0.4614383280277252,0.5246734619140625,,11,,,
0.2802112102508545,167,,,,5,0.6528889536857605,0.3920145332813263,,12,,,
0.2368750274181366,168,,,,5,0.36305439472198486,0.27472883462905884,,13,,,
0.20618441700935364,169,,,,5,0.32753506302833557,0.24258960783481598,,14,,,
0.41876035928726196,170,,,,5,0.42575791478157043,0.4208596348762512,,15,,,
0.8598933815956116,171,,,,5,0.6522863507270813,0.7976112961769104,,16,,,
0.11788507550954819,172,,,,5,0.20283441245555878,0.1433698832988739,,17,,,
0.05446503683924675,173,,,,5,0.14178504049777985,0.08066104352474213,,18,,,
0.0889117494225502,174,,,,5,0.2667616903781891,0.14226673543453217,,19,,,
0.4868757724761963,175,,,,5,0.62404865026474,0.5280276536941528,,20,,,
0.1500779688358307,176,,,,5,0.3511803150177002,0.21040868759155273,,21,,,
0.12120446562767029,177,,,,5,0.18932950496673584,0.14164197444915771,,22,,,
0.6240238547325134,178,,,,5,0.5420850515365601,0.5994422435760498,,23,,,
0.16274328529834747,179,,,,5,0.31308552622795105,0.20784595608711243,,24,,,
0.20517337322235107,180,,,,5,0.31409940123558044,0.23785117268562317,,25,,,
1.0351563692092896,181,,,,5,0.8027878403663635,0.9654458165168762,,26,,,
0.13806283473968506,182,,,,5,0.2971707284450531,0.18579520285129547,,27,,,
0.8450825810432434,183,,,,5,0.709871232509613,0.8045191764831543,,28,,,
0.2445901781320572,184,,,,5,0.33543431758880615,0.27184343338012695,,29,,,
0.07103896886110306,185,,,,5,0.16988778114318848,0.10069361329078674,,30,,,
0.11514859646558762,186,,,,5,0.2404318004846573,0.15273356437683105,,31,,,
0.4462440609931946,187,,,,5,0.34072670340538025,0.4145888686180115,,32,,,
0.5454803109169006,188,,,,5,0.5109697580337524,0.5351271629333496,,33,,,
0.29929596185684204,189,,,,5,0.4495484530925751,0.3443717062473297,,34,,,
0.07722407579421997,190,,,,5,0.153957799077034,0.1002441942691803,,35,,,
0.21915975213050842,191,,,,5,0.4287532866001129,0.28203779458999634,,36,,,
0.5734143257141113,192,,,,5,0.7105331420898438,0.614549994468689,,37,,,
0.281089723110199,193,,,,5,0.3246764838695526,0.2941657602787018,,38,,,
0.09241551905870438,194,,,,5,0.2848549485206604,0.15014734864234924,,39,,,
0.05965252220630646,195,,,,5,0.14604069292545319,0.08556897193193436,,40,,,
0.11024963110685349,196,,,,5,0.18967223167419434,0.13407641649246216,,41,,,
0.21808603405952454,197,,,,5,0.3525533378124237,0.2584262192249298,,42,,,
0.2774621546268463,198,,,,5,0.38080301880836487,0.3084644079208374,,43,,,
0.42093056440353394,199,,,,5,0.437336802482605,0.4258524179458618,,44,,,
0.13924379646778107,200,,,,5,0.21202176809310913,0.16107718646526337,,45,,,
0.48482829332351685,201,,,,5,0.4026128351688385,0.4601636528968811,,46,,,
0.385398805141449,202,,,,5,0.5003228187561035,0.41987597942352295,,47,,,
1.4514610767364502,203,,,,5,0.8479280471801758,1.270401120185852,,48,,,
0.6213116645812988,204,,,,5,0.5452961325645447,0.5985070466995239,,49,,,
0.1773703247308731,205,,,,5,0.4116927683353424,0.24766705930233002,,50,,,
0.09163767099380493,206,,,,5,0.18579570949077606,0.11988508701324463,,51,,,
0.08904218673706055,207,,,,5,0.19164644181728363,0.11982347071170807,,52,,,
0.3631698191165924,208,,,,5,0.3818753957748413,0.36878150701522827,,53,,,
1.17753267288208,209,,,,5,1.1553455591201782,1.1708765029907227,,54,,,
0.18718738853931427,210,,,,5,0.48956987261772156,0.27790212631225586,,55,,,
0.22701911628246307,211,,,,5,0.239571213722229,0.23078474402427673,,56,,,
0.5841230154037476,212,,,,5,0.5099026560783386,0.5618569254875183,,57,,,
0.2940719425678253,213,,,,5,0.3919248580932617,0.32342782616615295,,58,,,
0.13362406194210052,214,,,,5,0.1747760772705078,0.14596965909004211,,59,,,
0.5018788576126099,215,,,,5,0.532941997051239,0.5111978054046631,,60,,,
0.26359060406684875,216,,,,5,0.41615986824035645,0.30936139822006226,,61,,,
0.09931562095880508,217,,,,5,0.2719745337963104,0.15111330151557922,,62,,,
0.6797353625297546,218,,,,5,0.6230258345603943,0.6627225279808044,,63,,,
0.05992954596877098,219,,,,5,0.14493003487586975,0.08542969077825546,,64,,,
0.05313170701265335,220,,,,5,0.11747986078262329,0.07243615388870239,,65,,,
0.9820716977119446,221,,,,5,0.9040717482566833,0.9586716890335083,,66,,,
1.8545492887496948,222,,,,5,1.073140263557434,1.6201266050338745,,67,,,
0.18321387469768524,223,,,,5,0.34442809224128723,0.23157814145088196,,68,,,
0.18010343611240387,224,,,,5,0.34789004921913147,0.2304394245147705,,69,,,
0.39100757241249084,225,,,,5,0.3501993417739868,0.3787651062011719,,70,,,
0.7437334060668945,226,,,,5,0.5092994570732117,0.6734032034873962,,71,,,
0.07928726077079773,227,,,,5,0.1590448021888733,0.10321452468633652,,72,,,
0.2359452098608017,228,,,,5,0.36231479048728943,0.2738560736179352,,73,,,
0.32206931710243225,229,,,,5,0.38609349727630615,0.3412765860557556,,74,,,
0.2906322777271271,230,,,,5,0.3836774528026581,0.3185458183288574,,75,,,
0.04119119048118591,231,,,,5,0.3883708715438843,0.14534509181976318,,76,,,
0.11757087707519531,232,,,,5,0.26320359110832214,0.1612606942653656,,77,,,
0.15798278152942657,233,,,,5,0.2227867990732193,0.17742398381233215,,78,,,
0.49397483468055725,234,,,,5,0.5437713265419006,0.5089137554168701,,79,,,
2.259537935256958,235,,,,5,1.2184606790542603,1.9472147226333618,,80,,,
0.16471447050571442,236,,,,5,0.32220250368118286,0.21196088194847107,,81,,,
0.17664286494255066,237,,,,5,0.24448852241039276,0.1969965696334839,,82,,,
0.4495689868927002,238,,,,5,0.49907609820365906,0.4644210934638977,,83,,,
0.06232285127043724,239,,,,5,0.22564749419689178,0.11132024973630905,,84,,,
1.8506346940994263,240,,,,5,1.3295857906341553,1.6943199634552002,,85,,,
0.831421971321106,241,,,,5,0.5443422794342041,0.7452980279922485,,86,,,
0.1624240279197693,242,,,,5,0.40437936782836914,0.23501063883304596,,87,,,
2.208469867706299,243,,,,5,1.2092541456222534,1.9087051153182983,,88,,,
0.21324045956134796,244,,,,5,0.4089982211589813,0.2719677686691284,,89,,,
0.47420594096183777,245,,,,5,0.6622881889343262,0.5306306481361389,,90,,,
1.2545483112335205,246,,,,5,1.0337721109390259,1.1883153915405273,,91,,,
0.21707266569137573,247,,,,5,0.35168325901031494,0.25745585560798645,,92,,,
0.8380832672119141,248,,,,5,0.6572723388671875,0.783840000629425,,93,,,
0.0694500207901001,249,,,,5,0.12236645072698593,0.08532495051622391,,94,,,
0.220436230301857,250,,,,5,0.45761552453041077,0.29159003496170044,,95,,,
0.10716234892606735,251,,,,5,0.3245243728160858,0.17237097024917603,,96,,,
1.915575385093689,252,,,,5,0.9360724091529846,1.6217246055603027,,97,,,
0.7023448944091797,253,,,,5,0.43680813908576965,0.6226838827133179,,98,,,
1.1004173755645752,254,,,,5,0.8419670462608337,1.0228822231292725,,99,,,
0.06426450610160828,255,,,,5,0.5779086351394653,0.21835774183273315,,0,,,
0.15568767488002777,256,,,,5,0.23839159309864044,0.1804988533258438,,1,,,
0.15431758761405945,257,,,,5,0.27246764302253723,0.18976260721683502,,2,,,
0.09123742580413818,258,,,,5,0.22775626182556152,0.13219308853149414,,3,,,
2.036196231842041,259,,,,5,1.1396631002426147,1.7672362327575684,,4,,,
0.5287491083145142,260,,,,5,0.49406108260154724,0.5183427333831787,,5,,,
0.10769575834274292,261,,,,5,0.30706071853637695,0.16750524938106537,,6,,,
0.09053924679756165,262,,,,5,0.1947769969701767,0.12181057035923004,,7,,,
0.2254636287689209,263,,,,5,0.37115201354026794,0.2691701352596283,,8,,,
0.6845313906669617,264,,,,5,0.6416267156600952,0.6716600060462952,,9,,,
0.17862264811992645,265,,,,5,0.4468710720539093,0.259097158908844,,10,,,
0.3374413549900055,266,,,,5,0.42172691226005554,0.3627270460128784,,11,,,
0.09254636615514755,267,,,,5,0.14587725698947906,0.10854563117027283,,12,,,
,,,,,5,,,,13,0.4721416234970093,0.7631579041481018,0.59832364320755
0.1518046110868454,0,,,,6,0.312289297580719,0.19995000958442688,,14,,,
0.3685728907585144,1,,,,6,0.4514900743961334,0.3934480547904968,,15,,,
1.2708958387374878,2,,,,6,1.149769902229309,1.23455810546875,,16,,,
0.2634236216545105,3,,,,6,0.4144867956638336,0.30874258279800415,,17,,,
0.2362108826637268,4,,,,6,0.28736627101898193,0.25155749917030334,,18,,,
0.3830043077468872,5,,,,6,0.4846879243850708,0.4135093688964844,,19,,,
0.40665602684020996,6,,,,6,0.5236360430717468,0.44175001978874207,,20,,,
0.20870503783226013,7,,,,6,0.28660792112350464,0.23207589983940125,,21,,,
0.14534974098205566,8,,,,6,0.23500360548496246,0.17224588990211487,,22,,,
0.4499734044075012,9,,,,6,0.4606654644012451,0.45318102836608887,,23,,,
0.08136113733053207,10,,,,6,0.19936494529247284,0.11676228046417236,,24,,,
0.08148641139268875,11,,,,6,0.13330669701099396,0.09703250229358673,,25,,,
0.17100514471530914,12,,,,6,0.42822885513305664,0.24817225337028503,,26,,,
0.0497637540102005,13,,,,6,0.12059590220451355,0.07101339846849442,,27,,,
0.05839502811431885,14,,,,6,0.12602148950099945,0.07868296653032303,,28,,,
2.350933313369751,15,,,,6,1.1621414422988892,1.9942957162857056,,29,,,
0.7424442172050476,16,,,,6,0.7371971011161804,0.7408701181411743,,30,,,
0.4127185344696045,17,,,,6,0.49586811661720276,0.43766340613365173,,31,,,
0.5979400277137756,18,,,,6,0.561325192451477,0.5869555473327637,,32,,,
0.4578719735145569,19,,,,6,0.448518842458725,0.4550660252571106,,33,,,
0.5732846856117249,20,,,,6,0.5364753007888794,0.5622418522834778,,34,,,
0.17708295583724976,21,,,,6,0.3375822603702545,0.22523275017738342,,35,,,
0.04211213067173958,22,,,,6,0.17831182479858398,0.08297203481197357,,36,,,
0.19411765038967133,23,,,,6,0.2525964081287384,0.21166127920150757,,37,,,
0.4852026104927063,24,,,,6,0.535311222076416,0.5002351999282837,,38,,,
0.3168904781341553,25,,,,6,0.41060972213745117,0.3450062572956085,,39,,,
0.062343571335077286,26,,,,6,0.10646694898605347,0.07558058202266693,,40,,,
0.21228742599487305,27,,,,6,0.37518510222435,0.26115673780441284,,41,,,
0.46525657176971436,28,,,,6,0.42866113781929016,0.4542779326438904,,42,,,
0.20499780774116516,29,,,,6,0.2916289269924164,0.23098714649677277,,43,,,
0.2525600492954254,30,,,,6,0.37951016426086426,0.2906450629234314,,44,,,
0.11256109178066254,31,,,,6,0.322078138589859,0.17541620135307312,,45,,,
0.08741935342550278,32,,,,6,0.2155197113752365,0.12584945559501648,,46,,,
0.20666687190532684,33,,,,6,0.4365709722042084,0.2756381034851074,,47,,,
0.0992116704583168,34,,,,6,0.18731552362442017,0.1256428211927414,,48,,,
1.120105266571045,35,,,,6,0.707746684551239,0.9963976740837097,,49,,,
0.40416502952575684,36,,,,6,0.5170986652374268,0.43804511427879333,,50,,,
0.21607430279254913,37,,,,6,0.23651213943958282,0.22220566868782043,,51,,,
1.1581203937530518,38,,,,6,0.7965142130851746,1.0496385097503662,,52,,,
0.08766629546880722,39,,,,6,0.24357645213603973,0.1344393491744995,,53,,,
0.2794854938983917,40,,,,6,0.46917179226875305,0.3363913893699646,,54,,,
0.528558611869812,41,,,,6,0.46280360221862793,0.5088320970535278,,55,,,
0.1387386918067932,42,,,,6,0.18428583443164825,0.1524028331041336,,56,,,
0.13138644397258759,43,,,,6,0.2781344950199127,0.17541086673736572,,57,,,
0.23379892110824585,44,,,,6,0.2910080850124359,0.25096166133880615,,58,,,
0.056321486830711365,45,,,,6,0.1259123533964157,0.07719874382019043,,59,,,
0.23311223089694977,46,,,,6,0.38354024291038513,0.2782406508922577,,60,,,
0.26980939507484436,47,,,,6,0.36917877197265625,0.29962021112442017,,61,,,
0.08828845620155334,48,,,,6,0.170664444565773,0.1130012571811676,,62,,,
0.09325356781482697,49,,,,6,0.22018373012542725,0.1313326060771942,,63,,,
1.4659687280654907,50,,,,6,1.0483397245407104,1.3406801223754883,,64,,,
0.11636646091938019,51,,,,6,0.17538221180438995,0.13407118618488312,,65,,,
0.5317842960357666,52,,,,6,0.5900545716285706,0.5492653846740723,,66,,,
0.6118463277816772,53,,,,6,0.44494864344596863,0.5617769956588745,,67,,,
0.15600837767124176,54,,,,6,0.2336985468864441,0.17931543290615082,,68,,,
0.5777797698974609,55,,,,6,0.49327221512794495,0.5524275302886963,,69,,,
0.044562775641679764,56,,,,6,0.10787585377693176,0.06355670094490051,,70,,,
0.7251133918762207,57,,,,6,0.5516107678413391,0.6730626225471497,,71,,,
0.10146927088499069,58,,,,6,0.2466421127319336,0.14502112567424774,,72,,,
0.23772145807743073,59,,,,6,0.38110268115997314,0.2807358205318451,,73,,,
1.2978627681732178,60,,,,6,0.9599664807319641,1.1964938640594482,,74,,,
0.19751866161823273,61,,,,6,0.3890745937824249,0.2549854516983032,,75,,,
0.4394632577896118,62,,,,6,0.5546861290931702,0.47403013706207275,,76,,,
0.17883391678333282,63,,,,6,0.423933744430542,0.2523638606071472,,77,,,
0.07115265727043152,64,,,,6,0.1880219727754593,0.10621345043182373,,78,,,
0.2324080765247345,65,,,,6,0.417682409286499,0.28799039125442505,,79,,,
0.0824151262640953,66,,,,6,0.14256079494953156,0.10045883059501648,,80,,,
0.12963168323040009,67,,,,6,0.2222604900598526,0.1574203372001648,,81,,,
1.4142149686813354,68,,,,6,0.8671945929527283,1.2501088380813599,,82,,,
0.05390935018658638,69,,,,6,0.18626834452152252,0.09361705183982849,,83,,,
0.1820865273475647,70,,,,6,0.24055534601211548,0.19962717592716217,,84,,,
1.139843463897705,71,,,,6,0.7781660556793213,1.03134024143219,,85,,,
0.24521416425704956,72,,,,6,0.3921440541744232,0.2892931401729584,,86,,,
0.6815625429153442,73,,,,6,0.4501429498195648,0.6121366620063782,,87,,,
0.09516876190900803,74,,,,6,0.45134174823760986,0.20202066004276276,,88,,,
2.8565785884857178,75,,,,6,1.326316475868225,2.3974997997283936,,89,,,
0.20030681788921356,76,,,,6,0.33149629831314087,0.23966366052627563,,90,,,
1.5539169311523438,77,,,,6,0.9658849835395813,1.3775073289871216,,91,,,
0.05883471295237541,78,,,,6,0.579744279384613,0.21510758996009827,,92,,,
1.5879513025283813,79,,,,6,0.9646546840667725,1.4009623527526855,,93,,,
0.04611853510141373,80,,,,6,0.26107966899871826,0.11060687899589539,,94,,,
0.19207477569580078,81,,,,6,0.20304761826992035,0.19536663591861725,,95,,,
2.55998158454895,82,,,,6,1.4253579378128052,2.2195944786071777,,96,,,
0.07396167516708374,83,,,,6,0.2799479067325592,0.13575755059719086,,97,,,
0.04712752625346184,84,,,,6,0.2509709596633911,0.10828055441379547,,98,,,
0.19158935546875,85,,,,6,0.3269733786582947,0.23220457136631012,,99,,,
0.5919740200042725,86,,,,6,0.52662193775177,0.5723683834075928,,0,,,
0.47569191455841064,87,,,,6,0.4457758367061615,0.46671706438064575,,1,,,
0.008087033405900002,88,,,,6,0.357392281293869,0.11287861317396164,,2,,,
0.16086088120937347,89,,,,6,0.17490871250629425,0.16507522761821747,,3,,,
0.38282182812690735,90,,,,6,0.30483293533325195,0.3594251573085785,,4,,,
0.06744588166475296,91,,,,6,0.142037034034729,0.08982323110103607,,5,,,
0.1678362786769867,92,,,,6,0.2694314420223236,0.19831483066082,,6,,,
0.29957491159439087,93,,,,6,0.6470381617546082,0.403813898563385,,7,,,
0.20386889576911926,94,,,,6,0.30760765075683594,0.23499052226543427,,8,,,
0.08524417877197266,95,,,,6,0.14606918394565582,0.10349167883396149,,9,,,
0.04392341151833534,96,,,,6,0.17830781638622284,0.08423873782157898,,10,,,
0.2283809334039688,97,,,,6,0.3074837028980255,0.2521117627620697,,11,,,
0.12454414367675781,98,,,,6,0.19428683817386627,0.14546695351600647,,12,,,
0.11829513311386108,99,,,,6,0.22998511791229248,0.15180212259292603,,13,,,
0.158045694231987,100,,,,6,0.44283023476600647,0.24348106980323792,,14,,,
0.1751028150320053,101,,,,6,0.22152280807495117,0.1890288144350052,,15,,,
0.10340374708175659,102,,,,6,0.23483407497406006,0.14283284544944763,,16,,,
0.40319955348968506,103,,,,6,0.476452499628067,0.42517542839050293,,17,,,
0.08990508317947388,104,,,,6,0.1393936723470688,0.10475166141986847,,18,,,
0.16164849698543549,105,,,,6,0.3200817406177521,0.20917847752571106,,19,,,
0.8772207498550415,106,,,,6,0.7648612856864929,0.8435128927230835,,20,,,
0.26512908935546875,107,,,,6,0.3171254098415375,0.28072798252105713,,21,,,
0.12997311353683472,108,,,,6,0.4251105785369873,0.2185143530368805,,22,,,
0.4413050711154938,109,,,,6,0.42591777443885803,0.4366888999938965,,23,,,
1.4931526184082031,110,,,,6,1.0709668397903442,1.3664968013763428,,24,,,
0.4654904007911682,111,,,,6,0.673937976360321,0.5280246734619141,,25,,,
0.12597283720970154,112,,,,6,0.212839737534523,0.15203291177749634,,26,,,
0.07467804849147797,113,,,,6,0.1607239991426468,0.10049183666706085,,27,,,
0.3048020601272583,114,,,,6,0.3721219301223755,0.32499802112579346,,28,,,
0.12242511659860611,115,,,,6,0.20950384438037872,0.14854873716831207,,29,,,
0.05368748679757118,116,,,,6,0.15191851556301117,0.08315679430961609,,30,,,
0.2743035554885864,117,,,,6,0.37539318203926086,0.30463045835494995,,31,,,
0.09071291238069534,118,,,,6,0.16084541380405426,0.11175266653299332,,32,,,
0.2545790672302246,119,,,,6,0.4357217848300934,0.3089218735694885,,33,,,
0.24413762986660004,120,,,,6,0.329706072807312,0.26980817317962646,,34,,,
0.4306972324848175,121,,,,6,0.4340563714504242,0.4317049980163574,,35,,,
0.18716484308242798,122,,,,6,0.2847571074962616,0.2164425253868103,,36,,,
0.4225103557109833,123,,,,6,0.42982611060142517,0.4247050881385803,,37,,,
0.05275498330593109,124,,,,6,0.2630518972873688,0.11584405601024628,,38,,,
2.26393723487854,125,,,,6,1.2665468454360962,1.9647201299667358,,39,,,
2.110504150390625,126,,,,6,1.100355625152588,1.8074595928192139,,40,,,
0.043505311012268066,127,,,,6,0.16552571952342987,0.08011143654584885,,41,,,
0.3988367021083832,128,,,,6,0.823813259601593,0.5263296365737915,,42,,,
0.21724295616149902,129,,,,6,0.35958513617515564,0.2599456012248993,,43,,,
0.23730707168579102,130,,,,6,0.6366691589355469,0.3571156859397888,,44,,,
0.3525860011577606,131,,,,6,0.4667483866214752,0.3868347406387329,,45,,,
0.17218539118766785,132,,,,6,0.27667295932769775,0.2035316526889801,,46,,,
0.2642114460468292,133,,,,6,0.37062081694602966,0.29613426327705383,,47,,,
0.17780031263828278,134,,,,6,0.6123078465461731,0.30815258622169495,,48,,,
0.42320528626441956,135,,,,6,0.4220335781574249,0.4228537678718567,,49,,,
0.07149921357631683,136,,,,6,0.21617625653743744,0.11490233242511749,,50,,,
0.5242100954055786,137,,,,6,0.4836616814136505,0.5120455622673035,,51,,,
0.9181573390960693,138,,,,6,0.7215273976325989,0.8591684103012085,,52,,,
0.1159052923321724,139,,,,6,0.2562848627567291,0.15801915526390076,,53,,,
0.23158200085163116,140,,,,6,0.3060503900051117,0.2539225220680237,,54,,,
0.21607689559459686,141,,,,6,0.3307041823863983,0.2504650950431824,,55,,,
0.7820841073989868,142,,,,6,0.7076607346534729,0.7597571015357971,,56,,,
0.11389115452766418,143,,,,6,0.23583324253559113,0.15047377347946167,,57,,,
0.019931042566895485,144,,,,6,0.22443199157714844,0.08128133416175842,,58,,,
0.5909586548805237,145,,,,6,0.5060309171676636,0.5654803514480591,,59,,,
0.3990732431411743,146,,,,6,0.5053039789199829,0.43094247579574585,,60,,,
0.4581564664840698,147,,,,6,0.5326229333877563,0.4804964065551758,,61,,,
0.2319752275943756,148,,,,6,0.2997303605079651,0.25230178236961365,,62,,,
1.0696194171905518,149,,,,6,0.8128306865692139,0.9925827980041504,,63,,,
1.6791064739227295,150,,,,6,1.1353464126586914,1.515978455543518,,64,,,
0.7298949956893921,151,,,,6,0.475538045167923,0.6535879373550415,,65,,,
0.6670809388160706,152,,,,6,0.7111306190490723,0.6802958250045776,,66,,,
0.19818201661109924,153,,,,6,0.25511738657951355,0.21526262164115906,,67,,,
0.1225418671965599,154,,,,6,0.2935546338558197,0.17384570837020874,,68,,,
0.07251430302858353,155,,,,6,0.20723186433315277,0.1129295751452446,,69,,,
0.7841646671295166,156,,,,6,0.725480854511261,0.7665595412254333,,70,,,
1.963565468788147,157,,,,6,1.129593849182129,1.7133740186691284,,71,,,
0.11462914198637009,158,,,,6,0.19216348230838776,0.13788944482803345,,72,,,
1.3078160285949707,159,,,,6,0.9243738055229187,1.1927833557128906,,73,,,
0.033963046967983246,160,,,,6,0.394024133682251,0.14198137819766998,,74,,,
0.33284664154052734,161,,,,6,0.5477954745292664,0.3973312973976135,,75,,,
0.0724688470363617,162,,,,6,0.2302607297897339,0.11980640888214111,,76,,,
0.360411137342453,163,,,,6,0.3788583278656006,0.36594530940055847,,77,,,
0.07181701809167862,164,,,,6,0.1587880402803421,0.09790833294391632,,78,,,
0.1406938135623932,165,,,,6,0.20494841039180756,0.15997019410133362,,79,,,
0.495023638010025,166,,,,6,0.4458698034286499,0.48027747869491577,,80,,,
0.17295850813388824,167,,,,6,0.2235812395811081,0.18814532458782196,,81,,,
0.16846954822540283,168,,,,6,0.2829746603965759,0.20282107591629028,,82,,,
0.396642804145813,169,,,,6,0.4618953466415405,0.4162185788154602,,83,,,
1.549648642539978,170,,,,6,0.8321743011474609,1.3344062566757202,,84,,,
0.04287714883685112,171,,,,6,0.40062811970710754,0.1502024382352829,,85,,,
0.31911882758140564,172,,,,6,0.3257924020290375,0.32112088799476624,,86,,,
0.5969642996788025,173,,,,6,0.5397244095802307,0.579792320728302,,87,,,
1.2753604650497437,174,,,,6,0.8443787693977356,1.1460659503936768,,88,,,
0.4827471375465393,175,,,,6,0.45930585265159607,0.4757147431373596,,89,,,
0.0818190723657608,176,,,,6,0.24311399459838867,0.13020755350589752,,90,,,
0.08193549513816833,177,,,,6,0.3580768406391144,0.16477790474891663,,91,,,
0.09760094434022903,178,,,,6,0.23684899508953094,0.13937535881996155,,92,,,
1.763440489768982,179,,,,6,0.9693341255187988,1.525208592414856,,93,,,
0.09028179198503494,180,,,,6,0.4006984233856201,0.1834067851305008,,94,,,
0.8836528062820435,181,,,,6,0.7503528594970703,0.8436628580093384,,95,,,
0.049506932497024536,182,,,,6,0.13978083431720734,0.07658910751342773,,96,,,
0.11291775852441788,183,,,,6,0.1729384809732437,0.13092397153377533,,97,,,
0.3405730128288269,184,,,,6,0.3461923599243164,0.3422588109970093,,98,,,
1.3453350067138672,185,,,,6,0.9235945343971252,1.2188128232955933,,99,,,
0.6953284740447998,186,,,,6,0.6532968282699585,0.6827189922332764,,0,,,
1.4464492797851562,187,,,,6,0.9035203456878662,1.2835705280303955,,1,,,
0.4716000556945801,188,,,,6,0.4633701741695404,0.46913108229637146,,2,,,
0.6181653738021851,189,,,,6,0.6123579144477844,0.6164231300354004,,3,,,
1.4674934148788452,190,,,,6,0.7139508724212646,1.241430640220642,,4,,,
1.9585182666778564,191,,,,6,1.1190929412841797,1.7066906690597534,,5,,,
0.03485981374979019,192,,,,6,0.17592096328735352,0.07717816531658173,,6,,,
0.5690475702285767,193,,,,6,0.5174240469932556,0.5535604953765869,,7,,,
0.5459001660346985,194,,,,6,0.5868803858757019,0.5581942200660706,,8,,,
0.4114990532398224,195,,,,6,0.39573076367378235,0.4067685604095459,,9,,,
0.9884004592895508,196,,,,6,0.7619590163230896,0.9204679727554321,,10,,,
0.20942744612693787,197,,,,6,0.23642702400684357,0.21752731502056122,,11,,,
0.07798465341329575,198,,,,6,0.20557081699371338,0.11626049876213074,,12,,,
0.1176215335726738,199,,,,6,0.16662049293518066,0.13232122361660004,,13,,,
0.08509966731071472,200,,,,6,0.14849187433719635,0.10411733388900757,,14,,,
0.07299104332923889,201,,,,6,0.197371706366539,0.11030524969100952,,15,,,
0.11635436117649078,202,,,,6,0.20361512899398804,0.1425325870513916,,16,,,
0.17080236971378326,203,,,,6,0.19545294344425201,0.17819754779338837,,17,,,
0.3930666148662567,204,,,,6,0.42476439476013184,0.4025759696960449,,18,,,
0.6746601462364197,205,,,,6,0.6440882086753845,0.6654885411262512,,19,,,
0.11074372380971909,206,,,,6,0.14455340802669525,0.12088663130998611,,20,,,
0.09672702848911285,207,,,,6,0.16351160407066345,0.11676239967346191,,21,,,
0.09634894877672195,208,,,,6,0.17861981689929962,0.12103021144866943,,22,,,
0.5849829912185669,209,,,,6,0.5449244379997253,0.5729653835296631,,23,,,
0.40560734272003174,210,,,,6,0.42505040764808655,0.41144025325775146,,24,,,
1.4792635440826416,211,,,,6,0.8782909512519836,1.2989717721939087,,25,,,
0.2800566256046295,212,,,,6,0.25770726799964905,0.2733518183231354,,26,,,
0.044995591044425964,213,,,,6,0.34373506903648376,0.13461744785308838,,27,,,
0.11745025217533112,214,,,,6,0.18930767476558685,0.13900747895240784,,28,,,
0.08384276926517487,215,,,,6,0.2155909538269043,0.12336722761392593,,29,,,
0.11312047392129898,216,,,,6,0.2621834874153137,0.15783938765525818,,30,,,
0.06903133541345596,217,,,,6,0.12242165952920914,0.08504843711853027,,31,,,
0.058712754398584366,218,,,,6,0.16682486236095428,0.09114638715982437,,32,,,
0.3806009590625763,219,,,,6,0.5916762351989746,0.4439235329627991,,33,,,
0.12945009768009186,220,,,,6,0.26868051290512085,0.17121922969818115,,34,,,
0.046942710876464844,221,,,,6,0.14271597564220428,0.07567469030618668,,35,,,
0.3634943664073944,222,,,,6,0.6959605813026428,0.4632342457771301,,36,,,
0.25365734100341797,223,,,,6,0.4564182758331299,0.3144856095314026,,37,,,
0.17579859495162964,224,,,,6,0.3873980939388275,0.23927843570709229,,38,,,
0.1102571040391922,225,,,,6,0.14952810108661652,0.12203840166330338,,39,,,
0.49706053733825684,226,,,,6,0.487404465675354,0.49416372179985046,,40,,,
0.5413239598274231,227,,,,6,0.6376113295555115,0.5702101588249207,,41,,,
0.0658794492483139,228,,,,6,0.1422301083803177,0.08878464996814728,,42,,,
0.032415714114904404,229,,,,6,0.08716842532157898,0.048841528594493866,,43,,,
0.8905613422393799,230,,,,6,0.9041616320610046,0.8946413993835449,,44,,,
0.34432148933410645,231,,,,6,0.5007772445678711,0.39125823974609375,,45,,,
0.6171028017997742,232,,,,6,0.9302060008049011,0.711033821105957,,46,,,
0.11378785967826843,233,,,,6,0.22173446416854858,0.14617183804512024,,47,,,
0.07184253633022308,234,,,,6,0.19431400299072266,0.1085839793086052,,48,,,
0.1379469484090805,235,,,,6,0.21785710752010345,0.1619199961423874,,49,,,
0.7937881946563721,236,,,,6,0.6431697010993958,0.7486026287078857,,50,,,
0.7234485745429993,237,,,,6,0.5710582137107849,0.677731454372406,,51,,,
0.3322644829750061,238,,,,6,0.5011466145515442,0.38292911648750305,,52,,,
1.1980252265930176,239,,,,6,0.7706274390220642,1.0698058605194092,,53,,,
0.8402639627456665,240,,,,6,0.787428617477417,0.8244133591651917,,54,,,
0.7436678409576416,241,,,,6,0.5684877038002014,0.6911138296127319,,55,,,
0.6372978687286377,242,,,,6,0.4647883474826813,0.585545003414154,,56,,,
0.1960703283548355,243,,,,6,0.2762110233306885,0.22011253237724304,,57,,,
0.8864107728004456,244,,,,6,0.6593783497810364,0.8183010220527649,,58,,,
0.4565659761428833,245,,,,6,0.4082339107990265,0.44206634163856506,,59,,,
0.9513884782791138,246,,,,6,0.6481744647026062,0.860424280166626,,60,,,
0.32426515221595764,247,,,,6,0.41470006108283997,0.3513956367969513,,61,,,
0.8936211466789246,248,,,,6,0.8699161410331726,0.8865096569061279,,62,,,
0.9516196846961975,249,,,,6,1.0709651708602905,0.987423300743103,,63,,,
0.171418696641922,250,,,,6,0.30629047751426697,0.21188023686408997,,64,,,
1.09416663646698,251,,,,6,0.7514708638191223,0.9913579225540161,,65,,,
0.23049503564834595,252,,,,6,0.35616955161094666,0.2681973874568939,,66,,,
0.14578156173229218,253,,,,6,0.22561103105545044,0.16973039507865906,,67,,,
0.3512750267982483,254,,,,6,0.40651771426200867,0.36784783005714417,,68,,,
0.09623072296380997,255,,,,6,0.16679738461971283,0.11740072071552277,,69,,,
1.0311343669891357,256,,,,6,0.858781635761261,0.9794285297393799,,70,,,
0.05976572260260582,257,,,,6,0.1303071528673172,0.08092814683914185,,71,,,
0.31018054485321045,258,,,,6,0.4421091079711914,0.3497591018676758,,72,,,
0.06967897713184357,259,,,,6,0.16333197057247162,0.09777487814426422,,73,,,
0.03981425240635872,260,,,,6,0.14827479422092438,0.07235241681337357,,74,,,
0.3046724200248718,261,,,,6,0.47164681553840637,0.35476475954055786,,75,,,
0.06624400615692139,262,,,,6,0.16243666410446167,0.09510180354118347,,76,,,
0.05135391652584076,263,,,,6,0.07347545772790909,0.05799037963151932,,77,,,
0.3943278193473816,264,,,,6,0.3401922285556793,0.3780871331691742,,78,,,
0.10649685561656952,265,,,,6,0.44948387145996094,0.2093929648399353,,79,,,
0.6055011749267578,266,,,,6,0.5780406594276428,0.597262978553772,,80,,,
0.22581693530082703,267,,,,6,0.3968353271484375,0.277122437953949,,81,,,
,,,,,6,,,,82,0.4285348653793335,0.7631579041481018,0.5319336652755737
0.03863649442791939,0,,,,7,0.07824639230966568,0.050519466400146484,,83,,,
0.05974068120121956,1,,,,7,0.16414816677570343,0.09106293320655823,,84,,,
0.07467063516378403,2,,,,7,0.2586025893688202,0.12985022366046906,,85,,,
0.11369742453098297,3,,,,7,0.20226560533046722,0.14026787877082825,,86,,,
0.08141157776117325,4,,,,7,0.1737716943025589,0.10911961644887924,,87,,,
0.0702778697013855,5,,,,7,0.30375632643699646,0.14032140374183655,,88,,,
0.4090278744697571,6,,,,7,0.7218537926673889,0.5028756260871887,,89,,,
0.17078620195388794,7,,,,7,0.3420444428920746,0.22216367721557617,,90,,,
0.11697325110435486,8,,,,7,0.28412914276123047,0.16712002456188202,,91,,,
0.40099143981933594,9,,,,7,0.4124145209789276,0.40441837906837463,,92,,,
0.5056315660476685,10,,,,7,0.5072280764579773,0.5061105489730835,,93,,,
0.5388281345367432,11,,,,7,0.4982509911060333,0.5266549587249756,,94,,,
0.6974536180496216,12,,,,7,0.5881930589675903,0.6646754741668701,,95,,,
0.3838142454624176,13,,,,7,0.4305126368999481,0.3978237509727478,,96,,,
0.02135848067700863,14,,,,7,0.49273720383644104,0.16277210414409637,,97,,,
0.2999723255634308,15,,,,7,0.46507421135902405,0.34950289130210876,,98,,,
0.04116613417863846,16,,,,7,0.11389541625976562,0.06298492103815079,,99,,,
0.027242274954915047,17,,,,7,0.20331789553165436,0.08006495982408524,,0,,,
0.021045353263616562,18,,,,7,0.12250280380249023,0.051482588052749634,,1,,,
0.09025587141513824,19,,,,7,0.2175113409757614,0.1284325122833252,,2,,,
0.12065793573856354,20,,,,7,0.22981198132038116,0.1534041464328766,,3,,,
0.07345183193683624,21,,,,7,0.16472561657428741,0.1008339673280716,,4,,,
1.313043475151062,22,,,,7,0.8089398741722107,1.161812424659729,,5,,,
0.20760704576969147,23,,,,7,0.3755914866924286,0.258002370595932,,6,,,
0.16335225105285645,24,,,,7,0.27906572818756104,0.19806629419326782,,7,,,
0.07076545059680939,25,,,,7,0.1239558681845665,0.08672257512807846,,8,,,
0.25069448351860046,26,,,,7,0.41107377409935,0.2988082766532898,,9,,,
0.25485509634017944,27,,,,7,0.3536885678768158,0.28450512886047363,,10,,,
1.2409920692443848,28,,,,7,0.5857163071632385,1.0444092750549316,,11,,,
0.11934499442577362,29,,,,7,0.1983315795660019,0.1430409699678421,,12,,,
0.11771256476640701,30,,,,7,0.17786550521850586,0.1357584446668625,,13,,,
1.534027099609375,31,,,,7,1.1554298400878906,1.420447826385498,,14,,,
0.06802817434072495,32,,,,7,0.1447170227766037,0.09103482961654663,,15,,,
0.9201251268386841,33,,,,7,0.6886656880378723,0.8506872653961182,,16,,,
0.13282741606235504,34,,,,7,0.23967862129211426,0.16488277912139893,,17,,,
0.32168880105018616,35,,,,7,0.45318153500556946,0.36113661527633667,,18,,,
0.4162135422229767,36,,,,7,0.5158559083938599,0.4461062550544739,,19,,,
0.33789703249931335,37,,,,7,0.5775989294052124,0.40980762243270874,,20,,,
0.06111155077815056,38,,,,7,0.08638402074575424,0.06869329512119293,,21,,,
0.7025966048240662,39,,,,7,0.7234707474708557,0.708858847618103,,22,,,
0.15887191891670227,40,,,,7,0.2809552848339081,0.19549691677093506,,23,,,
1.625793695449829,41,,,,7,0.9149319529533386,1.4125351905822754,,24,,,
0.08628140389919281,42,,,,7,0.1360493302345276,0.1012117862701416,,25,,,
0.6496546268463135,43,,,,7,0.6457430124282837,0.6484811305999756,,26,,,
0.2088453322649002,44,,,,7,0.4197767972946167,0.2721247673034668,,27,,,
0.8595371842384338,45,,,,7,0.746768057346344,0.8257064819335938,,28,,,
0.11812301725149155,46,,,,7,0.16970880329608917,0.13359875977039337,,29,,,
0.2879824638366699,47,,,,7,0.7176950573921204,0.416896253824234,,30,,,
0.06304357945919037,48,,,,7,0.36224961280822754,0.1528053879737854,,31,,,
0.4791407585144043,49,,,,7,0.5036086440086365,0.4864811301231384,,32,,,
0.20011135935783386,50,,,,7,0.37919580936431885,0.2538366913795471,,33,,,
0.07893899083137512,51,,,,7,0.1846892237663269,0.11066406220197678,,34,,,
1.2179443836212158,52,,,,7,0.8331438899040222,1.1025042533874512,,35,,,
0.01535229105502367,53,,,,7,0.3462289571762085,0.114615298807621,,36,,,
0.24438302218914032,54,,,,7,0.6991651058197021,0.3808176517486572,,37,,,
0.07433126866817474,55,,,,7,0.0798460841178894,0.07598571479320526,,38,,,
0.21811671555042267,56,,,,7,0.43583032488822937,0.283430814743042,,39,,,
0.0933561846613884,57,,,,7,0.15502625703811646,0.11185720562934875,,40,,,
1.2670725584030151,58,,,,7,0.8627517223358154,1.1457762718200684,,41,,,
1.2924120426177979,59,,,,7,0.8892689347267151,1.1714690923690796,,42,,,
0.27529823780059814,60,,,,7,0.3928848206996918,0.3105742037296295,,43,,,
0.20230141282081604,61,,,,7,0.4542837142944336,0.27789610624313354,,44,,,
0.05254236236214638,62,,,,7,0.205207958817482,0.09834204614162445,,45,,,
0.17673367261886597,63,,,,7,0.2276572436094284,0.19201074540615082,,46,,,
0.48200374841690063,64,,,,7,0.5526734590530396,0.5032046437263489,,47,,,
0.076236292719841,65,,,,7,0.40551450848579407,0.1750197559595108,,48,,,
0.3338232934474945,66,,,,7,0.32252755761146545,0.33043456077575684,,49,,,
0.4593210816383362,67,,,,7,0.48526251316070557,0.4671034812927246,,50,,,
0.05933161452412605,68,,,,7,0.08438501507043839,0.06684763729572296,,51,,,
0.26852092146873474,69,,,,7,0.2860783338546753,0.2737881541252136,,52,,,
0.8049781918525696,70,,,,7,0.687866747379303,0.7698447704315186,,53,,,
1.4686740636825562,71,,,,7,0.8995075821876526,1.2979241609573364,,54,,,
0.1341397911310196,72,,,,7,0.2523675560951233,0.16960811614990234,,55,,,
0.3840883672237396,73,,,,7,0.3183801770210266,0.36437591910362244,,56,,,
0.056101735681295395,74,,,,7,0.27406370639801025,0.12149032950401306,,57,,,
0.5132718682289124,75,,,,7,0.5936771631240845,0.5373934507369995,,58,,,
0.10060616582632065,76,,,,7,0.3508019745349884,0.17566491663455963,,59,,,
0.7929403185844421,77,,,,7,0.6936323642730713,0.7631479501724243,,60,,,
0.6810275912284851,78,,,,7,0.6745319962501526,0.6790789365768433,,61,,,
0.11809134483337402,79,,,,7,0.14455623924732208,0.1260308027267456,,62,,,
1.0193554162979126,80,,,,7,0.8065759539604187,0.9555215835571289,,63,,,
0.11865950375795364,81,,,,7,0.2653879225254059,0.16267803311347961,,64,,,
0.3406796157360077,82,,,,7,0.228904590010643,0.3071471154689789,,65,,,
0.10007759183645248,83,,,,7,0.19666613638401031,0.12905415892601013,,66,,,
0.08697742223739624,84,,,,7,0.16956210136413574,0.11175283044576645,,67,,,
0.9666324257850647,85,,,,7,0.6399581432342529,0.8686301708221436,,68,,,
0.5669511556625366,86,,,,7,0.7487494349479675,0.6214906573295593,,69,,,
0.4853518605232239,87,,,,7,0.5133022665977478,0.49373698234558105,,70,,,
0.6412951946258545,88,,,,7,0.9498963356018066,0.7338755130767822,,71,,,
0.034534186124801636,89,,,,7,0.09000780433416367,0.051176272332668304,,72,,,
0.22091491520404816,90,,,,7,0.41351985931396484,0.2786963880062103,,73,,,
0.2844899296760559,91,,,,7,0.32764673233032227,0.29743698239326477,,74,,,
0.06480742990970612,92,,,,7,0.3886013329029083,0.16194561123847961,,75,,,
0.8735324144363403,93,,,,7,0.6699206829071045,0.8124488592147827,,76,,,
0.210896834731102,94,,,,7,0.2600996494293213,0.22565768659114838,,77,,,
1.9012385606765747,95,,,,7,1.3238952159881592,1.7280354499816895,,78,,,
0.5237967371940613,96,,,,7,0.6095505356788635,0.549522876739502,,79,,,
0.23497457802295685,97,,,,7,0.34442755579948425,0.2678104639053345,,80,,,
0.24263916909694672,98,,,,7,0.3675006628036499,0.2800976037979126,,81,,,
0.04917333275079727,99,,,,7,0.12895026803016663,0.07310641556978226,,82,,,
0.33535733819007874,100,,,,7,0.34517642855644226,0.3383030593395233,,83,,,
0.389016717672348,101,,,,7,0.374218612909317,0.38457727432250977,,84,,,
0.5358322858810425,102,,,,7,0.4109674394130707,0.4983728229999542,,85,,,
0.7367660403251648,103,,,,7,0.5595675706863403,0.6836065053939819,,86,,,
0.0647146925330162,104,,,,7,0.14026306569576263,0.08737920224666595,,87,,,
0.3738233745098114,105,,,,7,0.36899182200431824,0.37237393856048584,,88,,,
0.3883523941040039,106,,,,7,0.6605031490325928,0.4699976444244385,,89,,,
0.18191412091255188,107,,,,7,0.3666190207004547,0.23732559382915497,,90,,,
0.02523905783891678,108,,,,7,0.09270056337118149,0.04547750949859619,,91,,,
0.16244955360889435,109,,,,7,0.2119826078414917,0.17730948328971863,,92,,,
0.06536758691072464,110,,,,7,0.42061594128608704,0.1719420999288559,,93,,,
0.5238734483718872,111,,,,7,0.49515998363494873,0.5152593851089478,,94,,,
0.05383807420730591,112,,,,7,0.2973782420158386,0.12690012156963348,,95,,,
0.2229193150997162,113,,,,7,0.3078167140483856,0.24838852882385254,,96,,,
0.25898507237434387,114,,,,7,0.32778963446617126,0.2796264588832855,,97,,,
0.1868029534816742,115,,,,7,0.23361307382583618,0.20084598660469055,,98,,,
0.21222668886184692,116,,,,7,0.2530537247657776,0.22447478771209717,,99,,,
2.0799686908721924,117,,,,7,1.0274466276168823,1.7642120122909546,,0,,,
0.18580834567546844,118,,,,7,0.2780427932739258,0.213478684425354,,1,,,
0.016077401116490364,119,,,,7,0.14145900309085846,0.05369188264012337,,2,,,
0.22808252274990082,120,,,,7,0.340230256319046,0.26172685623168945,,3,,,
0.3295789062976837,121,,,,7,0.40986427664756775,0.3536645174026489,,4,,,
0.7675576210021973,122,,,,7,0.7616553902626038,0.7657869458198547,,5,,,
1.550891399383545,123,,,,7,1.0866965055465698,1.411633014678955,,6,,,
0.06934648007154465,124,,,,7,0.09990543872117996,0.07851417362689972,,7,,,
0.11611058562994003,125,,,,7,0.17888712882995605,0.13494354486465454,,8,,,
0.16819724440574646,126,,,,7,0.327956885099411,0.21612513065338135,,9,,,
1.7493908405303955,127,,,,7,0.9154963493347168,1.4992225170135498,,10,,,
0.022293666377663612,128,,,,7,0.1007862314581871,0.045841436833143234,,11,,,
0.5382903814315796,129,,,,7,0.48829972743988037,0.523293137550354,,12,,,
0.21405698359012604,130,,,,7,0.3002036511898041,0.23990099132061005,,13,,,
0.03507611155509949,131,,,,7,0.1800936907529831,0.07858138531446457,,14,,,
0.09423012286424637,132,,,,7,0.2728569805622101,0.1478181779384613,,15,,,
0.09415135532617569,133,,,,7,0.2017993927001953,0.12644577026367188,,16,,,
0.48279285430908203,134,,,,7,0.4966462552547455,0.4869488775730133,,17,,,
0.10851757973432541,135,,,,7,0.23545318841934204,0.14659826457500458,,18,,,
0.08527395129203796,136,,,,7,0.17165327072143555,0.11118774861097336,,19,,,
0.11466081440448761,137,,,,7,0.24974726140499115,0.1551867425441742,,20,,,
0.11329622566699982,138,,,,7,0.5273898243904114,0.23752430081367493,,21,,,
1.4783673286437988,139,,,,7,1.0628749132156372,1.353719711303711,,22,,,
0.2080892026424408,140,,,,7,0.25666287541389465,0.2226613163948059,,23,,,
0.26114949584007263,141,,,,7,0.37095582485198975,0.2940914034843445,,24,,,
0.8507305383682251,142,,,,7,0.6837499141693115,0.800636351108551,,25,,,
0.05737753584980965,143,,,,7,0.11626853793859482,0.07504484057426453,,26,,,
0.04724215343594551,144,,,,7,0.09531638771295547,0.06166442483663559,,27,,,
0.07897600531578064,145,,,,7,0.1673039197921753,0.10547438263893127,,28,,,
0.12097813934087753,146,,,,7,0.3530738055706024,0.19060684740543365,,29,,,
0.1667105257511139,147,,,,7,0.19888687133789062,0.17636342346668243,,30,,,
0.16880762577056885,148,,,,7,0.6125509142875671,0.30193060636520386,,31,,,
0.031318049877882004,149,,,,7,0.1604374349117279,0.07005386799573898,,32,,,
0.45220112800598145,150,,,,7,0.42923060059547424,0.44530996680259705,,33,,,
0.6346394419670105,151,,,,7,0.5272250175476074,0.6024150848388672,,34,,,
0.35302385687828064,152,,,,7,0.3804366886615753,0.361247718334198,,35,,,
0.05774824693799019,153,,,,7,0.09727650880813599,0.0696067288517952,,36,,,
0.016364647075533867,154,,,,7,0.1845734864473343,0.06682729721069336,,37,,,
0.06612998247146606,155,,,,7,0.29498526453971863,0.13478657603263855,,38,,,
0.70428466796875,156,,,,7,0.6126528978347778,0.6767951250076294,,39,,,
0.28244489431381226,157,,,,7,0.5707584619522095,0.36893898248672485,,40,,,
1.0908558368682861,158,,,,7,0.9447399973869324,1.0470211505889893,,41,,,
0.03673655167222023,159,,,,7,0.283242404460907,0.11068831384181976,,42,,,
0.29169565439224243,160,,,,7,0.25311824679374695,0.28012242913246155,,43,,,
0.5511525869369507,161,,,,7,0.4750223159790039,0.5283135175704956,,44,,,
0.3956855237483978,162,,,,7,0.5496862530708313,0.44188573956489563,,45,,,
0.09432406723499298,163,,,,7,0.3339821398258209,0.1662214994430542,,46,,,
0.4897109866142273,164,,,,7,0.58889240026474,0.519465446472168,,47,,,
0.07561133801937103,165,,,,7,0.13338781893253326,0.09294427931308746,,48,,,
0.3949715495109558,166,,,,7,0.5370949506759644,0.4376085698604584,,49,,,
0.09351590275764465,167,,,,7,0.19965243339538574,0.12535685300827026,,50,,,
0.29858526587486267,168,,,,7,0.36852410435676575,0.31956690549850464,,51,,,
0.1350967139005661,169,,,,7,0.21424494683742523,0.15884119272232056,,52,,,
0.135220006108284,170,,,,7,0.2871301472187042,0.18079304695129395,,53,,,
0.07982891798019409,171,,,,7,0.14121603965759277,0.0982450544834137,,54,,,
0.05485759302973747,172,,,,7,0.11236802488565445,0.07211072742938995,,55,,,
0.140640988945961,173,,,,7,0.3797720670700073,0.2123803198337555,,56,,,
0.4685318171977997,174,,,,7,0.48910942673683167,0.4747051000595093,,57,,,
0.015354756265878677,175,,,,7,0.0995362177491188,0.040609195828437805,,58,,,
0.368731290102005,176,,,,7,0.44554105401039124,0.3917742371559143,,59,,,
0.055571991950273514,177,,,,7,0.16952522099018097,0.08975796401500702,,60,,,
0.02319326624274254,178,,,,7,0.24679668247699738,0.09027428925037384,,61,,,
0.15415585041046143,179,,,,7,0.2231372743844986,0.17485028505325317,,62,,,
0.302469938993454,180,,,,7,0.5928993821144104,0.3895987868309021,,63,,,
0.004632455296814442,181,,,,7,0.3775928020477295,0.11652056127786636,,64,,,
0.04140269011259079,182,,,,7,0.1611400842666626,0.07732391357421875,,65,,,
0.4181685447692871,183,,,,7,0.49700286984443665,0.44181883335113525,,66,,,
1.420053243637085,184,,,,7,0.36821773648262024,1.104502558708191,,67,,,
0.7224157452583313,185,,,,7,0.6115317344665527,0.6891505122184753,,68,,,
0.051237158477306366,186,,,,7,0.10971031337976456,0.0687791109085083,,69,,,
0.5213600397109985,187,,,,7,0.5112780928611755,0.5183354616165161,,70,,,
0.03417804092168808,188,,,,7,0.20480425655841827,0.0853659063577652,,71,,,
0.45626357197761536,189,,,,7,1.3622568845748901,0.7280615568161011,,72,,,
0.09372769296169281,190,,,,7,0.13342295587062836,0.10563626885414124,,73,,,
0.22228850424289703,191,,,,7,0.3985964357852936,0.2751808762550354,,74,,,
0.4349340796470642,192,,,,7,0.4474789798259735,0.43869754672050476,,75,,,
0.17308084666728973,193,,,,7,0.25711074471473694,0.19828981161117554,,76,,,
0.017654770985245705,194,,,,7,0.14461232721805573,0.055742040276527405,,77,,,
0.32956844568252563,195,,,,7,0.33385372161865234,0.33085402846336365,,78,,,
0.04522178694605827,196,,,,7,0.14577822387218475,0.07538872212171555,,79,,,
0.21767619252204895,197,,,,7,0.36481794714927673,0.26181870698928833,,80,,,
0.6836403608322144,198,,,,7,0.75360107421875,0.704628586769104,,81,,,
0.03983338549733162,199,,,,7,0.08002527058124542,0.05189095437526703,,82,,,
0.26630210876464844,200,,,,7,0.3393854796886444,0.2882271111011505,,83,,,
0.3845333456993103,201,,,,7,0.444341778755188,0.40247586369514465,,84,,,
1.9881398677825928,202,,,,7,1.1612539291381836,1.7400740385055542,,85,,,
0.0623558908700943,203,,,,7,0.2981683909893036,0.13309964537620544,,86,,,
0.13160426914691925,204,,,,7,0.15138567984104156,0.13753870129585266,,87,,,
0.09788927435874939,205,,,,7,0.1384260654449463,0.11005031317472458,,88,,,
0.19400463998317719,206,,,,7,0.24723459780216217,0.20997363328933716,,89,,,
0.06663063168525696,207,,,,7,0.22579900920391083,0.11438114941120148,,90,,,
0.06258077174425125,208,,,,7,0.18940000236034393,0.10062654316425323,,91,,,
0.8005462884902954,209,,,,7,0.7365920543670654,0.7813599705696106,,92,,,
0.019764624536037445,210,,,,7,0.09730791300535202,0.043027613312006,,93,,,
0.03691280633211136,211,,,,7,0.1869182139635086,0.08191442489624023,,94,,,
1.4748092889785767,212,,,,7,0.9268321990966797,1.3104162216186523,,95,,,
0.19887316226959229,213,,,,7,0.4005372226238251,0.25937238335609436,,96,,,
0.42736080288887024,214,,,,7,0.5065978169441223,0.4511319100856781,,97,,,
0.0987175703048706,215,,,,7,0.1699269413948059,0.1200803816318512,,98,,,
0.4374116063117981,216,,,,7,0.6898012757301331,0.5131285190582275,,99,,,
0.24348492920398712,217,,,,7,0.3232521116733551,0.2674151062965393,,0,,,
1.3691954612731934,218,,,,7,0.8457956314086914,1.2121754884719849,,1,,,
0.17307062447071075,219,,,,7,0.2934819757938385,0.20919403433799744,,2,,,
0.2292996048927307,220,,,,7,0.36147233843803406,0.268951416015625,,3,,,
0.03661990910768509,221,,,,7,0.0696554183959961,0.04653056338429451,,4,,,
0.22011610865592957,222,,,,7,0.4210242033004761,0.2803885340690613,,5,,,
0.3106771409511566,223,,,,7,0.5088170766830444,0.3701191246509552,,6,,,
0.7800931334495544,224,,,,7,0.6755083203315735,0.748717725276947,,7,,,
0.04232081025838852,225,,,,7,0.1719801425933838,0.08121861517429352,,8,,,
0.04677629470825195,226,,,,7,0.1502947062253952,0.07783181965351105,,9,,,
1.614424228668213,227,,,,7,1.1118844747543335,1.4636622667312622,,10,,,
0.15540993213653564,228,,,,7,0.28306815028190613,0.1937074065208435,,11,,,
1.64385187625885,229,,,,7,1.04608154296875,1.4645206928253174,,12,,,
0.10579026490449905,230,,,,7,0.2962031364440918,0.16291412711143494,,13,,,
0.09067012369632721,231,,,,7,0.3008217513561249,0.1537156105041504,,14,,,
0.7516187429428101,232,,,,7,0.6489226222038269,0.7208099365234375,,15,,,
0.25517958402633667,233,,,,7,0.4398050308227539,0.3105672001838684,,16,,,
0.07692774385213852,234,,,,7,0.19626742601394653,0.11272965371608734,,17,,,
1.0834081172943115,235,,,,7,0.8142490386962891,1.0026603937149048,,18,,,
0.038149282336235046,236,,,,7,0.10425852984189987,0.057982057332992554,,19,,,
1.044667363166809,237,,,,7,0.7431970238685608,0.9542262554168701,,20,,,
0.17824797332286835,238,,,,7,0.3560653626918793,0.23159319162368774,,21,,,
0.20751705765724182,239,,,,7,0.35109826922416687,0.2505914270877838,,22,,,
0.7666032314300537,240,,,,7,0.6186017990112305,0.7222027778625488,,23,,,
2.8764939308166504,241,,,,7,1.4121087789535522,2.437178373336792,,24,,,
0.08769731223583221,242,,,,7,0.1947517991065979,0.11981365829706192,,25,,,
0.01924719661474228,243,,,,7,0.11997267603874207,0.049464840441942215,,26,,,
0.03198492154479027,244,,,,7,0.14899136126041412,0.06708686053752899,,27,,,
2.5260982513427734,245,,,,7,1.2130426168441772,2.132181406021118,,28,,,
0.30018240213394165,246,,,,7,1.010619044303894,0.5133134126663208,,29,,,
0.1481947898864746,247,,,,7,0.22691337764263153,0.1718103587627411,,30,,,
0.11112312227487564,248,,,,7,0.20433831214904785,0.13908767700195312,,31,,,
0.6194656491279602,249,,,,7,0.8691865801811218,0.6943819522857666,,32,,,
0.5379740595817566,250,,,,7,0.8185884356498718,0.622158408164978,,33,,,
0.19298002123832703,251,,,,7,0.2504940330982208,0.21023422479629517,,34,,,
0.10673301666975021,252,,,,7,0.21099285781383514,0.13801097869873047,,35,,,
0.21307140588760376,253,,,,7,0.3364104926586151,0.2500731348991394,,36,,,
0.2003200799226761,254,,,,7,0.31548988819122314,0.2348710298538208,,37,,,
0.039718709886074066,255,,,,7,0.07485096901655197,0.050258390605449677,,38,,,
0.29832229018211365,256,,,,7,0.3495210111141205,0.3136819005012512,,39,,,
0.1711554378271103,257,,,,7,0.31969812512397766,0.21571823954582214,,40,,,
0.0211284589022398,258,,,,7,0.4744313061237335,0.15711931884288788,,41,,,
0.03779648616909981,259,,,,7,0.17737196385860443,0.07966913282871246,,42,,,
0.22903048992156982,260,,,,7,0.22294239699840546,0.22720405459403992,,43,,,
0.03504917770624161,261,,,,7,0.09002711623907089,0.05154256150126457,,44,,,
0.07135192304849625,262,,,,7,0.11404039710760117,0.08415846526622772,,45,,,
0.0577629879117012,263,,,,7,0.28000813722610474,0.12443653494119644,,46,,,
0.030507368966937065,264,,,,7,0.1137995719909668,0.05549503117799759,,47,,,
0.7314413785934448,265,,,,7,0.6351907253265381,0.7025662064552307,,48,,,
0.08980952203273773,266,,,,7,0.3117122948169708,0.15638035535812378,,49,,,
0.1299487203359604,267,,,,7,0.2487337440252304,0.1655842363834381,,50,,,
,,,,,7,,,,51,0.37712574005126953,0.8157894611358643,0.5205689072608948
0.16651374101638794,0,,,,8,0.41574373841285706,0.24128274619579315,,52,,,
0.15076574683189392,1,,,,8,0.2584996521472931,0.18308591842651367,,53,,,
0.04764709994196892,2,,,,8,0.08720099925994873,0.05951327085494995,,54,,,
0.3017776906490326,3,,,,8,0.3472260534763336,0.3154121935367584,,55,,,
0.03812633082270622,4,,,,8,0.1984550952911377,0.08622495830059052,,56,,,
0.20470361411571503,5,,,,8,0.49189114570617676,0.2908598780632019,,57,,,
0.2462673783302307,6,,,,8,0.33853304386138916,0.2739470899105072,,58,,,
1.6892765760421753,7,,,,8,0.9031031131744385,1.4534244537353516,,59,,,
0.22660492360591888,8,,,,8,0.29750022292137146,0.24787351489067078,,60,,,
0.1256314069032669,9,,,,8,0.27032575011253357,0.16903971135616302,,61,,,
0.17554518580436707,10,,,,8,0.18457387387752533,0.17825379967689514,,62,,,
0.6638440489768982,11,,,,8,0.7131071090698242,0.6786229610443115,,63,,,
0.24977020919322968,12,,,,8,0.4576851427555084,0.3121446967124939,,64,,,
3.0361459255218506,13,,,,8,1.4467544555664062,2.559328556060791,,65,,,
0.011393246240913868,14,,,,8,0.22871868312358856,0.0765908807516098,,66,,,
0.6086418628692627,15,,,,8,0.5197082161903381,0.5819617509841919,,67,,,
0.06396922469139099,16,,,,8,0.16021668910980225,0.09284346550703049,,68,,,
1.2907582521438599,17,,,,8,0.8663601279258728,1.1634387969970703,,69,,,
0.050203509628772736,18,,,,8,0.11328352242708206,0.06912751495838165,,70,,,
0.04405209422111511,19,,,,8,0.12758176028728485,0.06911099702119827,,71,,,
0.055970199406147,20,,,,8,0.18214775621891022,0.09382346272468567,,72,,,
0.03831129148602486,21,,,,8,0.2734711170196533,0.10885924100875854,,73,,,
0.06713013350963593,22,,,,8,0.1229264959692955,0.08386904001235962,,74,,,
0.06335244327783585,23,,,,8,0.2066093236207962,0.10632950812578201,,75,,,
0.5517651438713074,24,,,,8,0.5268208980560303,0.5442818403244019,,76,,,
0.13561834394931793,25,,,,8,0.29669785499572754,0.18394219875335693,,77,,,
0.07398204505443573,26,,,,8,0.14109128713607788,0.09411482512950897,,78,,,
0.11036151647567749,27,,,,8,0.20096467435359955,0.1375424563884735,,79,,,
0.03458980843424797,28,,,,8,1.0022621154785156,0.32489150762557983,,80,,,
0.06189892813563347,29,,,,8,0.1572837382555008,0.09051437675952911,,81,,,
0.5934585928916931,30,,,,8,0.5696792006492615,0.5863248109817505,,82,,,
0.29052576422691345,31,,,,8,0.3368370532989502,0.3044191598892212,,83,,,
0.11268933117389679,32,,,,8,0.28592613339424133,0.16466036438941956,,84,,,
0.5441973805427551,33,,,,8,0.613530695438385,0.5649973750114441,,85,,,
0.1019173339009285,34,,,,8,0.1677287220954895,0.1216607540845871,,86,,,
1.2909002304077148,35,,,,8,0.9474294781684875,1.187859058380127,,87,,,
2.1424953937530518,36,,,,8,1.1839367151260376,1.8549277782440186,,88,,,
0.22805482149124146,37,,,,8,0.3405013084411621,0.2617887854576111,,89,,,
0.07038264721632004,38,,,,8,0.12455612421035767,0.08663468807935715,,90,,,
0.6064293384552002,39,,,,8,0.48926016688346863,0.5712785720825195,,91,,,
0.045275334268808365,40,,,,8,0.24618256092071533,0.10554750263690948,,92,,,
0.05392211303114891,41,,,,8,0.1259998232126236,0.07554543018341064,,93,,,
0.13135476410388947,42,,,,8,0.2035631686449051,0.15301728248596191,,94,,,
0.05134904757142067,43,,,,8,0.17022724449634552,0.08701250702142715,,95,,,
0.08643569052219391,44,,,,8,0.20073379576206207,0.1207251250743866,,96,,,
0.2015065997838974,45,,,,8,0.20653343200683594,0.20301464200019836,,97,,,
1.3940361738204956,46,,,,8,1.0354604721069336,1.2864634990692139,,98,,,
0.13993626832962036,47,,,,8,0.18380479514598846,0.15309682488441467,,99,,,
0.6407532095909119,48,,,,8,0.5834633708000183,0.6235662698745728,,0,,,
0.27358466386795044,49,,,,8,0.2749203145503998,0.273985356092453,,1,,,
0.050812020897865295,50,,,,8,0.10223453491926193,0.06623877584934235,,2,,,
0.25853994488716125,51,,,,8,0.4121983051300049,0.30463746190071106,,3,,,
0.08505784720182419,52,,,,8,0.1375185251235962,0.10079605132341385,,4,,,
0.12571531534194946,53,,,,8,0.3939913511276245,0.20619812607765198,,5,,,
0.2843882143497467,54,,,,8,0.5212541222572327,0.35544800758361816,,6,,,
0.09630034118890762,55,,,,8,0.3086983859539032,0.16001975536346436,,7,,,
1.0990303754806519,56,,,,8,0.8656966090202332,1.0290303230285645,,8,,,
0.06412944942712784,57,,,,8,0.22016316652297974,0.11093956232070923,,9,,,
0.07875357568264008,58,,,,8,0.15091530978679657,0.1004020944237709,,10,,,
0.3470746576786041,59,,,,8,0.45580437779426575,0.37969356775283813,,11,,,
0.020586278289556503,60,,,,8,0.11673629283905029,0.04943128302693367,,12,,,
0.015253089368343353,61,,,,8,0.20042723417282104,0.07080533355474472,,13,,,
0.19749782979488373,62,,,,8,0.2711506187915802,0.21959365904331207,,14,,,
0.4439115524291992,63,,,,8,0.6773740649223328,0.5139503479003906,,15,,,
0.3071194887161255,64,,,,8,0.48080119490623474,0.35922402143478394,,16,,,
1.1581358909606934,65,,,,8,1.0065547227859497,1.112661600112915,,17,,,
1.0178958177566528,66,,,,8,0.7703359723091125,0.9436278343200684,,18,,,
0.019371960312128067,67,,,,8,0.11646895855665207,0.048501063138246536,,19,,,
0.4117359220981598,68,,,,8,0.4276634156703949,0.41651415824890137,,20,,,
0.16734440624713898,69,,,,8,0.2235168218612671,0.1841961294412613,,21,,,
0.0452016182243824,70,,,,8,0.0839085802435875,0.05681370943784714,,22,,,
0.060163047164678574,71,,,,8,0.0962938666343689,0.0710022896528244,,23,,,
0.3766211271286011,72,,,,8,0.4480251371860504,0.39804232120513916,,24,,,
0.13712267577648163,73,,,,8,0.24744991958141327,0.17022085189819336,,25,,,
0.0797639787197113,74,,,,8,0.5142063498497009,0.21009670197963715,,26,,,
0.13310983777046204,75,,,,8,0.4894297420978546,0.24000582098960876,,27,,,
0.0889807865023613,76,,,,8,0.20287789404392242,0.12314991652965546,,28,,,
0.10950253158807755,77,,,,8,0.33464720845222473,0.17704594135284424,,29,,,
0.3704659342765808,78,,,,8,0.4130634367465973,0.38324519991874695,,30,,,
0.1616705060005188,79,,,,8,0.26219210028648376,0.1918269842863083,,31,,,
0.2426723688840866,80,,,,8,0.32630467414855957,0.26776206493377686,,32,,,
0.03802775591611862,81,,,,8,0.1235492154955864,0.06368419528007507,,33,,,
0.05332057923078537,82,,,,8,0.1268758624792099,0.07538716495037079,,34,,,
0.2173566371202469,83,,,,8,0.20347662270069122,0.2131926417350769,,35,,,
0.0071571627631783485,84,,,,8,0.10291650146245956,0.03588496521115303,,36,,,
0.018826134502887726,85,,,,8,0.14147202670574188,0.05561990290880203,,37,,,
0.17270427942276,86,,,,8,0.2997950613498688,0.21083152294158936,,38,,,
0.20386414229869843,87,,,,8,0.3334209620952606,0.24273119866847992,,39,,,
0.12076306343078613,88,,,,8,0.2588111162185669,0.16217747330665588,,40,,,
0.08356154710054398,89,,,,8,0.12654899060726166,0.09645777940750122,,41,,,
0.507262647151947,90,,,,8,0.5399731397628784,0.517075777053833,,42,,,
0.0649426132440567,91,,,,8,0.09693679958581924,0.0745408684015274,,43,,,
0.36585479974746704,92,,,,8,0.3616112470626831,0.36458173394203186,,44,,,
0.03930538147687912,93,,,,8,0.4585777819156647,0.16508711874485016,,45,,,
0.353834331035614,94,,,,8,0.4418630599975586,0.3802429437637329,,46,,,
0.0766136571764946,95,,,,8,0.3413742482662201,0.15604183077812195,,47,,,
0.04427724704146385,96,,,,8,0.10124342888593674,0.06136710196733475,,48,,,
0.125971257686615,97,,,,8,0.18022076785564423,0.14224611222743988,,49,,,
0.276400089263916,98,,,,8,0.38640955090522766,0.3094029426574707,,50,,,
0.09522057324647903,99,,,,8,0.12669336795806885,0.10466241091489792,,51,,,
0.06564225256443024,100,,,,8,0.21459120512008667,0.11032694578170776,,52,,,
0.17630311846733093,101,,,,8,0.24575306475162506,0.19713810086250305,,53,,,
0.2960665822029114,102,,,,8,0.3061417043209076,0.29908913373947144,,54,,,
0.41514289379119873,103,,,,8,0.7234346866607666,0.507630467414856,,55,,,
0.18561172485351562,104,,,,8,0.37355661392211914,0.2419951856136322,,56,,,
0.02274787798523903,105,,,,8,0.08052679896354675,0.04008155316114426,,57,,,
0.1824980080127716,106,,,,8,0.242002472281456,0.200349360704422,,58,,,
0.2472793459892273,107,,,,8,0.29848822951316833,0.2626420259475708,,59,,,
1.8544268608093262,108,,,,8,0.9502280354499817,1.5831671953201294,,60,,,
0.1126999780535698,109,,,,8,0.1687246561050415,0.129507377743721,,61,,,
0.007586477790027857,110,,,,8,0.6429340243339539,0.19819074869155884,,62,,,
0.2154804915189743,111,,,,8,0.29449763894081116,0.2391856461763382,,63,,,
0.08203335106372833,112,,,,8,0.13568446040153503,0.09812868386507034,,64,,,
0.18440935015678406,113,,,,8,0.2992303669452667,0.21885564923286438,,65,,,
0.6693492531776428,114,,,,8,0.6353211402893066,0.6591408252716064,,66,,,
1.5363162755966187,115,,,,8,0.9871737957000732,1.3715734481811523,,67,,,
0.0407172366976738,116,,,,8,0.24150465428829193,0.10095345973968506,,68,,,
0.25385066866874695,117,,,,8,0.39362409710884094,0.2957826852798462,,69,,,
0.004347990732640028,118,,,,8,0.36234334111213684,0.11174660176038742,,70,,,
0.3316670358181,119,,,,8,0.4646493196487427,0.3715617060661316,,71,,,
0.16697818040847778,120,,,,8,0.24866344034671783,0.1914837658405304,,72,,,
0.5046191215515137,121,,,,8,0.2842465341091156,0.4385073184967041,,73,,,
0.15060877799987793,122,,,,8,0.171769917011261,0.15695711970329285,,74,,,
0.02726953662931919,123,,,,8,0.13892455399036407,0.06076604127883911,,75,,,
2.4943125247955322,124,,,,8,1.483823299407959,2.1911656856536865,,76,,,
0.3991965651512146,125,,,,8,0.7173657417297363,0.4946473240852356,,77,,,
0.07783831655979156,126,,,,8,0.1572229117155075,0.10165369510650635,,78,,,
0.011682665906846523,127,,,,8,0.16004890203475952,0.056192539632320404,,79,,,
0.07059673219919205,128,,,,8,0.2512446343898773,0.12479110807180405,,80,,,
0.4125027358531952,129,,,,8,0.4188932180404663,0.41441988945007324,,81,,,
0.6991171836853027,130,,,,8,0.7647585272789001,0.7188096046447754,,82,,,
0.05416639894247055,131,,,,8,0.1074160635471344,0.07014130055904388,,83,,,
0.005724465008825064,132,,,,8,0.45375072956085205,0.1401323527097702,,84,,,
0.26727694272994995,133,,,,8,0.3361136019229889,0.28792792558670044,,85,,,
0.8080646991729736,134,,,,8,0.6770815253257751,0.7687697410583496,,86,,,
0.1420237123966217,135,,,,8,0.1862783282995224,0.1553000956773758,,87,,,
0.8327600955963135,136,,,,8,0.8205370903015137,0.8290932178497314,,88,,,
2.1096529960632324,137,,,,8,0.9910301566123962,1.7740660905838013,,89,,,
0.14934301376342773,138,,,,8,0.32460784912109375,0.2019224762916565,,90,,,
1.5721118450164795,139,,,,8,0.9066647887229919,1.3724777698516846,,91,,,
0.05222131311893463,140,,,,8,0.15340639650821686,0.08257684111595154,,92,,,
0.24206998944282532,141,,,,8,0.5715054869651794,0.3409006595611572,,93,,,
0.12616704404354095,142,,,,8,0.3377957046031952,0.18965564668178558,,94,,,
0.13661658763885498,143,,,,8,0.3430432379245758,0.19854459166526794,,95,,,
0.08640124648809433,144,,,,8,0.2308874875307083,0.12974712252616882,,96,,,
0.03421974182128906,145,,,,8,0.42541512846946716,0.1515783667564392,,97,,,
0.14860586822032928,146,,,,8,0.3550889790058136,0.21055079996585846,,98,,,
0.04599831625819206,147,,,,8,0.2123318463563919,0.09589837491512299,,99,,,
0.040494028478860855,148,,,,8,0.15640956163406372,0.0752686858177185,,0,,,
0.8052260279655457,149,,,,8,0.8469153046607971,0.8177328109741211,,1,,,
0.3634129762649536,150,,,,8,0.2718886137008667,0.3359556794166565,,2,,,
0.04390641301870346,151,,,,8,0.13312499225139618,0.07067199051380157,,3,,,
1.1265344619750977,152,,,,8,0.8292591571807861,1.0373518466949463,,4,,,
0.06118040159344673,153,,,,8,0.09554862231016159,0.07149086892604828,,5,,,
0.0686384066939354,154,,,,8,0.13364483416080475,0.0881403386592865,,6,,,
0.16323763132095337,155,,,,8,0.28159645199775696,0.19874528050422668,,7,,,
2.0672457218170166,156,,,,8,1.2386456727981567,1.8186657428741455,,8,,,
0.19743020832538605,157,,,,8,0.44752705097198486,0.2724592685699463,,9,,,
0.767454981803894,158,,,,8,0.9820062518119812,0.8318203687667847,,10,,,
0.23137639462947845,159,,,,8,0.30734267830848694,0.25416627526283264,,11,,,
0.8810926079750061,160,,,,8,0.7837131023406982,0.8518787622451782,,12,,,
0.5540820360183716,161,,,,8,0.5226467251777649,0.544651448726654,,13,,,
0.6135266423225403,162,,,,8,0.7860410809516907,0.6652809381484985,,14,,,
0.022769320756196976,163,,,,8,0.10845011472702026,0.04847355931997299,,15,,,
0.04246603697538376,164,,,,8,0.10699877887964249,0.06182586029171944,,16,,,
0.04470859095454216,165,,,,8,0.114091657102108,0.06552351266145706,,17,,,
0.38729730248451233,166,,,,8,0.42372310161590576,0.3982250690460205,,18,,,
0.07610394805669785,167,,,,8,0.12415771931409836,0.09052008390426636,,19,,,
0.012797373346984386,168,,,,8,0.333432674407959,0.1089879646897316,,20,,,
0.41569826006889343,169,,,,8,0.5698166489601135,0.46193379163742065,,21,,,
0.14313286542892456,170,,,,8,0.2928432524204254,0.18804597854614258,,22,,,
0.11018567532300949,171,,,,8,0.4189133942127228,0.20280399918556213,,23,,,
0.01962459646165371,172,,,,8,0.11002887040376663,0.04674587771296501,,24,,,
0.027388548478484154,173,,,,8,0.14365249872207642,0.0622677356004715,,25,,,
0.9267438650131226,174,,,,8,1.0309258699417114,0.9579984545707703,,26,,,
0.18961429595947266,175,,,,8,0.3070763349533081,0.22485291957855225,,27,,,
0.05402342602610588,176,,,,8,0.08568233251571655,0.06352110207080841,,28,,,
1.311342477798462,177,,,,8,0.945789635181427,1.201676607131958,,29,,,
0.19833628833293915,178,,,,8,0.2863917946815491,0.22475293278694153,,30,,,
0.04013427346944809,179,,,,8,0.06034277379512787,0.0461968258023262,,31,,,
0.3463767170906067,180,,,,8,0.9280293583869934,0.5208725333213806,,32,,,
0.1430530995130539,181,,,,8,0.21776317059993744,0.16546612977981567,,33,,,
0.12430687993764877,182,,,,8,0.43676677346229553,0.21804484724998474,,34,,,
0.716711699962616,183,,,,8,0.659805953502655,0.6996399760246277,,35,,,
0.07242394238710403,184,,,,8,0.13846862316131592,0.09223735332489014,,36,,,
0.0952870100736618,185,,,,8,0.1411525160074234,0.10904666036367416,,37,,,
1.209781527519226,186,,,,8,0.93116694688797,1.126197099685669,,38,,,
0.008095311000943184,187,,,,8,0.2608151137828827,0.08391125500202179,,39,,,
0.04936204478144646,188,,,,8,0.23096440732479095,0.10384275764226913,,40,,,
0.004416236653923988,189,,,,8,0.31591227650642395,0.09786505252122879,,41,,,
0.018522510305047035,190,,,,8,0.18189996480941772,0.06753575056791306,,42,,,
0.3555140495300293,191,,,,8,0.3759884536266327,0.3616563677787781,,43,,,
0.01979033648967743,192,,,,8,0.09434313327074051,0.04215617477893829,,44,,,
0.20650407671928406,193,,,,8,0.3260978162288666,0.2423821985721588,,45,,,
0.18242302536964417,194,,,,8,0.26270565390586853,0.20650780200958252,,46,,,
0.2305150181055069,195,,,,8,0.3128370940685272,0.25521165132522583,,47,,,
1.3318055868148804,196,,,,8,0.8353633880615234,1.182873010635376,,48,,,
0.06654296815395355,197,,,,8,0.24387361109256744,0.11974216252565384,,49,,,
0.8365024924278259,198,,,,8,0.6407712697982788,0.7777831554412842,,50,,,
1.0089221000671387,199,,,,8,0.9189395904541016,0.9819273948669434,,51,,,
0.061478860676288605,200,,,,8,0.21343332529067993,0.10706520080566406,,52,,,
0.05236782506108284,201,,,,8,0.1246378943324089,0.07404884696006775,,53,,,
0.3330407738685608,202,,,,8,0.40722087025642395,0.355294793844223,,54,,,
0.02234647609293461,203,,,,8,0.227206751704216,0.08380456268787384,,55,,,
0.06335020810365677,204,,,,8,0.21146434545516968,0.1077844500541687,,56,,,
2.606456756591797,205,,,,8,1.3453713655471802,2.2281312942504883,,57,,,
0.3436163067817688,206,,,,8,0.33887505531311035,0.34219393134117126,,58,,,
0.4113263487815857,207,,,,8,0.42534562945365906,0.41553211212158203,,59,,,
0.04371381178498268,208,,,,8,0.11111579090356827,0.06393440812826157,,60,,,
1.3944730758666992,209,,,,8,0.9864826202392578,1.272075891494751,,61,,,
0.07340176403522491,210,,,,8,0.21667499840259552,0.11638373136520386,,62,,,
0.34026166796684265,211,,,,8,0.28192421793937683,0.3227604329586029,,63,,,
0.12407556921243668,212,,,,8,0.17791451513767242,0.14022725820541382,,64,,,
0.04222344607114792,213,,,,8,0.14634205400943756,0.07345902919769287,,65,,,
0.01943451166152954,214,,,,8,0.05924868956208229,0.031378764659166336,,66,,,
0.7442495822906494,215,,,,8,0.6414323449134827,0.7134044170379639,,67,,,
0.03951338306069374,216,,,,8,0.1197519525885582,0.06358495354652405,,68,,,
0.16969585418701172,217,,,,8,0.4300825595855713,0.24781186878681183,,69,,,
0.02862456999719143,218,,,,8,0.10658439248800278,0.05201251804828644,,70,,,
0.08613977581262589,219,,,,8,0.6221458315849304,0.24694159626960754,,71,,,
0.5256074666976929,220,,,,8,0.6487148404121399,0.5625396966934204,,72,,,
0.19627009332180023,221,,,,8,0.24709784984588623,0.21151842176914215,,73,,,
0.16534526646137238,222,,,,8,0.3635178506374359,0.22479704022407532,,74,,,
0.12154381722211838,223,,,,8,0.18350261449813843,0.14013145864009857,,75,,,
0.4034349024295807,224,,,,8,0.552732527256012,0.44822418689727783,,76,,,
1.3342032432556152,225,,,,8,0.7710850238800049,1.165267825126648,,77,,,
0.5611429214477539,226,,,,8,0.7024628520011902,0.6035388708114624,,78,,,
0.05013706907629967,227,,,,8,0.5684149265289307,0.2056204229593277,,79,,,
0.2563871145248413,228,,,,8,0.3465481698513031,0.2834354341030121,,80,,,
0.3374718129634857,229,,,,8,0.3941252529621124,0.35446783900260925,,81,,,
0.5568296313285828,230,,,,8,0.6842217445373535,0.5950472354888916,,82,,,
0.03665542230010033,231,,,,8,0.05530216172337532,0.042249444872140884,,83,,,
0.6606741547584534,232,,,,8,0.6861576437950134,0.6683192253112793,,84,,,
0.2404644638299942,233,,,,8,0.6456694006919861,0.3620259761810303,,85,,,
0.25413215160369873,234,,,,8,0.32226526737213135,0.27457207441329956,,86,,,
0.014878262765705585,235,,,,8,0.15709801018238068,0.05754418671131134,,87,,,
0.018586987629532814,236,,,,8,0.07410424202680588,0.03524216264486313,,88,,,
0.32715773582458496,237,,,,8,0.4920731782913208,0.3766323924064636,,89,,,
0.31675300002098083,238,,,,8,0.6357978582382202,0.41246646642684937,,90,,,
0.007527085021138191,239,,,,8,0.06846560537815094,0.02580864168703556,,91,,,
0.10496104508638382,240,,,,8,0.22897906601428986,0.14216645061969757,,92,,,
0.03470127284526825,241,,,,8,0.08646812289953232,0.05023133009672165,,93,,,
0.16430631279945374,242,,,,8,0.19053585827350616,0.17217518389225006,,94,,,
0.4687042236328125,243,,,,8,0.5090502500534058,0.4808080494403839,,95,,,
0.04164216294884682,244,,,,8,0.09721720218658447,0.058314673602581024,,96,,,
0.018639758229255676,245,,,,8,0.0662580356001854,0.03292524069547653,,97,,,
0.02526869811117649,246,,,,8,0.0937362089753151,0.045808952301740646,,98,,,
0.032964784651994705,247,,,,8,0.11124808341264725,0.0564497746527195,,99,,,
0.41985249519348145,248,,,,8,0.469926118850708,0.43487459421157837,,0,,,
0.06438835710287094,249,,,,8,0.12476051598787308,0.08250000327825546,,1,,,
0.6306206583976746,250,,,,8,0.9696086049079895,0.7323170304298401,,2,,,
0.013114742003381252,251,,,,8,0.17568297684192657,0.06188521534204483,,3,,,
0.3093571662902832,252,,,,8,0.42469120025634766,0.3439573645591736,,4,,,
0.9383814334869385,253,,,,8,1.0397065877914429,0.9687789678573608,,5,,,
0.0662032887339592,254,,,,8,0.21758370101451874,0.11161741614341736,,6,,,
0.17124192416667938,255,,,,8,0.3009065091609955,0.21014130115509033,,7,,,
0.9179614186286926,256,,,,8,0.717369556427002,0.857783854007721,,8,,,
0.04038744419813156,257,,,,8,0.19047506153583527,0.08541373163461685,,9,,,
0.2625308334827423,258,,,,8,0.38899824023246765,0.30047106742858887,,10,,,
0.15765517950057983,259,,,,8,0.2983560860157013,0.199865460395813,,11,,,
1.7437769174575806,260,,,,8,1.0424271821975708,1.5333720445632935,,12,,,
0.24659040570259094,261,,,,8,0.4333094358444214,0.30260610580444336,,13,,,
0.2824339270591736,262,,,,8,0.33542799949645996,0.298332154750824,,14,,,
0.09800784289836884,263,,,,8,0.12124965339899063,0.10498038679361343,,15,,,
0.020170219242572784,264,,,,8,0.061502981930971146,0.03257004916667938,,16,,,
0.24281468987464905,265,,,,8,0.3684079647064209,0.2804926633834839,,17,,,
0.5879761576652527,266,,,,8,0.47059503197669983,0.5527617931365967,,18,,,
0.03861229494214058,267,,,,8,0.05887266620993614,0.04469040781259537,,19,,,
,,,,,8,,,,20,0.35008934140205383,0.7894737124443054,0.5712698101997375
0.24020583927631378,0,,,,9,0.34766140580177307,0.2724425196647644,,21,,,
0.06839162111282349,1,,,,9,0.1383567452430725,0.0893811583518982,,22,,,
0.04782837629318237,2,,,,9,0.3791738748550415,0.1472320258617401,,23,,,
0.01882426254451275,3,,,,9,0.07619347423315048,0.036035023629665375,,24,,,
0.682402491569519,4,,,,9,0.6815862655639648,0.6821576356887817,,25,,,
0.16502481698989868,5,,,,9,0.43438848853111267,0.24583393335342407,,26,,,
0.0037392713129520416,6,,,,9,0.49663546681404114,0.15160813927650452,,27,,,
0.060251496732234955,7,,,,9,0.14699359238147736,0.08627412468194962,,28,,,
0.5534239411354065,8,,,,9,0.7756006121635437,0.6200769543647766,,29,,,
0.04086853191256523,9,,,,9,0.18792088329792023,0.08498424291610718,,30,,,
0.7292488813400269,10,,,,9,0.6138516664505005,0.6946297287940979,,31,,,
0.025608975440263748,11,,,,9,0.09958507865667343,0.04780180752277374,,32,,,
0.7408729195594788,12,,,,9,0.7942931056022644,0.7568989396095276,,33,,,
0.6058772802352905,13,,,,9,0.6800636649131775,0.6281331777572632,,34,,,
0.052366580814123154,14,,,,9,0.09274423122406006,0.06447988003492355,,35,,,
0.07581667602062225,15,,,,9,0.1977674812078476,0.11240191757678986,,36,,,
0.13427789509296417,16,,,,9,0.3400806188583374,0.19601872563362122,,37,,,
0.034834254533052444,17,,,,9,0.11021239310503006,0.05744769796729088,,38,,,
0.07347055524587631,18,,,,9,0.16644687950611115,0.10136345028877258,,39,,,
0.06513787060976028,19,,,,9,0.1661437302827835,0.09543962776660919,,40,,,
0.4434533715248108,20,,,,9,0.42251288890838623,0.43717122077941895,,41,,,
0.08335088193416595,21,,,,9,0.20503143966197968,0.11985504627227783,,42,,,
0.03625645861029625,22,,,,9,0.08315961807966232,0.05032740533351898,,43,,,
0.7719377279281616,23,,,,9,0.5706897377967834,0.7115633487701416,,44,,,
0.3544725775718689,24,,,,9,0.5824388265609741,0.4228624701499939,,45,,,
0.512563169002533,25,,,,9,0.5111262798309326,0.5121321082115173,,46,,,
0.005889917258173227,26,,,,9,0.07096222043037415,0.025411609560251236,,47,,,
0.258861243724823,27,,,,9,0.40027710795402527,0.3012860119342804,,48,,,
0.012220744974911213,28,,,,9,0.09535189718008041,0.03716009110212326,,49,,,
0.19373075664043427,29,,,,9,0.26384106278419495,0.2147638499736786,,50,,,
0.024048302322626114,30,,,,9,0.06660989671945572,0.036816783249378204,,51,,,
0.970239520072937,31,,,,9,1.0165728330612183,0.9841395020484924,,52,,,
0.04815765470266342,32,,,,9,0.11195776611566544,0.06729768961668015,,53,,,
0.4781436324119568,33,,,,9,0.4662802517414093,0.4745846092700958,,54,,,
0.16232895851135254,34,,,,9,0.41934776306152344,0.2394345998764038,,55,,,
0.37847042083740234,35,,,,9,0.5239036679267883,0.42210039496421814,,56,,,
0.029111118987202644,36,,,,9,0.07848731428384781,0.04392397776246071,,57,,,
0.05531180649995804,37,,,,9,0.12235083431005478,0.07542351633310318,,58,,,
0.20109614729881287,38,,,,9,0.2553560435771942,0.21737411618232727,,59,,,
0.05547094717621803,39,,,,9,0.10716038942337036,0.07097777724266052,,60,,,
0.002817948115989566,40,,,,9,0.0959937572479248,0.030770691111683846,,61,,,
0.4851641356945038,41,,,,9,0.6199308633804321,0.525594174861908,,62,,,
0.11617108434438705,42,,,,9,0.22003744542598724,0.14733099937438965,,63,,,
1.0537872314453125,43,,,,9,0.6724647879600525,0.9393904805183411,,64,,,
0.07319071888923645,44,,,,9,0.12817148864269257,0.08968494832515717,,65,,,
0.1328774243593216,45,,,,9,0.19676820933818817,0.1520446538925171,,66,,,
0.4119546711444855,46,,,,9,0.62576824426651,0.4760987162590027,,67,,,
0.1769581139087677,47,,,,9,0.3316952884197235,0.22337926924228668,,68,,,
0.11705013364553452,48,,,,9,0.3027929663658142,0.17277298867702484,,69,,,
1.3634204864501953,49,,,,9,0.8741943836212158,1.2166526317596436,,70,,,
0.018767522647976875,50,,,,9,0.044698696583509445,0.02654687687754631,,71,,,
0.0436098538339138,51,,,,9,0.10206926614046097,0.06114767864346504,,72,,,
0.6073278784751892,52,,,,9,0.6150648593902588,0.6096489429473877,,73,,,
0.06856505572795868,53,,,,9,0.18484728038311005,0.10344972461462021,,74,,,
0.0065217274241149426,54,,,,9,0.5092073082923889,0.15732741355895996,,75,,,
0.25430798530578613,55,,,,9,0.346079021692276,0.2818393111228943,,76,,,
0.03962751105427742,56,,,,9,0.10092417150735855,0.05801650881767273,,77,,,
0.4903150796890259,57,,,,9,0.8054611086845398,0.5848588943481445,,78,,,
0.01927982084453106,58,,,,9,0.18800044059753418,0.06989601254463196,,79,,,
0.3380816876888275,59,,,,9,0.43838489055633545,0.36817264556884766,,80,,,
0.23461900651454926,60,,,,9,0.37634599208831787,0.2771371006965637,,81,,,
0.07630831003189087,61,,,,9,0.48408401012420654,0.19864103198051453,,82,,,
0.13740886747837067,62,,,,9,0.31500664353370667,0.19068819284439087,,83,,,
0.14594301581382751,63,,,,9,0.3084152042865753,0.1946846842765808,,84,,,
2.049899101257324,64,,,,9,0.9777043461799622,1.728240728378296,,85,,,
0.06376814842224121,65,,,,9,0.17295412719249725,0.0965239405632019,,86,,,
0.14650174975395203,66,,,,9,0.2546525299549103,0.17894698679447174,,87,,,
0.051830776035785675,67,,,,9,0.13983701169490814,0.07823264598846436,,88,,,
0.08782681077718735,68,,,,9,0.2649019658565521,0.14094935357570648,,89,,,
0.08033573627471924,69,,,,9,0.22021901607513428,0.12230072170495987,,90,,,
0.3689262568950653,70,,,,9,0.4228789508342743,0.38511207699775696,,91,,,
0.36425548791885376,71,,,,9,0.5320456027984619,0.4145925045013428,,92,,,
0.18085156381130219,72,,,,9,0.3179202377796173,0.22197216749191284,,93,,,
0.02334805205464363,73,,,,9,0.05807839706540108,0.033767156302928925,,94,,,
0.4989855885505676,74,,,,9,0.48974213004112244,0.49621254205703735,,95,,,
0.12782202661037445,75,,,,9,0.2393968105316162,0.16129446029663086,,96,,,
0.03590000420808792,76,,,,9,0.1713045835494995,0.0765213817358017,,97,,,
0.05033523961901665,77,,,,9,0.1693008691072464,0.0860249251127243,,98,,,
0.14428392052650452,78,,,,9,0.3676801919937134,0.21130281686782837,,99,,,
0.2537871301174164,79,,,,9,0.490186482667923,0.32470694184303284,,0,,,
0.3749273419380188,80,,,,9,0.46657243371009827,0.40242087841033936,,1,,,
0.10191991925239563,81,,,,9,0.1828048676252365,0.12618540227413177,,2,,,
0.05911679193377495,82,,,,9,0.24421243369579315,0.11464548856019974,,3,,,
0.11458343267440796,83,,,,9,0.31486836075782776,0.17466890811920166,,4,,,
1.7704603672027588,84,,,,9,1.1111745834350586,1.5726745128631592,,5,,,
1.9708961248397827,85,,,,9,0.8672859072685242,1.63981294631958,,6,,,
0.3612810969352722,86,,,,9,0.43369102478027344,0.3830040693283081,,7,,,
0.06616367399692535,87,,,,9,0.2962014675140381,0.13517501950263977,,8,,,
0.042959943413734436,88,,,,9,0.17807459831237793,0.08349434286355972,,9,,,
0.6900510787963867,89,,,,9,0.8480026125907898,0.7374365329742432,,10,,,
0.11069773137569427,90,,,,9,0.25495418906211853,0.15397466719150543,,11,,,
0.07142096757888794,91,,,,9,0.09764932841062546,0.07928948104381561,,12,,,
0.06773311644792557,92,,,,9,0.09668005257844925,0.07641720026731491,,13,,,
1.3516032695770264,93,,,,9,0.9196929931640625,1.2220301628112793,,14,,,
0.04955514892935753,94,,,,9,0.0999971255660057,0.06468774378299713,,15,,,
0.19153867661952972,95,,,,9,1.22551691532135,0.5017321705818176,,16,,,
0.9298692941665649,96,,,,9,1.0729594230651855,0.9727963209152222,,17,,,
0.1118721067905426,97,,,,9,0.17378681898117065,0.13044652342796326,,18,,,
0.09591906517744064,98,,,,9,0.1809689849615097,0.1214340403676033,,19,,,
0.044424355030059814,99,,,,9,0.11896688491106033,0.06678711622953415,,20,,,
0.046651147305965424,100,,,,9,0.12453458458185196,0.07001617550849915,,21,,,
0.009710458107292652,101,,,,9,0.14328275620937347,0.049782149493694305,,22,,,
0.024890748783946037,102,,,,9,0.12193671613931656,0.05400454252958298,,23,,,
1.2629830837249756,103,,,,9,0.9289162755012512,1.1627631187438965,,24,,,
0.04517620801925659,104,,,,9,0.29031065106391907,0.1187165379524231,,25,,,
0.9864345788955688,105,,,,9,0.7470263838768005,0.9146121144294739,,26,,,
0.35534754395484924,106,,,,9,0.40979358553886414,0.3716813623905182,,27,,,
0.459018349647522,107,,,,9,0.5520219206809998,0.48691943287849426,,28,,,
0.07702487707138062,108,,,,9,0.1629621833562851,0.10280606895685196,,29,,,
0.8896916508674622,109,,,,9,0.7827772498130798,0.8576173186302185,,30,,,
0.3698200583457947,110,,,,9,0.43518808484077454,0.3894304633140564,,31,,,
0.11376945674419403,111,,,,9,0.21128813922405243,0.14302507042884827,,32,,,
0.6331052780151367,112,,,,9,0.6552295684814453,0.6397425532341003,,33,,,
0.018696505576372147,113,,,,9,0.07994557172060013,0.03707122802734375,,34,,,
1.0753265619277954,114,,,,9,0.7839198708534241,0.9879045486450195,,35,,,
0.18235448002815247,115,,,,9,0.39276304841041565,0.24547705054283142,,36,,,
0.019067682325839996,116,,,,9,0.11197057366371155,0.04693854972720146,,37,,,
0.02776520885527134,117,,,,9,0.1588066965341568,0.06707765907049179,,38,,,
0.15064753592014313,118,,,,9,0.21328707039356232,0.1694394052028656,,39,,,
0.19513168931007385,119,,,,9,0.503334105014801,0.28759241104125977,,40,,,
1.120145320892334,120,,,,9,0.8215641379356384,1.0305709838867188,,41,,,
0.07456707954406738,121,,,,9,0.10646051168441772,0.08413510769605637,,42,,,
0.07614151388406754,122,,,,9,0.22153936326503754,0.11976087093353271,,43,,,
0.33599525690078735,123,,,,9,0.5201317667961121,0.39123621582984924,,44,,,
0.05163516849279404,124,,,,9,0.2031526118516922,0.09709040820598602,,45,,,
0.16691502928733826,125,,,,9,0.39323630928993225,0.2348114252090454,,46,,,
0.007426511961966753,126,,,,9,0.24200557172298431,0.07780023664236069,,47,,,
0.7088109850883484,127,,,,9,0.49569979310035706,0.6448776125907898,,48,,,
0.12803035974502563,128,,,,9,0.24369321763515472,0.16272921860218048,,49,,,
0.16833648085594177,129,,,,9,0.3499878942966461,0.22283190488815308,,50,,,
0.4811093509197235,130,,,,9,0.500215470790863,0.48684120178222656,,51,,,
0.041752614080905914,131,,,,9,0.11355330795049667,0.06329282373189926,,52,,,
0.3434527814388275,132,,,,9,0.3106747567653656,0.3336193561553955,,53,,,
0.331752747297287,133,,,,9,0.26805445551872253,0.31264325976371765,,54,,,
0.032150935381650925,134,,,,9,0.09468161314725876,0.050910137593746185,,55,,,
0.03745068609714508,135,,,,9,0.21488671004772186,0.09068149328231812,,56,,,
0.4646627604961395,136,,,,9,0.45832493901252747,0.46276140213012695,,57,,,
0.4002286195755005,137,,,,9,0.6036670207977295,0.4612601399421692,,58,,,
0.03652532398700714,138,,,,9,0.2552010416984558,0.1021280437707901,,59,,,
0.28700193762779236,139,,,,9,0.36556628346443176,0.31057125329971313,,60,,,
0.8539282083511353,140,,,,9,0.8245277404785156,0.8451080322265625,,61,,,
0.7805695533752441,141,,,,9,0.6281136870384216,0.7348328232765198,,62,,,
0.028303975239396095,142,,,,9,0.0786549374461174,0.04340926557779312,,63,,,
0.14772236347198486,143,,,,9,0.18570327758789062,0.15911664068698883,,64,,,
0.04444636031985283,144,,,,9,0.17042958736419678,0.08224132657051086,,65,,,
1.8864264488220215,145,,,,9,1.414366364479065,1.7448084354400635,,66,,,
0.1521814465522766,146,,,,9,0.6944842338562012,0.31487229466438293,,67,,,
0.016337906941771507,147,,,,9,0.4684232771396637,0.15196353197097778,,68,,,
0.02939869649708271,148,,,,9,0.069722019135952,0.04149569571018219,,69,,,
1.2807286977767944,149,,,,9,0.976447582244873,1.1894443035125732,,70,,,
0.025881299749016762,150,,,,9,0.05069151148200035,0.03332436457276344,,71,,,
0.08737882971763611,151,,,,9,0.1711874157190323,0.11252140998840332,,72,,,
0.038209524005651474,152,,,,9,0.09417599439620972,0.0549994632601738,,73,,,
0.008556962944567204,153,,,,9,0.06716050952672958,0.026138028129935265,,74,,,
0.02383694052696228,154,,,,9,1.1591814756393433,0.36444032192230225,,75,,,
1.655316710472107,155,,,,9,1.1356502771377563,1.4994168281555176,,76,,,
0.10731612890958786,156,,,,9,0.2062450647354126,0.13699480891227722,,77,,,
0.13077996671199799,157,,,,9,0.33088216185569763,0.19081062078475952,,78,,,
2.2877554893493652,158,,,,9,1.3189915418624878,1.9971263408660889,,79,,,
0.0940346047282219,159,,,,9,0.18319983780384064,0.12078417837619781,,80,,,
0.11087796092033386,160,,,,9,0.19111043214797974,0.13494770228862762,,81,,,
0.06437774002552032,161,,,,9,0.26094332337379456,0.12334741652011871,,82,,,
1.0537830591201782,162,,,,9,0.7943985462188721,0.9759677052497864,,83,,,
0.020240431651473045,163,,,,9,0.0789070650935173,0.03784042224287987,,84,,,
0.03708500787615776,164,,,,9,0.13980917632579803,0.06790225952863693,,85,,,
0.03114774078130722,165,,,,9,0.09821943193674088,0.05126924812793732,,86,,,
0.444394588470459,166,,,,9,0.5940781235694885,0.4892996549606323,,87,,,
0.07522685080766678,167,,,,9,0.2198655605316162,0.11861846596002579,,88,,,
0.07264656573534012,168,,,,9,0.2165687531232834,0.11582322418689728,,89,,,
0.33537915349006653,169,,,,9,0.40247440338134766,0.3555077314376831,,90,,,
0.05821802094578743,170,,,,9,0.14414174854755402,0.08399514108896255,,91,,,
3.0001659393310547,171,,,,9,1.354236125946045,2.5063867568969727,,92,,,
0.12980571389198303,172,,,,9,0.13045655190944672,0.13000096380710602,,93,,,
1.9591256380081177,173,,,,9,1.1829938888549805,1.7262861728668213,,94,,,
0.21110351383686066,174,,,,9,0.2956765592098236,0.23647543787956238,,95,,,
0.11675773561000824,175,,,,9,0.1735190749168396,0.133786141872406,,96,,,
0.010346820577979088,176,,,,9,0.3121810555458069,0.10089709609746933,,97,,,
0.023731941357254982,177,,,,9,0.09355361014604568,0.04467844218015671,,98,,,
0.2957814931869507,178,,,,9,0.29784366488456726,0.29640012979507446,,99,,,
1.614040493965149,179,,,,9,1.1080904006958008,1.4622554779052734,,0,,,
1.170299768447876,180,,,,9,0.8322465419769287,1.0688837766647339,,1,,,
0.06287612020969391,181,,,,9,0.12910299003124237,0.08274418115615845,,2,,,
0.2187127023935318,182,,,,9,0.3132948577404022,0.24708735942840576,,3,,,
0.024115798994898796,183,,,,9,0.13174724578857422,0.05640523508191109,,4,,,
0.06059230864048004,184,,,,9,0.1026158556342125,0.07319937646389008,,5,,,
0.018177354708313942,185,,,,9,0.07395637780427933,0.03491106256842613,,6,,,
0.02100706472992897,186,,,,9,0.3468643128871918,0.1187642440199852,,7,,,
0.3422146141529083,187,,,,9,0.4062004089355469,0.36141034960746765,,8,,,
0.3087116479873657,188,,,,9,0.3509843349456787,0.3213934600353241,,9,,,
0.2824198305606842,189,,,,9,0.42738768458366394,0.32591021060943604,,10,,,
0.6543278098106384,190,,,,9,0.5760065913200378,0.6308314204216003,,11,,,
0.25681793689727783,191,,,,9,0.5294589400291443,0.3386102318763733,,12,,,
0.10499249398708344,192,,,,9,0.16551987826824188,0.12315071374177933,,13,,,
1.5347336530685425,193,,,,9,0.9872024059295654,1.3704742193222046,,14,,,
0.7787972092628479,194,,,,9,0.5324484705924988,0.7048925757408142,,15,,,
0.015411808155477047,195,,,,9,0.051144253462553024,0.026131542399525642,,16,,,
0.6657326817512512,196,,,,9,0.4679620563983917,0.6064015030860901,,17,,,
0.4695419669151306,197,,,,9,0.6733162999153137,0.5306742787361145,,18,,,
0.1006307452917099,198,,,,9,0.22876834869384766,0.13907203078269958,,19,,,
0.06735517084598541,199,,,,9,0.1271924078464508,0.08530634641647339,,20,,,
0.02558899112045765,200,,,,9,0.30720025300979614,0.11007236689329147,,21,,,
0.0363086499273777,201,,,,9,0.2033720761537552,0.08642767369747162,,22,,,
0.015580594539642334,202,,,,9,0.09187677502632141,0.03846944868564606,,23,,,
0.02658001333475113,203,,,,9,0.08331229537725449,0.043599698692560196,,24,,,
0.3800303041934967,204,,,,9,0.555292546749115,0.4326089918613434,,25,,,
1.0100985765457153,205,,,,9,0.9801006317138672,1.0010991096496582,,26,,,
0.020147204399108887,206,,,,9,0.15664790570735931,0.061097417026758194,,27,,,
0.12100570648908615,207,,,,9,0.1630106419324875,0.1336071938276291,,28,,,
0.16699078679084778,208,,,,9,0.21911609172821045,0.18262839317321777,,29,,,
0.08415097743272781,209,,,,9,0.11521536111831665,0.09347029030323029,,30,,,
0.09639788419008255,210,,,,9,0.15745021402835846,0.11471357941627502,,31,,,
1.1368136405944824,211,,,,9,0.7307078242301941,1.0149818658828735,,32,,,
0.06983840465545654,212,,,,9,0.15073631703853607,0.09410777688026428,,33,,,
0.04929191991686821,213,,,,9,0.15993301570415497,0.08248424530029297,,34,,,
0.6109268665313721,214,,,,9,0.448461651802063,0.5621873140335083,,35,,,
0.06978393346071243,215,,,,9,0.25533315539360046,0.12544870376586914,,36,,,
0.03675355762243271,216,,,,9,0.37155818939208984,0.1371949464082718,,37,,,
0.21000641584396362,217,,,,9,0.5471274852752686,0.3111427426338196,,38,,,
0.32887956500053406,218,,,,9,0.5211300253868103,0.3865547180175781,,39,,,
0.002172611653804779,219,,,,9,0.45697036385536194,0.13861194252967834,,40,,,
0.0024004948791116476,220,,,,9,0.1633823812007904,0.050695065408945084,,41,,,
0.04983203113079071,221,,,,9,0.09102141857147217,0.06218884885311127,,42,,,
0.1962791085243225,222,,,,9,0.35701045393943787,0.24449850618839264,,43,,,
0.7841675877571106,223,,,,9,0.8395044803619385,0.8007686138153076,,44,,,
0.09644129127264023,224,,,,9,0.2396470308303833,0.13940301537513733,,45,,,
0.010172073729336262,225,,,,9,0.08150419592857361,0.03157171234488487,,46,,,
0.09515543282032013,226,,,,9,0.32684868574142456,0.1646634042263031,,47,,,
0.40202391147613525,227,,,,9,0.48209118843078613,0.4260441064834595,,48,,,
1.1510190963745117,228,,,,9,0.8117120265960693,1.049226999282837,,49,,,
0.11699870228767395,229,,,,9,0.19055777788162231,0.1390664279460907,,50,,,
0.22307145595550537,230,,,,9,0.35407617688179016,0.2623728811740875,,51,,,
0.03603558614850044,231,,,,9,0.1353195458650589,0.06582077592611313,,52,,,
3.024404525756836,232,,,,9,1.528077483177185,2.5755062103271484,,53,,,
0.19544194638729095,233,,,,9,0.2921159863471985,0.2244441658258438,,54,,,
0.4183448553085327,234,,,,9,0.4918339252471924,0.4403916001319885,,55,,,
0.10798696428537369,235,,,,9,0.3103915750980377,0.16870835423469543,,56,,,
0.04765971750020981,236,,,,9,0.17173875868320465,0.0848834291100502,,57,,,
0.051337383687496185,237,,,,9,0.13166078925132751,0.07543440908193588,,58,,,
0.0021586944349110126,238,,,,9,0.20983563363552094,0.06446178257465363,,59,,,
0.11166209727525711,239,,,,9,0.21293260157108307,0.14204324781894684,,60,,,
0.4507253170013428,240,,,,9,0.5199511647224426,0.47149306535720825,,61,,,
0.5116205215454102,241,,,,9,0.7107258439064026,0.5713521242141724,,62,,,
0.02422715723514557,242,,,,9,0.06058312952518463,0.03513395041227341,,63,,,
0.06986897438764572,243,,,,9,0.3106006979942322,0.14208848774433136,,64,,,
0.029649971053004265,244,,,,9,0.24691586196422577,0.0948297381401062,,65,,,
0.05238558351993561,245,,,,9,0.10386800765991211,0.06783030927181244,,66,,,
1.2879362106323242,246,,,,9,0.7830418944358826,1.1364679336547852,,67,,,
0.02372891455888748,247,,,,9,0.11343198269605637,0.050639837980270386,,68,,,
0.3326995372772217,248,,,,9,0.29488036036491394,0.3213537931442261,,69,,,
0.1265404224395752,249,,,,9,0.2640403211116791,0.16779038310050964,,70,,,
0.02977008745074272,250,,,,9,0.08838516473770142,0.04735461249947548,,71,,,
0.19358401000499725,251,,,,9,0.2799365818500519,0.21948978304862976,,72,,,
0.07137379050254822,252,,,,9,0.32799893617630005,0.14836134016513824,,73,,,
0.07462195307016373,253,,,,9,0.19529296457767487,0.11082325875759125,,74,,,
0.008469141088426113,254,,,,9,0.32867544889450073,0.10453103482723236,,75,,,
0.35607999563217163,255,,,,9,0.32822731137275696,0.34772419929504395,,76,,,
0.10196804255247116,256,,,,9,0.15810097754001617,0.11880792677402496,,77,,,
0.3295499384403229,257,,,,9,0.46124085783958435,0.36905720829963684,,78,,,
0.2291083186864853,258,,,,9,0.25522539019584656,0.23694343864917755,,79,,,
0.04875015467405319,259,,,,9,0.26440852880477905,0.11344766616821289,,80,,,
0.0423644594848156,260,,,,9,0.07008394598960876,0.05068030580878258,,81,,,
0.49884098768234253,261,,,,9,1.0935895442962646,0.6772655248641968,,82,,,
0.3423977196216583,262,,,,9,0.5893186926841736,0.41647401452064514,,83,,,
0.07727307081222534,263,,,,9,0.13602055609226227,0.0948973149061203,,84,,,
0.2772885262966156,264,,,,9,0.2987250089645386,0.2837194800376892,,85,,,
0.42134928703308105,265,,,,9,0.6573693156242371,0.4921553134918213,,86,,,
0.1183805987238884,266,,,,9,0.2926386892795563,0.17065802216529846,,87,,,
0.02140410616993904,267,,,,9,0.05997588112950325,0.03297564014792442,,88,,,
,,,,,9,,,,89,0.33577924966812134,0.8947368264198303,0.4364042282104492
0.7468709349632263,0,,,,10,0.7829716205596924,0.7577010989189148,,90,,,
0.024740271270275116,1,,,,10,0.07614516466856003,0.04016174003481865,,91,,,
0.7636464834213257,2,,,,10,0.8647866249084473,0.7939885258674622,,92,,,
0.014238080009818077,3,,,,10,0.1609707921743393,0.058257896453142166,,93,,,
0.03163028880953789,4,,,,10,0.06640775501728058,0.042063526809215546,,94,,,
0.049574773758649826,5,,,,10,0.08467086404561996,0.06010360270738602,,95,,,
0.02528253011405468,6,,,,10,0.05542371794581413,0.03432488441467285,,96,,,
0.058593928813934326,7,,,,10,0.0953235849738121,0.06961282342672348,,97,,,
0.5105391144752502,8,,,,10,0.6065107583999634,0.5393306016921997,,98,,,
0.25308433175086975,9,,,,10,0.2891553044319153,0.2639056146144867,,99,,,
0.2778298854827881,10,,,,10,0.4260809123516083,0.32230520248413086,,0,,,
0.002009160118177533,11,,,,10,0.24166886508464813,0.07390706986188889,,1,,,
1.5927226543426514,12,,,,10,1.111242651939392,1.4482786655426025,,2,,,
0.14944146573543549,13,,,,10,0.15173184871673584,0.1501285880804062,,3,,,
0.056735727936029434,14,,,,10,0.16072973608970642,0.08793393522500992,,4,,,
0.46278584003448486,15,,,,10,0.6291050314903259,0.5126816034317017,,5,,,
0.7017865180969238,16,,,,10,0.6835849285125732,0.6963260173797607,,6,,,
0.025277066975831985,17,,,,10,0.5567548871040344,0.18472042679786682,,7,,,
0.3178245425224304,18,,,,10,0.4573792517185211,0.35969096422195435,,8,,,
0.26162227988243103,19,,,,10,0.3819792568683624,0.29772937297821045,,9,,,
0.2733548581600189,20,,,,10,0.6114292144775391,0.3747771680355072,,10,,,
1.6340322494506836,21,,,,10,1.398413062095642,1.5633465051651,,11,,,
0.30864107608795166,22,,,,10,0.5337238907814026,0.3761659264564514,,12,,,
0.0189925916492939,23,,,,10,0.058627162128686905,0.03088296391069889,,13,,,
2.25173020362854,24,,,,10,1.3570561408996582,1.9833279848098755,,14,,,
0.12782539427280426,25,,,,10,0.17923618853092194,0.14324863255023956,,15,,,
0.17940855026245117,26,,,,10,0.25832223892211914,0.20308266580104828,,16,,,
0.07730981707572937,27,,,,10,0.41337302327156067,0.17812877893447876,,17,,,
0.05231623724102974,28,,,,10,0.10892646759748459,0.06929931044578552,,18,,,
0.38664525747299194,29,,,,10,1.1943492889404297,0.6289564371109009,,19,,,
0.5050593018531799,30,,,,10,0.7281561493873596,0.5719883441925049,,20,,,
0.058482732623815536,31,,,,10,0.1604527086019516,0.08907372504472733,,21,,,
0.028265848755836487,32,,,,10,0.07545512914657593,0.04242263361811638,,22,,,
0.04014343395829201,33,,,,10,0.11864646524190903,0.06369434297084808,,23,,,
0.08765504509210587,34,,,,10,0.19473989307880402,0.11978049576282501,,24,,,
0.19346819818019867,35,,,,10,0.34621569514274597,0.2392924576997757,,25,,,
0.015997041016817093,36,,,,10,0.08665934950113297,0.037195734679698944,,26,,,
0.01523630041629076,37,,,,10,0.09933885186910629,0.040467068552970886,,27,,,
0.04922190308570862,38,,,,10,0.14450789988040924,0.0778077095746994,,28,,,
0.10949419438838959,39,,,,10,0.2549929618835449,0.15314382314682007,,29,,,
0.09670256823301315,40,,,,10,0.22230379283428192,0.1343829333782196,,30,,,
0.03320616856217384,41,,,,10,0.13441084325313568,0.06356757134199142,,31,,,
0.8488384485244751,42,,,,10,0.7326326370239258,0.8139767050743103,,32,,,
0.12732088565826416,43,,,,10,0.3741093575954437,0.2013574242591858,,33,,,
0.16084332764148712,44,,,,10,0.33883559703826904,0.21424101293087006,,34,,,
0.019714131951332092,45,,,,10,0.07616791129112244,0.036650266498327255,,35,,,
0.13663187623023987,46,,,,10,0.3338719308376312,0.19580389559268951,,36,,,
0.04016633704304695,47,,,,10,0.12868940830230713,0.06672325730323792,,37,,,
0.014428332448005676,48,,,,10,0.06056852638721466,0.028270389884710312,,38,,,
0.031628672033548355,49,,,,10,0.05444337800145149,0.038473084568977356,,39,,,
0.04163884371519089,50,,,,10,0.1356285661458969,0.06983575969934464,,40,,,
0.0045357439666986465,51,,,,10,0.09573379904031754,0.03189516067504883,,41,,,
0.15093694627285004,52,,,,10,0.2526470124721527,0.1814499795436859,,42,,,
0.13254429399967194,53,,,,10,0.21656055748462677,0.15774917602539062,,43,,,
0.06506671756505966,54,,,,10,0.3613061010837555,0.15393853187561035,,44,,,
1.4195548295974731,55,,,,10,0.8103211522102356,1.2367846965789795,,45,,,
0.416321337223053,56,,,,10,0.3381099998950958,0.39285793900489807,,46,,,
0.018554221838712692,57,,,,10,0.20278646051883698,0.07382389158010483,,47,,,
0.09573481976985931,58,,,,10,0.17943967878818512,0.12084627896547318,,48,,,
0.24928803741931915,59,,,,10,0.3339623212814331,0.27469033002853394,,49,,,
0.6198696494102478,60,,,,10,0.5858941674232483,0.6096770167350769,,50,,,
1.646974802017212,61,,,,10,0.47666266560554504,1.2958811521530151,,51,,,
0.3530336618423462,62,,,,10,0.40070709586143494,0.3673356771469116,,52,,,
0.017288342118263245,63,,,,10,0.13132302463054657,0.05149874836206436,,53,,,
0.10575144737958908,64,,,,10,0.41995060443878174,0.20001119375228882,,54,,,
3.1312646865844727,65,,,,10,1.332951545715332,2.591770648956299,,55,,,
0.28316229581832886,66,,,,10,0.3713361918926239,0.30961447954177856,,56,,,
0.11361187696456909,67,,,,10,0.2324119210243225,0.14925187826156616,,57,,,
0.039412423968315125,68,,,,10,0.33242228627204895,0.12731538712978363,,58,,,
0.1411658376455307,69,,,,10,0.2042384296655655,0.16008761525154114,,59,,,
0.10732651501893997,70,,,,10,0.38873490691185,0.19174903631210327,,60,,,
1.3143932819366455,71,,,,10,0.9154987931251526,1.1947249174118042,,61,,,
0.41802558302879333,72,,,,10,0.44774070382118225,0.4269401431083679,,62,,,
0.23926390707492828,73,,,,10,0.3259299695491791,0.26526373624801636,,63,,,
0.05199884623289108,74,,,,10,0.2853826582431793,0.12201399356126785,,64,,,
0.2590690851211548,75,,,,10,0.35053905844688416,0.28651008009910583,,65,,,
0.05698123946785927,76,,,,10,0.10407668352127075,0.07110987603664398,,66,,,
0.03260253742337227,77,,,,10,0.08422120660543442,0.04808814078569412,,67,,,
0.079411581158638,78,,,,10,0.30364343523979187,0.14668114483356476,,68,,,
0.08942162245512009,79,,,,10,0.2431081086397171,0.1355275809764862,,69,,,
0.7406569123268127,80,,,,10,0.8084111213684082,0.7609832286834717,,70,,,
0.517229437828064,81,,,,10,0.5755730867385864,0.5347325205802917,,71,,,
0.005330516025424004,82,,,,10,0.5929717421531677,0.18162287771701813,,72,,,
0.0574222207069397,83,,,,10,0.07856988161802292,0.06376652419567108,,73,,,
0.0688144713640213,84,,,,10,0.1423867791891098,0.09088616073131561,,74,,,
0.29037970304489136,85,,,,10,0.4778921604156494,0.3466334342956543,,75,,,
1.846333622932434,86,,,,10,1.294950008392334,1.6809184551239014,,76,,,
0.07311183214187622,87,,,,10,0.11661358922719955,0.08616235852241516,,77,,,
0.07727891951799393,88,,,,10,0.2641761600971222,0.13334809243679047,,78,,,
0.11353206634521484,89,,,,10,0.219607874751091,0.14535480737686157,,79,,,
0.7945647239685059,90,,,,10,0.6495466232299805,0.7510592937469482,,80,,,
0.04340623691678047,91,,,,10,0.10733809322118759,0.06258579343557358,,81,,,
0.1351221203804016,92,,,,10,0.2893516719341278,0.18139100074768066,,82,,,
0.3801634907722473,93,,,,10,0.4076443612575531,0.38840776681900024,,83,,,
0.22524848580360413,94,,,,10,0.319792240858078,0.25361162424087524,,84,,,
1.1813023090362549,95,,,,10,1.182740330696106,1.1817337274551392,,85,,,
0.06655679643154144,96,,,,10,0.4699363708496094,0.18757067620754242,,86,,,
0.018724702298641205,97,,,,10,0.045611996203660965,0.026790890842676163,,87,,,
0.1803416609764099,98,,,,10,0.2595932185649872,0.20411713421344757,,88,,,
0.026989351958036423,99,,,,10,0.2071704864501953,0.08104369044303894,,89,,,
0.1423555612564087,100,,,,10,0.3451089859008789,0.20318159461021423,,90,,,
0.058269865810871124,101,,,,10,0.08220293372869492,0.0654497891664505,,91,,,
0.5430193543434143,102,,,,10,0.3987596929073334,0.49974146485328674,,92,,,
0.0695628970861435,103,,,,10,0.11866522580385208,0.08429359644651413,,93,,,
0.48024505376815796,104,,,,10,0.35291793942451477,0.4420469403266907,,94,,,
0.05027186870574951,105,,,,10,0.26204827427864075,0.11380479484796524,,95,,,
0.20154285430908203,106,,,,10,0.311139315366745,0.23442178964614868,,96,,,
0.021902693435549736,107,,,,10,0.06110738590359688,0.033664099872112274,,97,,,
0.07500369101762772,108,,,,10,0.132378950715065,0.09221626818180084,,98,,,
0.12743286788463593,109,,,,10,0.16989140212535858,0.14017042517662048,,99,,,
0.17326371371746063,110,,,,10,0.3339749276638031,0.22147707641124725,,0,,,
0.07849736511707306,111,,,,10,0.2023431807756424,0.11565111577510834,,1,,,
0.131598100066185,112,,,,10,0.20368464291095734,0.15322406589984894,,2,,,
0.22397595643997192,113,,,,10,0.2500641644001007,0.23180241882801056,,3,,,
0.12221108376979828,114,,,,10,0.3090479075908661,0.1782621443271637,,4,,,
0.1070881262421608,115,,,,10,0.31932196021080017,0.17075827717781067,,5,,,
0.28291311860084534,116,,,,10,0.33112624287605286,0.2973770499229431,,6,,,
0.0061227609403431416,117,,,,10,0.5214781761169434,0.16072939336299896,,7,,,
0.07120361924171448,118,,,,10,0.09928467869758606,0.07962793856859207,,8,,,
0.07934760302305222,119,,,,10,0.12810538709163666,0.09397494047880173,,9,,,
0.011100206524133682,120,,,,10,0.06073664501309395,0.025991138070821762,,10,,,
0.1065663993358612,121,,,,10,0.22496892511844635,0.1420871615409851,,11,,,
0.2213095724582672,122,,,,10,0.31159526109695435,0.24839529395103455,,12,,,
0.10570736229419708,123,,,,10,0.15778271853923798,0.12132996320724487,,13,,,
1.8367054462432861,124,,,,10,1.011436104774475,1.5891246795654297,,14,,,
0.06849682331085205,125,,,,10,0.1147121712565422,0.08236142992973328,,15,,,
0.013221685774624348,126,,,,10,0.16345615684986115,0.05829203128814697,,16,,,
0.014130068942904472,127,,,,10,0.316411554813385,0.10481452196836472,,17,,,
0.029469769448041916,128,,,,10,0.412537544965744,0.14439010620117188,,18,,,
0.13957542181015015,129,,,,10,0.23473268747329712,0.16812260448932648,,19,,,
0.10393443703651428,130,,,,10,0.1729239821434021,0.12463130056858063,,20,,,
0.01676025241613388,131,,,,10,0.10324069112539291,0.04270438477396965,,21,,,
0.11584211885929108,132,,,,10,0.15561704337596893,0.12777459621429443,,22,,,
0.03201736509799957,133,,,,10,0.06754416227340698,0.042675405740737915,,23,,,
0.06070450320839882,134,,,,10,0.11140704154968262,0.07591526210308075,,24,,,
0.08018633723258972,135,,,,10,0.5059555172920227,0.20791709423065186,,25,,,
0.9130316972732544,136,,,,10,0.862138032913208,0.8977636098861694,,26,,,
0.42990797758102417,137,,,,10,0.6575694680213928,0.4982064366340637,,27,,,
0.08569968491792679,138,,,,10,0.21938498318195343,0.12580528855323792,,28,,,
0.04719166457653046,139,,,,10,0.09836573153734207,0.06254388391971588,,29,,,
0.02239193767309189,140,,,,10,0.07358360290527344,0.03774943947792053,,30,,,
0.5698553919792175,141,,,,10,0.9425854086875916,0.6816744208335876,,31,,,
0.27807924151420593,142,,,,10,0.3912138044834137,0.31201961636543274,,32,,,
0.7349775433540344,143,,,,10,0.8620450496673584,0.773097813129425,,33,,,
0.0909067913889885,144,,,,10,0.21079027652740479,0.12687183916568756,,34,,,
0.01976287178695202,145,,,,10,0.06467664986848831,0.03323700651526451,,35,,,
0.03720377758145332,146,,,,10,0.24446409940719604,0.09938187897205353,,36,,,
0.7020899653434753,147,,,,10,0.9008784294128418,0.7617264986038208,,37,,,
0.606548011302948,148,,,,10,0.9142373204231262,0.6988548040390015,,38,,,
0.11842507869005203,149,,,,10,0.273059219121933,0.16481532156467438,,39,,,
1.0497981309890747,150,,,,10,0.6974802613258362,0.9441027641296387,,40,,,
0.16361697018146515,151,,,,10,0.39045965671539307,0.23166978359222412,,41,,,
0.05398513749241829,152,,,,10,0.11061715334653854,0.07097473740577698,,42,,,
0.01912943460047245,153,,,,10,0.15072554349899292,0.058608267456293106,,43,,,
0.01472909189760685,154,,,,10,0.11162082105875015,0.043796610087156296,,44,,,
0.3762040138244629,155,,,,10,0.44234371185302734,0.3960459232330322,,45,,,
1.6053777933120728,156,,,,10,1.1270511150360107,1.4618797302246094,,46,,,
0.02594216912984848,157,,,,10,0.07865724712610245,0.04175669327378273,,47,,,
1.3464457988739014,158,,,,10,0.9825260043144226,1.2372698783874512,,48,,,
0.8894953727722168,159,,,,10,0.6575673222541809,0.8199169635772705,,49,,,
1.0000609159469604,160,,,,10,0.842086136341095,0.9526684284210205,,50,,,
0.0045236400328576565,161,,,,10,0.23861785233020782,0.07475190609693527,,51,,,
0.12444373220205307,162,,,,10,0.29793408513069153,0.17649084329605103,,52,,,
0.01042161788791418,163,,,,10,0.0888996347784996,0.03396502509713173,,53,,,
0.017952920868992805,164,,,,10,0.0872541069984436,0.0387432761490345,,54,,,
0.017618227750062943,165,,,,10,0.046031404286623,0.0261421799659729,,55,,,
0.04947198927402496,166,,,,10,0.20353369414806366,0.09569050371646881,,56,,,
0.005527806468307972,167,,,,10,0.15366975963115692,0.049970392137765884,,57,,,
0.9220716953277588,168,,,,10,0.5000924468040466,0.7954779267311096,,58,,,
0.012915530242025852,169,,,,10,0.24863570928573608,0.08363158255815506,,59,,,
0.11948908120393753,170,,,,10,0.20250095427036285,0.14439263939857483,,60,,,
0.03868913650512695,171,,,,10,0.11823622137308121,0.06255326420068741,,61,,,
0.3026157021522522,172,,,,10,0.39873406291007996,0.3314512073993683,,62,,,
0.31285300850868225,173,,,,10,0.5993124842643738,0.3987908363342285,,63,,,
0.06791479885578156,174,,,,10,0.08889198303222656,0.07420795410871506,,64,,,
0.0010852882405743003,175,,,,10,0.4267037808895111,0.1287708431482315,,65,,,
0.004912331234663725,176,,,,10,0.3251553177833557,0.10098522901535034,,66,,,
0.7813199758529663,177,,,,10,0.4817732870578766,0.6914559602737427,,67,,,
0.01413512323051691,178,,,,10,0.12205465883016586,0.04651098698377609,,68,,,
0.00866463128477335,179,,,,10,0.04372580349445343,0.01918298378586769,,69,,,
0.023494195193052292,180,,,,10,0.06670158356428146,0.03645641356706619,,70,,,
0.07719825953245163,181,,,,10,0.15765781700611115,0.10133612900972366,,71,,,
0.10712207853794098,182,,,,10,0.1728336066007614,0.12683553993701935,,72,,,
1.4796355962753296,183,,,,10,1.077662467956543,1.3590435981750488,,73,,,
0.08457367867231369,184,,,,10,0.10322467237710953,0.09016898274421692,,74,,,
0.5380686521530151,185,,,,10,0.6327244639396667,0.5664653778076172,,75,,,
1.419708251953125,186,,,,10,1.0175974369049072,1.2990750074386597,,76,,,
0.34841614961624146,187,,,,10,0.2445525974035263,0.3172570765018463,,77,,,
0.10688289999961853,188,,,,10,0.2797963321208954,0.15875694155693054,,78,,,
0.32573747634887695,189,,,,10,0.7071473002433777,0.4401604235172272,,79,,,
0.6086732745170593,190,,,,10,0.4883178472518921,0.5725666284561157,,80,,,
0.3103630542755127,191,,,,10,0.6476646661758423,0.4115535616874695,,81,,,
0.6346921324729919,192,,,,10,0.3306553065776825,0.5434811115264893,,82,,,
0.0045025162398815155,193,,,,10,0.12199843674898148,0.039751291275024414,,83,,,
0.09023027867078781,194,,,,10,0.23858755826950073,0.13473746180534363,,84,,,
0.025882113724946976,195,,,,10,0.05189134553074837,0.03368488326668739,,85,,,
0.36933353543281555,196,,,,10,0.4315125644207001,0.38798725605010986,,86,,,
1.6316314935684204,197,,,,10,1.03896963596344,1.453832983970642,,87,,,
0.034592803567647934,198,,,,10,0.14365197718143463,0.06731055676937103,,88,,,
0.026857642456889153,199,,,,10,0.12188657373189926,0.05536632239818573,,89,,,
0.0735984742641449,200,,,,10,0.15116508305072784,0.09686845541000366,,90,,,
0.1917175054550171,201,,,,10,0.32442793250083923,0.23153063654899597,,91,,,
0.35046541690826416,202,,,,10,0.3620975911617279,0.35395506024360657,,92,,,
0.09058476239442825,203,,,,10,0.17336858808994293,0.1154199093580246,,93,,,
0.06840631365776062,204,,,,10,0.1526540070772171,0.09368062019348145,,94,,,
0.03263496235013008,205,,,,10,0.12373777478933334,0.05996580421924591,,95,,,
0.05272999033331871,206,,,,10,0.2408667653799057,0.10917101800441742,,96,,,
0.033574189990758896,207,,,,10,0.118325375020504,0.058999545872211456,,97,,,
1.0352784395217896,208,,,,10,0.9361669421195984,1.0055450201034546,,98,,,
0.09829042851924896,209,,,,10,0.16509248316287994,0.11833104491233826,,99,,,
0.5926570296287537,210,,,,10,0.4785729944705963,0.5584318041801453,,0,,,
0.25661715865135193,211,,,,10,0.3943864107131958,0.2979479432106018,,1,,,
0.006637668237090111,212,,,,10,0.11832886934280396,0.04014503210783005,,2,,,
0.005829594563692808,213,,,,10,0.913340151309967,0.2780827581882477,,3,,,
0.5780484676361084,214,,,,10,0.6342136263847351,0.594897985458374,,4,,,
0.21982920169830322,215,,,,10,0.2747717797756195,0.23631197214126587,,5,,,
0.1510298252105713,216,,,,10,0.34195640683174133,0.20830780267715454,,6,,,
0.08902616053819656,217,,,,10,0.3104318678379059,0.15544787049293518,,7,,,
0.42984065413475037,218,,,,10,0.49799004197120667,0.4502854645252228,,8,,,
0.4633413255214691,219,,,,10,0.729508638381958,0.5431914925575256,,9,,,
0.345622718334198,220,,,,10,0.35327091813087463,0.3479171693325043,,10,,,
0.4553961157798767,221,,,,10,0.6247441172599792,0.5062004923820496,,11,,,
0.09201829880475998,222,,,,10,0.2787828743457794,0.14804768562316895,,12,,,
0.09976141899824142,223,,,,10,0.22436974942684174,0.13714392483234406,,13,,,
0.07612571120262146,224,,,,10,0.15284138917922974,0.09914042055606842,,14,,,
0.44851499795913696,225,,,,10,0.6359965801239014,0.5047594904899597,,15,,,
0.03527751564979553,226,,,,10,0.06296005845069885,0.04358227923512459,,16,,,
0.2303042709827423,227,,,,10,0.6169928908348083,0.3463108539581299,,17,,,
0.05805976688861847,228,,,,10,0.5597027540206909,0.20855265855789185,,18,,,
2.7362165451049805,229,,,,10,1.5034408569335938,2.3663837909698486,,19,,,
0.30854108929634094,230,,,,10,0.3087060749530792,0.3085905909538269,,20,,,
0.10665855556726456,231,,,,10,0.13711246848106384,0.11579473316669464,,21,,,
0.23309722542762756,232,,,,10,0.33710917830467224,0.2643008232116699,,22,,,
0.012088960967957973,233,,,,10,0.40451177954673767,0.12981581687927246,,23,,,
1.836058497428894,234,,,,10,0.9422678351402283,1.5679212808609009,,24,,,
0.1286236047744751,235,,,,10,0.1751413345336914,0.14257892966270447,,25,,,
0.024198533967137337,236,,,,10,0.18478058278560638,0.0723731517791748,,26,,,
0.07005560398101807,237,,,,10,0.2624250650405884,0.1277664452791214,,27,,,
0.040265388786792755,238,,,,10,0.09916306287050247,0.05793469399213791,,28,,,
0.24061648547649384,239,,,,10,0.43518295884132385,0.29898643493652344,,29,,,
0.043278273195028305,240,,,,10,0.14898540079593658,0.074990414083004,,30,,,
0.008706112392246723,241,,,,10,0.11567948013544083,0.0407981276512146,,31,,,
0.14669354259967804,242,,,,10,0.4110349416732788,0.2259959578514099,,32,,,
0.28701266646385193,243,,,,10,0.5407183170318604,0.36312437057495117,,33,,,
0.17637917399406433,244,,,,10,0.20734818279743195,0.18566986918449402,,34,,,
0.25884732604026794,245,,,,10,0.31815579533576965,0.2766398787498474,,35,,,
0.4847302734851837,246,,,,10,0.527133584022522,0.4974512457847595,,36,,,
0.128844752907753,247,,,,10,0.37786582112312317,0.20355108380317688,,37,,,
0.02152848429977894,248,,,,10,0.0801858901977539,0.039125707000494,,38,,,
0.0016655157087370753,249,,,,10,0.2743046283721924,0.08345725387334824,,39,,,
0.09187628328800201,250,,,,10,0.11287642270326614,0.09817633032798767,,40,,,
0.06362508982419968,251,,,,10,0.1242583692073822,0.08181507885456085,,41,,,
0.10330140590667725,252,,,,10,0.3085508644580841,0.16487625241279602,,42,,,
0.02171245589852333,253,,,,10,0.09260311722755432,0.042979657649993896,,43,,,
0.016714414581656456,254,,,,10,0.09488698095083237,0.040166184306144714,,44,,,
0.15425905585289001,255,,,,10,0.344745397567749,0.2114049643278122,,45,,,
0.006660759914666414,256,,,,10,0.11654911190271378,0.03962726891040802,,46,,,
0.19782604277133942,257,,,,10,0.3260832726955414,0.2363032102584839,,47,,,
0.03692303225398064,258,,,,10,0.22715751826763153,0.09399338066577911,,48,,,
0.055233184248209,259,,,,10,0.08529353141784668,0.06425128877162933,,49,,,
1.082188606262207,260,,,,10,0.7029884457588196,0.9684285521507263,,50,,,
0.033083464950323105,261,,,,10,0.19746701419353485,0.08239853382110596,,51,,,
0.05337279289960861,262,,,,10,0.15372365713119507,0.08347804844379425,,52,,,
0.1353190392255783,263,,,,10,0.22101061046123505,0.1610265076160431,,53,,,
0.06363604962825775,264,,,,10,0.25522342324256897,0.12111226469278336,,54,,,
0.6316730380058289,265,,,,10,0.8145787119865417,0.6865447759628296,,55,,,
0.04654032364487648,266,,,,10,0.15617619454860687,0.07943108677864075,,56,,,
0.273262619972229,267,,,,10,0.32796066999435425,0.28967204689979553,,57,,,
,,,,,10,,,,58,0.3108854293823242,0.8421052694320679,0.5871882438659668
0.7164777517318726,0,,,,11,0.3844383656978607,0.6168659329414368,,59,,,
1.2551827430725098,1,,,,11,1.0200895071029663,1.184654712677002,,60,,,
0.03660290315747261,2,,,,11,0.06498894840478897,0.04511871933937073,,61,,,
0.05085292086005211,3,,,,11,0.28534653782844543,0.12120100855827332,,62,,,
0.02056245505809784,4,,,,11,0.04126441851258278,0.02677304297685623,,63,,,
0.47104960680007935,5,,,,11,0.2838706970214844,0.4148959219455719,,64,,,
0.0010589712765067816,6,,,,11,0.3262861669063568,0.09862713515758514,,65,,,
0.35251712799072266,7,,,,11,0.4343395531177521,0.3770638704299927,,66,,,
0.05388619378209114,8,,,,11,0.1048455461859703,0.06917399913072586,,67,,,
0.37995579838752747,9,,,,11,1.0150121450424194,0.5704727172851562,,68,,,
0.0057708085514605045,10,,,,11,0.21543364226818085,0.06866966187953949,,69,,,
0.05179138854146004,11,,,,11,0.1509147435426712,0.08152839541435242,,70,,,
0.0012985378270968795,12,,,,11,0.40957877039909363,0.12378261238336563,,71,,,
0.705123782157898,13,,,,11,0.9403102993965149,0.7756797075271606,,72,,,
0.35591214895248413,14,,,,11,0.42259904742240906,0.3759182095527649,,73,,,
0.4598963260650635,15,,,,11,0.3021784722805023,0.4125809669494629,,74,,,
0.0813022330403328,16,,,,11,0.1644914299249649,0.10625898838043213,,75,,,
0.11503469198942184,17,,,,11,0.2637524902820587,0.1596500277519226,,76,,,
0.4178887903690338,18,,,,11,0.5430622696876526,0.45544084906578064,,77,,,
0.09321371465921402,19,,,,11,0.2002238780260086,0.1253167688846588,,78,,,
0.0983564481139183,20,,,,11,0.19461314380168915,0.12723346054553986,,79,,,
1.174401879310608,21,,,,11,1.0345468521118164,1.1324453353881836,,80,,,
0.060970015823841095,22,,,,11,0.09891702979803085,0.07235412299633026,,81,,,
0.07888489961624146,23,,,,11,0.14794324338436127,0.09960240125656128,,82,,,
0.2623031437397003,24,,,,11,1.0672942399978638,0.5038005113601685,,83,,,
0.12008129060268402,25,,,,11,0.3502342402935028,0.18912717700004578,,84,,,
0.10407625138759613,26,,,,11,0.2239018678665161,0.14002393186092377,,85,,,
1.3584527969360352,27,,,,11,0.9508193135261536,1.236162781715393,,86,,,
0.028439201414585114,28,,,,11,0.2596752643585205,0.09781002998352051,,87,,,
1.7427756786346436,29,,,,11,1.2387136220932007,1.5915570259094238,,88,,,
0.3485510051250458,30,,,,11,0.4824349880218506,0.3887162208557129,,89,,,
0.0673353299498558,31,,,,11,0.167077898979187,0.09725810587406158,,90,,,
0.14078857004642487,32,,,,11,0.3458779752254486,0.20231539011001587,,91,,,
0.01892545074224472,33,,,,11,0.4030059576034546,0.13414961099624634,,92,,,
0.23043625056743622,34,,,,11,0.4730027914047241,0.303206205368042,,93,,,
0.4285711944103241,35,,,,11,0.4994452893733978,0.4498334228992462,,94,,,
0.0239608995616436,36,,,,11,0.051916856318712234,0.03234768658876419,,95,,,
0.05124327167868614,37,,,,11,0.09079460054636002,0.06310867518186569,,96,,,
0.3422626256942749,38,,,,11,0.4010957181453705,0.35991254448890686,,97,,,
0.053710874170064926,39,,,,11,0.2377435564994812,0.10892067849636078,,98,,,
1.3807966709136963,40,,,,11,0.7857296466827393,1.202276587486267,,99,,,
0.04007723927497864,41,,,,11,0.14377249777317047,0.07118581980466843,,0,,,
0.4345761835575104,42,,,,11,0.5983124375343323,0.4836970567703247,,1,,,
0.007774451747536659,43,,,,11,0.06405201554298401,0.0246577225625515,,2,,,
0.5956456661224365,44,,,,11,0.5876049399375916,0.5932334661483765,,3,,,
0.15441352128982544,45,,,,11,0.1745813637971878,0.1604638695716858,,4,,,
0.08931980282068253,46,,,,11,0.4914811849594116,0.20996823906898499,,5,,,
0.09633996337652206,47,,,,11,0.43457773327827454,0.1978113055229187,,6,,,
0.1547122746706009,48,,,,11,0.2801688015460968,0.19234922528266907,,7,,,
0.06517383456230164,49,,,,11,0.11266819387674332,0.07942214608192444,,8,,,
0.10247517377138138,50,,,,11,0.12934859097003937,0.11053720116615295,,9,,,
0.06225037947297096,51,,,,11,0.12376973778009415,0.08070618659257889,,10,,,
0.0016990762669593096,52,,,,11,0.0702095702290535,0.022252224385738373,,11,,,
0.024905283004045486,53,,,,11,0.041421953588724136,0.02986028417944908,,12,,,
0.7275663018226624,54,,,,11,0.5828127264976501,0.6841402053833008,,13,,,
0.0007028493564575911,55,,,,11,0.30611786246299744,0.09232735633850098,,14,,,
0.05139626935124397,56,,,,11,0.1699116826057434,0.08695089817047119,,15,,,
0.15415391325950623,57,,,,11,0.3218693733215332,0.20446854829788208,,16,,,
0.03080703131854534,58,,,,11,0.11230041831731796,0.05525504797697067,,17,,,
0.8597671985626221,59,,,,11,0.808363676071167,0.8443461656570435,,18,,,
0.003479856299236417,60,,,,11,0.04951810464262962,0.01729133166372776,,19,,,
0.06857596337795258,61,,,,11,0.20478279888629913,0.10943801701068878,,20,,,
0.5602941513061523,62,,,,11,0.6052855253219604,0.5737915635108948,,21,,,
0.037652648985385895,63,,,,11,0.0716153010725975,0.04784144461154938,,22,,,
0.01690947264432907,64,,,,11,0.07825209945440292,0.035312261432409286,,23,,,
1.6376397609710693,65,,,,11,0.990799605846405,1.4435876607894897,,24,,,
0.46228981018066406,66,,,,11,0.43363824486732483,0.45369434356689453,,25,,,
0.0005173536483198404,67,,,,11,0.09630215913057327,0.02925279550254345,,26,,,
0.1179530918598175,68,,,,11,0.3114919364452362,0.1760147511959076,,27,,,
0.14960037171840668,69,,,,11,0.3039732277393341,0.1959122270345688,,28,,,
0.16647054255008698,70,,,,11,0.3054923117160797,0.20817707479000092,,29,,,
0.1324128359556198,71,,,,11,0.1279018372297287,0.13105954229831696,,30,,,
0.03567548841238022,72,,,,11,0.09485446661710739,0.05342918261885643,,31,,,
0.03189786151051521,73,,,,11,0.16853518784046173,0.0728890597820282,,32,,,
0.034987132996320724,74,,,,11,0.05070382356643677,0.03970213979482651,,33,,,
0.028209758922457695,75,,,,11,0.14374057948589325,0.06286900490522385,,34,,,
1.0644733905792236,76,,,,11,0.7110115885734558,0.9584348797798157,,35,,,
0.0037595797330141068,77,,,,11,0.2264675348997116,0.07057197391986847,,36,,,
0.06619659066200256,78,,,,11,0.16679328680038452,0.09637559950351715,,37,,,
0.9089502096176147,79,,,,11,0.7327465415000916,0.8560891151428223,,38,,,
0.09155543893575668,80,,,,11,0.323870986700058,0.16125011444091797,,39,,,
0.15820984542369843,81,,,,11,0.27690839767456055,0.19381940364837646,,40,,,
0.025383880361914635,82,,,,11,0.17696861922740936,0.07085930556058884,,41,,,
0.0010087168775498867,83,,,,11,0.24766862392425537,0.07500668615102768,,42,,,
0.32496678829193115,84,,,,11,0.4416966736316681,0.3599857687950134,,43,,,
0.018906384706497192,85,,,,11,0.23606298863887787,0.08405336737632751,,44,,,
0.06639182567596436,86,,,,11,0.207039937376976,0.10858626663684845,,45,,,
0.07011239975690842,87,,,,11,0.1335396021604538,0.08914056420326233,,46,,,
0.05423223227262497,88,,,,11,0.09785889834165573,0.06732023507356644,,47,,,
0.09282594174146652,89,,,,11,0.21695880591869354,0.13006579875946045,,48,,,
0.06817461550235748,90,,,,11,0.29767462611198425,0.1370246261358261,,49,,,
0.12824460864067078,91,,,,11,0.21997636556625366,0.1557641327381134,,50,,,
0.20844309031963348,92,,,,11,0.24730251729488373,0.22010090947151184,,51,,,
0.26525792479515076,93,,,,11,0.346779465675354,0.28971439599990845,,52,,,
3.0737805366516113,94,,,,11,1.4044054746627808,2.572968006134033,,53,,,
0.31398245692253113,95,,,,11,0.3390810489654541,0.32151204347610474,,54,,,
0.03479913994669914,96,,,,11,0.07447256147861481,0.04670116677880287,,55,,,
0.05016745626926422,97,,,,11,0.0919220820069313,0.06269384920597076,,56,,,
0.21013028919696808,98,,,,11,0.3130388855934143,0.2410028576850891,,57,,,
0.0705927312374115,99,,,,11,0.1313352733850479,0.08881549537181854,,58,,,
0.41657593846321106,100,,,,11,0.5835859775543213,0.4666789472103119,,59,,,
0.11896076798439026,101,,,,11,0.30280277132987976,0.17411336302757263,,60,,,
0.14933469891548157,102,,,,11,0.2953106462955475,0.19312748312950134,,61,,,
0.13997159898281097,103,,,,11,0.2977912425994873,0.18731749057769775,,62,,,
0.2543754577636719,104,,,,11,0.4437159597873688,0.3111776113510132,,63,,,
0.021272243931889534,105,,,,11,0.0786542072892189,0.03848683089017868,,64,,,
0.05943013355135918,106,,,,11,0.12786467373371124,0.07996049523353577,,65,,,
0.07963364571332932,107,,,,11,0.29607391357421875,0.14456573128700256,,66,,,
0.08094114065170288,108,,,,11,0.17805391550064087,0.1100749745965004,,67,,,
0.45053035020828247,109,,,,11,0.7300854325294495,0.5343968868255615,,68,,,
0.9445446133613586,110,,,,11,0.7608859539031982,0.8894469738006592,,69,,,
0.06824254244565964,111,,,,11,0.1522779017686844,0.09345315396785736,,70,,,
0.9290766716003418,112,,,,11,0.7857252955436707,0.8860712647438049,,71,,,
0.13790187239646912,113,,,,11,0.14387230575084686,0.1396930068731308,,72,,,
0.02977425418794155,114,,,,11,0.08309201896190643,0.0457695871591568,,73,,,
0.4535096287727356,115,,,,11,0.5179503560066223,0.4728418290615082,,74,,,
0.20953088998794556,116,,,,11,0.32407626509666443,0.2438945174217224,,75,,,
0.34591981768608093,117,,,,11,0.5868214964866638,0.4181903302669525,,76,,,
2.124403953552246,118,,,,11,0.9415431022644043,1.7695456743240356,,77,,,
0.48385322093963623,119,,,,11,0.8645727038383484,0.5980690717697144,,78,,,
0.08709052205085754,120,,,,11,0.17245544493198395,0.11270000040531158,,79,,,
0.12141353636980057,121,,,,11,0.23524685204029083,0.15556353330612183,,80,,,
0.13909412920475006,122,,,,11,0.2564049959182739,0.17428737878799438,,81,,,
0.5695311427116394,123,,,,11,0.5977757573127747,0.5780045390129089,,82,,,
0.022412104532122612,124,,,,11,0.07363945245742798,0.03778030723333359,,83,,,
0.1941727250814438,125,,,,11,0.338392049074173,0.23743852972984314,,84,,,
0.0268937349319458,126,,,,11,0.10841216892004013,0.05134926736354828,,85,,,
0.01777621917426586,127,,,,11,0.11765199154615402,0.047738950699567795,,86,,,
0.03643038496375084,128,,,,11,0.1739392876625061,0.07768306136131287,,87,,,
0.10145117342472076,129,,,,11,0.16796566545963287,0.12140552699565887,,88,,,
0.08335504680871964,130,,,,11,0.16812701523303986,0.10878664255142212,,89,,,
0.028977952897548676,131,,,,11,0.20637989044189453,0.08219853788614273,,90,,,
0.06301973760128021,132,,,,11,0.13991189002990723,0.08608738332986832,,91,,,
0.965707540512085,133,,,,11,1.0163276195526123,0.980893611907959,,92,,,
0.017870020121335983,134,,,,11,0.058526426553726196,0.030066940933465958,,93,,,
0.094784677028656,135,,,,11,0.22213910520076752,0.1329910159111023,,94,,,
1.6146234273910522,136,,,,11,0.8510289788246155,1.3855451345443726,,95,,,
0.0381799191236496,137,,,,11,0.08072060346603394,0.05094212293624878,,96,,,
0.5130229592323303,138,,,,11,0.4934096336364746,0.5071389675140381,,97,,,
0.5240103602409363,139,,,,11,0.42133477330207825,0.4932076930999756,,98,,,
0.07538384944200516,140,,,,11,0.16757024824619293,0.10303977131843567,,99,,,
0.01944316364824772,141,,,,11,0.05901840701699257,0.03131573647260666,,0,,,
0.017240887507796288,142,,,,11,0.07337338477373123,0.034080635756254196,,1,,,
0.021698225289583206,143,,,,11,0.09380951523780823,0.04333161562681198,,2,,,
0.03285381570458412,144,,,,11,0.14972536265850067,0.06791527569293976,,3,,,
1.424561619758606,145,,,,11,1.145068645477295,1.3407137393951416,,4,,,
0.04467792436480522,146,,,,11,0.08778700977563858,0.0576106496155262,,5,,,
0.11646811664104462,147,,,,11,0.18959979712963104,0.1384076178073883,,6,,,
0.03789784014225006,148,,,,11,0.09393081814050674,0.054707735776901245,,7,,,
0.016826249659061432,149,,,,11,0.18261945247650146,0.06656420975923538,,8,,,
0.01420364435762167,150,,,,11,0.15600599348545074,0.056744348257780075,,9,,,
0.07185962051153183,151,,,,11,0.11310706287622452,0.0842338502407074,,10,,,
0.08878522366285324,152,,,,11,0.12645718455314636,0.10008680820465088,,11,,,
0.1814158856868744,153,,,,11,0.2672048509120941,0.2071525752544403,,12,,,
1.0866613388061523,154,,,,11,0.7511489391326904,0.986007571220398,,13,,,
0.046891070902347565,155,,,,11,0.07225477695465088,0.05450018495321274,,14,,,
0.10920535027980804,156,,,,11,0.16926614940166473,0.12722359597682953,,15,,,
0.14244487881660461,157,,,,11,0.18958406150341034,0.1565866321325302,,16,,,
0.0540241040289402,158,,,,11,0.10963477939367294,0.070707306265831,,17,,,
0.0031919742468744516,159,,,,11,0.1854785829782486,0.057877957820892334,,18,,,
0.008047182112932205,160,,,,11,0.08131246268749237,0.030026767402887344,,19,,,
0.9560723304748535,161,,,,11,0.7670031189918518,0.8993515372276306,,20,,,
0.033239495009183884,162,,,,11,0.08294474333524704,0.04815106838941574,,21,,,
0.9057921171188354,163,,,,11,0.7672159075737,0.8642192482948303,,22,,,
0.028362378478050232,164,,,,11,0.0663658156991005,0.03976340964436531,,23,,,
1.8717454671859741,165,,,,11,1.2609556913375854,1.6885085105895996,,24,,,
0.6502798199653625,166,,,,11,0.6216751933097839,0.64169842004776,,25,,,
0.2880552113056183,167,,,,11,1.3371793031692505,0.6027924418449402,,26,,,
0.17201146483421326,168,,,,11,0.2607930600643158,0.1986459493637085,,27,,,
0.39319494366645813,169,,,,11,0.6331142783164978,0.4651707410812378,,28,,,
0.0044726100750267506,170,,,,11,0.3231253921985626,0.10006844997406006,,29,,,
0.027598464861512184,171,,,,11,0.128542959690094,0.05788181722164154,,30,,,
0.014330449514091015,172,,,,11,0.23488861322402954,0.08049789816141129,,31,,,
0.09984351694583893,173,,,,11,0.23771655559539795,0.14120543003082275,,32,,,
0.5109788179397583,174,,,,11,0.5834991335868835,0.5327349305152893,,33,,,
0.10617069154977798,175,,,,11,0.2436293512582779,0.14740829169750214,,34,,,
0.19197511672973633,176,,,,11,0.3173889219760895,0.229599267244339,,35,,,
0.056800827383995056,177,,,,11,0.3832618296146393,0.1547391265630722,,36,,,
0.19528545439243317,178,,,,11,0.47301629185676575,0.2786046862602234,,37,,,
0.071330726146698,179,,,,11,0.1528720259666443,0.09579311311244965,,38,,,
0.10605265200138092,180,,,,11,0.2990208864212036,0.1639431267976761,,39,,,
0.0848066434264183,181,,,,11,0.1640545278787613,0.10858100652694702,,40,,,
0.01379703264683485,182,,,,11,0.04535440728068352,0.023264246061444283,,41,,,
0.05585826188325882,183,,,,11,0.3144219219684601,0.13342735171318054,,42,,,
0.1539231687784195,184,,,,11,0.3770916759967804,0.22087371349334717,,43,,,
0.023656385019421577,185,,,,11,0.07985321432352066,0.04051543399691582,,44,,,
0.007514425087720156,186,,,,11,0.6620709300041199,0.2038813829421997,,45,,,
0.4794576168060303,187,,,,11,0.41520366072654724,0.46018141508102417,,46,,,
0.15152865648269653,188,,,,11,0.22067494690418243,0.17227253317832947,,47,,,
0.09090025722980499,189,,,,11,0.11688941717147827,0.0986970067024231,,48,,,
0.37598419189453125,190,,,,11,0.5797006487846375,0.4370991289615631,,49,,,
0.06493870168924332,191,,,,11,0.24366700649261475,0.11855719983577728,,50,,,
0.0067248218692839146,192,,,,11,0.13284678757190704,0.04456141218543053,,51,,,
0.2283463031053543,193,,,,11,0.2703929841518402,0.24096031486988068,,52,,,
0.6322658658027649,194,,,,11,0.3712214529514313,0.5539525151252747,,53,,,
0.051547542214393616,195,,,,11,0.10358714312314987,0.06715942174196243,,54,,,
0.07219250500202179,196,,,,11,0.12402250617742538,0.08774150907993317,,55,,,
0.01548963226377964,197,,,,11,0.05233871936798096,0.02654435858130455,,56,,,
0.003943287767469883,198,,,,11,0.1826881617307663,0.05756675451993942,,57,,,
0.018211301416158676,199,,,,11,0.07331055402755737,0.034741077572107315,,58,,,
0.012961777858436108,200,,,,11,0.08095264434814453,0.033359039574861526,,59,,,
0.37974780797958374,201,,,,11,0.3682200610637665,0.3762894868850708,,60,,,
0.04235006123781204,202,,,,11,0.17511038482189178,0.08217816054821014,,61,,,
0.24136470258235931,203,,,,11,0.4483296871185303,0.3034542202949524,,62,,,
0.07956087589263916,204,,,,11,0.1791674941778183,0.10944285988807678,,63,,,
1.3617619276046753,205,,,,11,0.9405428767204285,1.2353962659835815,,64,,,
0.14596505463123322,206,,,,11,0.6444829702377319,0.2955204248428345,,65,,,
0.04169510304927826,207,,,,11,0.0932239219546318,0.057153746485710144,,66,,,
0.06739217042922974,208,,,,11,0.09069911390542984,0.07438424974679947,,67,,,
0.06646968424320221,209,,,,11,0.20905892550945282,0.10924646258354187,,68,,,
0.2799204885959625,210,,,,11,0.29496198892593384,0.28443294763565063,,69,,,
0.3196420669555664,211,,,,11,0.3808589279651642,0.3380071222782135,,70,,,
0.038258399814367294,212,,,,11,0.10966292768716812,0.05967976152896881,,71,,,
0.04201874881982803,213,,,,11,0.08520793914794922,0.05497550964355469,,72,,,
1.6321475505828857,214,,,,11,1.0647772550582886,1.4619364738464355,,73,,,
0.060796044766902924,215,,,,11,0.08742126077413559,0.06878361105918884,,74,,,
0.02469189092516899,216,,,,11,0.09483850002288818,0.04573587328195572,,75,,,
0.13362760841846466,217,,,,11,0.21844755113124847,0.1590735912322998,,76,,,
0.004242468159645796,218,,,,11,0.3674635887145996,0.11320880800485611,,77,,,
0.4872044324874878,219,,,,11,0.46780598163604736,0.48138487339019775,,78,,,
0.062002573162317276,220,,,,11,0.17243771255016327,0.09513311088085175,,79,,,
0.21013163030147552,221,,,,11,0.24583543837070465,0.22084277868270874,,80,,,
0.08845552802085876,222,,,,11,0.18666289746761322,0.1179177463054657,,81,,,
0.07290361076593399,223,,,,11,0.14950112998485565,0.09588287025690079,,82,,,
0.274929940700531,224,,,,11,0.39135780930519104,0.3098582923412323,,83,,,
0.14835810661315918,225,,,,11,0.3134303390979767,0.19787977635860443,,84,,,
0.1405823677778244,226,,,,11,0.369093656539917,0.2091357558965683,,85,,,
0.11542638391256332,227,,,,11,0.36934125423431396,0.19160085916519165,,86,,,
0.5195701718330383,228,,,,11,0.4352074861526489,0.49426135420799255,,87,,,
0.5909517407417297,229,,,,11,0.6214311718940735,0.6000955700874329,,88,,,
0.03530525043606758,230,,,,11,0.14187097549438477,0.06727496534585953,,89,,,
0.09326095134019852,231,,,,11,0.20078885555267334,0.12551932036876678,,90,,,
0.18317735195159912,232,,,,11,0.3096476197242737,0.22111843526363373,,91,,,
0.05021994933485985,233,,,,11,0.1590610146522522,0.08287227153778076,,92,,,
0.49957776069641113,234,,,,11,0.37418437004089355,0.46195971965789795,,93,,,
0.010730660520493984,235,,,,11,0.061348963528871536,0.025916151702404022,,94,,,
0.041535697877407074,236,,,,11,0.3937032222747803,0.14718595147132874,,95,,,
0.052303001284599304,237,,,,11,0.5426756739616394,0.19941481947898865,,96,,,
0.018621154129505157,238,,,,11,0.10343984514474869,0.044066764414310455,,97,,,
0.010847647674381733,239,,,,11,0.11735066026449203,0.04279855266213417,,98,,,
0.5739208459854126,240,,,,11,0.7892134189605713,0.6385086178779602,,99,,,
0.017159216105937958,241,,,,11,0.053653568029403687,0.028107520192861557,,0,,,
0.018839238211512566,242,,,,11,0.09353110939264297,0.04124680161476135,,1,,,
0.33094191551208496,243,,,,11,0.42387136816978455,0.35882073640823364,,2,,,
0.050064053386449814,244,,,,11,0.2403268814086914,0.10714291036128998,,3,,,
0.23861026763916016,245,,,,11,0.3783976137638092,0.28054648637771606,,4,,,
0.015216105617582798,246,,,,11,0.06922181695699692,0.03141781687736511,,5,,,
0.14897774159908295,247,,,,11,0.20713089406490326,0.16642369329929352,,6,,,
0.06234670802950859,248,,,,11,0.12133493274450302,0.08004318177700043,,7,,,
0.07311803847551346,249,,,,11,0.29413434863090515,0.1394229382276535,,8,,,
0.19942370057106018,250,,,,11,0.3577747046947479,0.24692898988723755,,9,,,
0.06249118223786354,251,,,,11,0.1395074427127838,0.08559606224298477,,10,,,
2.996565103530884,252,,,,11,1.3911610841751099,2.514943838119507,,11,,,
1.8133031129837036,253,,,,11,1.1256903409957886,1.6070191860198975,,12,,,
0.012098971754312515,254,,,,11,0.08988519757986069,0.035434842109680176,,13,,,
0.04591599851846695,255,,,,11,0.08352416753768921,0.05719844996929169,,14,,,
0.19455993175506592,256,,,,11,0.3997005224227905,0.2561021149158478,,15,,,
0.023693757131695747,257,,,,11,0.05556577071547508,0.03325536102056503,,16,,,
0.025230107828974724,258,,,,11,0.06857436150312424,0.03823338449001312,,17,,,
0.009823904372751713,259,,,,11,0.14756818115711212,0.05114718899130821,,18,,,
0.02057892084121704,260,,,,11,0.09199223667383194,0.04200291633605957,,19,,,
0.4098837077617645,261,,,,11,0.5654720664024353,0.4565601944923401,,20,,,
0.5288970470428467,262,,,,11,0.7710667252540588,0.6015479564666748,,21,,,
0.093880295753479,263,,,,11,0.30030396580696106,0.15580740571022034,,22,,,
0.14456641674041748,264,,,,11,0.26063135266304016,0.17938590049743652,,23,,,
2.824728012084961,265,,,,11,1.5207916498184204,2.433547019958496,,24,,,
0.06458126753568649,266,,,,11,0.24119575321674347,0.11756561696529388,,25,,,
0.9280059337615967,267,,,,11,1.1164524555206299,0.9845398664474487,,26,,,
,,,,,11,,,,27,0.2955795228481293,0.8684210777282715,0.42401304841041565
0.07415728271007538,0,,,,12,0.19359862804412842,0.10998968780040741,,28,,,
1.6087149381637573,1,,,,12,1.1132268905639648,1.4600684642791748,,29,,,
0.040569353848695755,2,,,,12,0.1942991465330124,0.08668829500675201,,30,,,
1.5646928548812866,3,,,,12,1.0334504842758179,1.405320167541504,,31,,,
0.02845936082303524,4,,,,12,0.10732250660657883,0.05211830511689186,,32,,,
0.03604397922754288,5,,,,12,0.1045251190662384,0.056588321924209595,,33,,,
0.4954778552055359,6,,,,12,0.531951367855072,0.5064198970794678,,34,,,
0.042489685118198395,7,,,,12,0.37050095200538635,0.14089307188987732,,35,,,
1.7095309495925903,8,,,,12,1.1775363683700562,1.5499324798583984,,36,,,
0.2445450872182846,9,,,,12,0.4271090030670166,0.2993142604827881,,37,,,
0.02992733009159565,10,,,,12,1.1368612051010132,0.3620074987411499,,38,,,
1.5275530815124512,11,,,,12,0.9991446137428284,1.3690305948257446,,39,,,
0.3330090641975403,12,,,,12,0.37902310490608215,0.34681329131126404,,40,,,
0.5492653846740723,13,,,,12,0.599672257900238,0.5643874406814575,,41,,,
0.025370514020323753,14,,,,12,0.12622743844985962,0.05562759190797806,,42,,,
0.013871454633772373,15,,,,12,0.04560302570462227,0.02339092642068863,,43,,,
1.5679609775543213,16,,,,12,0.7706233859062195,1.3287596702575684,,44,,,
0.10034957528114319,17,,,,12,0.2388421893119812,0.14189735054969788,,45,,,
0.007053119596093893,18,,,,12,0.0560920350253582,0.02176479436457157,,46,,,
0.03253168985247612,19,,,,12,0.09820123761892319,0.05223255604505539,,47,,,
0.06051825359463692,20,,,,12,0.26037392020225525,0.12047494947910309,,48,,,
0.021708257496356964,21,,,,12,0.06162377819418907,0.033682916313409805,,49,,,
0.2576994299888611,22,,,,12,0.479834645986557,0.32433998584747314,,50,,,
0.006915089208632708,23,,,,12,0.048472847789525986,0.01938241720199585,,51,,,
0.08948767930269241,24,,,,12,0.2563421428203583,0.13954401016235352,,52,,,
0.11157413572072983,25,,,,12,0.15216530859470367,0.12375149130821228,,53,,,
0.04181492328643799,26,,,,12,0.3167060315608978,0.12428226321935654,,54,,,
0.016584981232881546,27,,,,12,0.07952382415533066,0.03546663373708725,,55,,,
0.13325592875480652,28,,,,12,0.27959170937538147,0.17715665698051453,,56,,,
0.0503210686147213,29,,,,12,0.13075976073741913,0.07445267587900162,,57,,,
0.050615645945072174,30,,,,12,0.1093534454703331,0.06823699176311493,,58,,,
0.21339310705661774,31,,,,12,0.42907270789146423,0.2780969738960266,,59,,,
0.004786580801010132,32,,,,12,0.253637433052063,0.07944183796644211,,60,,,
0.831659734249115,33,,,,12,0.8240665793418884,0.8293817639350891,,61,,,
0.2374255359172821,34,,,,12,0.4313838481903076,0.29561302065849304,,62,,,
0.06420592218637466,35,,,,12,0.25703689455986023,0.12205521762371063,,63,,,
1.3683581352233887,36,,,,12,1.0476770401000977,1.2721538543701172,,64,,,
0.14154194295406342,37,,,,12,0.2948175370693207,0.18752461671829224,,65,,,
0.40312349796295166,38,,,,12,0.5252063274383545,0.4397483468055725,,66,,,
0.011156793683767319,39,,,,12,0.03584687039256096,0.01856381818652153,,67,,,
0.20213156938552856,40,,,,12,0.34698569774627686,0.2455878108739853,,68,,,
0.31100910902023315,41,,,,12,0.3372969925403595,0.31889545917510986,,69,,,
0.005493069998919964,42,,,,12,0.08880195021629333,0.030485736206173897,,70,,,
0.11769275367259979,43,,,,12,0.18139462172985077,0.13680331408977509,,71,,,
0.12946632504463196,44,,,,12,0.2565327286720276,0.16758623719215393,,72,,,
0.16034403443336487,45,,,,12,0.74590665102005,0.3360128402709961,,73,,,
0.10568634420633316,46,,,,12,0.21017658710479736,0.13703343272209167,,74,,,
0.03853544592857361,47,,,,12,0.13061100244522095,0.06615811586380005,,75,,,
0.0005433275364339352,48,,,,12,0.3004639446735382,0.09051951766014099,,76,,,
0.9113308787345886,49,,,,12,0.8678795695304871,0.8982954621315002,,77,,,
0.05262232571840286,50,,,,12,0.6381381154060364,0.2282770723104477,,78,,,
0.05920623242855072,51,,,,12,0.12389907985925674,0.07861408591270447,,79,,,
0.13621938228607178,52,,,,12,0.25434261560440063,0.17165635526180267,,80,,,
0.38704758882522583,53,,,,12,0.48910871148109436,0.41766589879989624,,81,,,
0.6741122007369995,54,,,,12,0.6333974003791809,0.6618977785110474,,82,,,
0.01522819884121418,55,,,,12,0.047002166509628296,0.02476038970053196,,83,,,
0.022496262565255165,56,,,,12,0.1384737640619278,0.05728951469063759,,84,,,
0.019052712246775627,57,,,,12,0.035991158336400986,0.02413424663245678,,85,,,
0.032161321491003036,58,,,,12,0.05574696138501167,0.03923701494932175,,86,,,
0.28340619802474976,59,,,,12,0.471195250749588,0.33974289894104004,,87,,,
0.03104662522673607,60,,,,12,0.050573620945215225,0.036904722452163696,,88,,,
0.26197928190231323,61,,,,12,0.39649859070777893,0.30233508348464966,,89,,,
0.0903470367193222,62,,,,12,0.20566105842590332,0.12494124472141266,,90,,,
1.1885080337524414,63,,,,12,1.0251123905181885,1.1394894123077393,,91,,,
0.0009457168052904308,64,,,,12,0.1432480365037918,0.04363641515374184,,92,,,
0.225132554769516,65,,,,12,0.33917471766471863,0.2593452036380768,,93,,,
0.14437854290008545,66,,,,12,0.4546715319156647,0.23746643960475922,,94,,,
0.8369323015213013,67,,,,12,0.46196651458740234,0.7244426012039185,,95,,,
0.06576928496360779,68,,,,12,0.07257739454507828,0.06781171262264252,,96,,,
0.04444408044219017,69,,,,12,0.13029591739177704,0.0701996386051178,,97,,,
0.034383080899715424,70,,,,12,0.10391566902399063,0.055242858827114105,,98,,,
0.3744051158428192,71,,,,12,0.5199864506721497,0.41807952523231506,,99,,,
0.10753732919692993,72,,,,12,0.23229384422302246,0.1449642777442932,,0,,,
0.6118096709251404,73,,,,12,0.5313898324966431,0.5876837372779846,,1,,,
0.004196053370833397,74,,,,12,0.3402770757675171,0.10502035915851593,,2,,,
0.06867992132902145,75,,,,12,0.08120086789131165,0.07243620604276657,,3,,,
0.05675588920712471,76,,,,12,0.10456732660531998,0.07109932601451874,,4,,,
0.04128613695502281,77,,,,12,0.1912020891904831,0.08626092970371246,,5,,,
0.02078653685748577,78,,,,12,0.05851858854293823,0.032106153666973114,,6,,,
0.050124600529670715,79,,,,12,0.23525094985961914,0.1056625097990036,,7,,,
0.018364636227488518,80,,,,12,0.03310370817780495,0.022786356508731842,,8,,,
0.1069156751036644,81,,,,12,0.22283799946308136,0.1416923701763153,,9,,,
0.020107947289943695,82,,,,12,0.41737595200538635,0.13928835093975067,,10,,,
2.133549928665161,83,,,,12,1.4459787607192993,1.9272786378860474,,11,,,
1.4804232120513916,84,,,,12,1.0473843812942505,1.3505115509033203,,12,,,
0.12757284939289093,85,,,,12,0.502217173576355,0.23996615409851074,,13,,,
0.00968625582754612,86,,,,12,0.04445675387978554,0.02011740580201149,,14,,,
0.5096808671951294,87,,,,12,0.6605735421180725,0.5549486875534058,,15,,,
0.9883618354797363,88,,,,12,0.7759127616882324,0.9246271252632141,,16,,,
0.35693812370300293,89,,,,12,0.570867657661438,0.42111697793006897,,17,,,
0.012393131852149963,90,,,,12,0.047404944896698,0.022896677255630493,,18,,,
0.016490943729877472,91,,,,12,0.3136270344257355,0.10563177615404129,,19,,,
0.45533010363578796,92,,,,12,0.4589320421218872,0.4564107060432434,,20,,,
0.10587230324745178,93,,,,12,0.25542035698890686,0.1507367193698883,,21,,,
1.512740135192871,94,,,,12,1.0257850885391235,1.3666536808013916,,22,,,
0.4503483772277832,95,,,,12,0.621763288974762,0.5017728805541992,,23,,,
0.047533318400382996,96,,,,12,0.13517063856124878,0.07382450997829437,,24,,,
0.19057083129882812,97,,,,12,0.2991495430469513,0.22314444184303284,,25,,,
0.21979092061519623,98,,,,12,0.26526084542274475,0.23343190550804138,,26,,,
0.07445278018712997,99,,,,12,0.1980368047952652,0.11152799427509308,,27,,,
0.0018502036109566689,100,,,,12,0.4285440146923065,0.1298583596944809,,28,,,
2.2197532653808594,101,,,,12,1.26531183719635,1.9334208965301514,,29,,,
0.1777847409248352,102,,,,12,0.27116909623146057,0.20580005645751953,,30,,,
0.32244962453842163,103,,,,12,1.0744258165359497,0.5480424761772156,,31,,,
1.9278502464294434,104,,,,12,1.397367000579834,1.7687052488327026,,32,,,
0.007731040008366108,105,,,,12,0.04000844433903694,0.017414262518286705,,33,,,
0.1918400228023529,106,,,,12,0.26219430565834045,0.2129463106393814,,34,,,
0.10731441527605057,107,,,,12,0.15222148597240448,0.12078654021024704,,35,,,
0.3155207931995392,108,,,,12,0.41218051314353943,0.3445187211036682,,36,,,
0.10475430637598038,109,,,,12,0.18876977264881134,0.12995894253253937,,37,,,
0.010241574607789516,110,,,,12,0.07497813552618027,0.029662542045116425,,38,,,
0.03656003251671791,111,,,,12,0.2531346380710602,0.10153241455554962,,39,,,
0.17953737080097198,112,,,,12,0.30808791518211365,0.21810252964496613,,40,,,
0.024883190169930458,113,,,,12,0.069782555103302,0.038353003561496735,,41,,,
0.013092857785522938,114,,,,12,0.05105578899383545,0.02448173612356186,,42,,,
0.06859544664621353,115,,,,12,0.10981395095586777,0.08096100389957428,,43,,,
0.15024088323116302,116,,,,12,0.7058650851249695,0.3169281482696533,,44,,,
0.02169729210436344,117,,,,12,0.110580213367939,0.04836216941475868,,45,,,
0.02677570842206478,118,,,,12,0.1559068262577057,0.06551504135131836,,46,,,
0.044827140867710114,119,,,,12,0.1436634510755539,0.07447803765535355,,47,,,
0.01036675926297903,120,,,,12,0.04457831010222435,0.02063022553920746,,48,,,
0.027628151699900627,121,,,,12,0.12476128339767456,0.05676809325814247,,49,,,
0.023175561800599098,122,,,,12,0.09713024646043777,0.0453619658946991,,50,,,
0.3983377516269684,123,,,,12,0.41872644424438477,0.4044543504714966,,51,,,
0.008470677770674229,124,,,,12,0.035204339772462845,0.01649077609181404,,52,,,
0.023522375151515007,125,,,,12,0.07153036445379257,0.03792477399110794,,53,,,
0.017861120402812958,126,,,,12,0.1878766268491745,0.06886577606201172,,54,,,
0.6008421182632446,127,,,,12,0.45859912037849426,0.5581692457199097,,55,,,
0.0802493765950203,128,,,,12,0.3244936168193817,0.15352264046669006,,56,,,
0.5030558109283447,129,,,,12,0.9941680431365967,0.6503894925117493,,57,,,
0.049977079033851624,130,,,,12,0.10033293813467026,0.06508383899927139,,58,,,
1.7137491703033447,131,,,,12,1.0805572271347046,1.5237915515899658,,59,,,
0.11261072754859924,132,,,,12,0.3526298701763153,0.18461647629737854,,60,,,
0.005982705857604742,133,,,,12,0.10797830671072006,0.036581385880708694,,61,,,
1.3211300373077393,134,,,,12,1.076120376586914,1.2476271390914917,,62,,,
0.21853451430797577,135,,,,12,0.5087423920631409,0.30559688806533813,,63,,,
0.900723934173584,136,,,,12,0.6279664635658264,0.8188967108726501,,64,,,
0.09214180707931519,137,,,,12,0.5301148891448975,0.2235337495803833,,65,,,
0.17147916555404663,138,,,,12,0.42701104283332825,0.24813872575759888,,66,,,
0.24397513270378113,139,,,,12,0.2907647490501404,0.2580120265483856,,67,,,
0.03014492802321911,140,,,,12,0.10625568777322769,0.05297815799713135,,68,,,
0.07807143032550812,141,,,,12,0.16647912561893463,0.10459373891353607,,69,,,
0.07656176388263702,142,,,,12,0.25819718837738037,0.1310523897409439,,70,,,
0.06467077136039734,143,,,,12,0.17716705799102783,0.0984196588397026,,71,,,
0.15711629390716553,144,,,,12,0.34506306052207947,0.21350032091140747,,72,,,
0.02402770332992077,145,,,,12,0.0822397917509079,0.04149132966995239,,73,,,
0.001597201102413237,146,,,,12,0.16003106534481049,0.04912736266851425,,74,,,
0.3454424738883972,147,,,,12,0.3780714273452759,0.3552311658859253,,75,,,
0.0045258947648108006,148,,,,12,0.21009284257888794,0.06619598716497421,,76,,,
0.21985924243927002,149,,,,12,0.22551965713500977,0.2215573787689209,,77,,,
1.0434081554412842,150,,,,12,0.664029061794281,0.9295944571495056,,78,,,
0.01477877888828516,151,,,,12,0.03408966585993767,0.02057204395532608,,79,,,
0.2298157513141632,152,,,,12,0.33689653873443604,0.26194000244140625,,80,,,
0.030761832371354103,153,,,,12,0.10487356036901474,0.05299535393714905,,81,,,
0.11208729445934296,154,,,,12,0.1658206731081009,0.12820731103420258,,82,,,
0.05973708629608154,155,,,,12,0.1754302829504013,0.09444504976272583,,83,,,
0.020767154172062874,156,,,,12,0.20964770019054413,0.077431321144104,,84,,,
0.0435403510928154,157,,,,12,0.12368553876876831,0.06758391112089157,,85,,,
0.03116830810904503,158,,,,12,0.2173336148262024,0.08701790869235992,,86,,,
0.034833796322345734,159,,,,12,0.08600500971078873,0.05018515884876251,,87,,,
0.008292173966765404,160,,,,12,0.14741286635398865,0.05002838000655174,,88,,,
1.8223857879638672,161,,,,12,1.1176390647888184,1.6109617948532104,,89,,,
0.08587834239006042,162,,,,12,0.18245220184326172,0.11485050618648529,,90,,,
0.028755931183695793,163,,,,12,0.2986593544483185,0.10972695797681808,,91,,,
1.0591990947723389,164,,,,12,0.7327496409416199,0.9612642526626587,,92,,,
0.014197415672242641,165,,,,12,0.058835163712501526,0.02758873999118805,,93,,,
0.11214067786931992,166,,,,12,0.19132137298583984,0.13589489459991455,,94,,,
0.3137967586517334,167,,,,12,0.4429256021976471,0.3525354266166687,,95,,,
0.03601235896348953,168,,,,12,0.09921106696128845,0.05497197061777115,,96,,,
0.0025210760068148375,169,,,,12,0.2041660100221634,0.06301455944776535,,97,,,
0.33266210556030273,170,,,,12,0.49745237827301025,0.3820992112159729,,98,,,
0.06379286199808121,171,,,,12,0.15407977998256683,0.0908789336681366,,99,,,
0.27757757902145386,172,,,,12,0.3000513017177582,0.2843196988105774,,0,,,
0.023694921284914017,173,,,,12,0.055286165326833725,0.03317229449748993,,1,,,
0.328980028629303,174,,,,12,0.23938466608524323,0.3021014332771301,,2,,,
0.06418590992689133,175,,,,12,0.13370828330516815,0.08504262566566467,,3,,,
0.18389014899730682,176,,,,12,0.29430708289146423,0.21701523661613464,,4,,,
0.06641358137130737,177,,,,12,0.20025120675563812,0.10656487196683884,,5,,,
0.092769555747509,178,,,,12,0.13304223120212555,0.10485135763883591,,6,,,
0.2571006119251251,179,,,,12,0.3923909664154053,0.29768770933151245,,7,,,
0.05882808193564415,180,,,,12,0.0730489194393158,0.06309433281421661,,8,,,
0.05251204967498779,181,,,,12,0.08568712323904037,0.06246457248926163,,9,,,
0.46836668252944946,182,,,,12,0.8306404948234558,0.5770488381385803,,10,,,
0.021408073604106903,183,,,,12,0.08607655763626099,0.04080862179398537,,11,,,
0.004431784152984619,184,,,,12,0.44855085015296936,0.13766750693321228,,12,,,
0.01049310714006424,185,,,,12,0.8924879431724548,0.2750915586948395,,13,,,
0.0602620467543602,186,,,,12,0.1585627645254135,0.08975226432085037,,14,,,
0.026377195492386818,187,,,,12,0.09455198049545288,0.04682963341474533,,15,,,
0.5482834577560425,188,,,,12,1.054460883140564,0.700136661529541,,16,,,
0.012171047739684582,189,,,,12,0.05689282715320587,0.02558758296072483,,17,,,
0.10008104890584946,190,,,,12,0.14108756184577942,0.11238300800323486,,18,,,
0.02108854055404663,191,,,,12,0.1609019935131073,0.06303258240222931,,19,,,
0.08623656630516052,192,,,,12,0.20165175199508667,0.12086112797260284,,20,,,
0.026400301605463028,193,,,,12,0.1866515874862671,0.07447569072246552,,21,,,
0.05025622621178627,194,,,,12,0.08419263362884521,0.0604371502995491,,22,,,
0.001082311267964542,195,,,,12,0.29250389337539673,0.08850879222154617,,23,,,
0.21736623346805573,196,,,,12,0.23281468451023102,0.22200077772140503,,24,,,
0.48246699571609497,197,,,,12,0.47824716567993164,0.48120105266571045,,25,,,
0.008298203349113464,198,,,,12,0.06304264813661575,0.0247215386480093,,26,,,
0.007027788087725639,199,,,,12,0.4407791197299957,0.13715319335460663,,27,,,
0.011949975043535233,200,,,,12,0.03485211730003357,0.018820617347955704,,28,,,
0.009739145636558533,201,,,,12,0.28984948992729187,0.09377224743366241,,29,,,
0.37381961941719055,202,,,,12,0.423856645822525,0.3888307213783264,,30,,,
0.336290568113327,203,,,,12,0.573269784450531,0.40738433599472046,,31,,,
0.1802351474761963,204,,,,12,0.2739522457122803,0.208350270986557,,32,,,
0.6290155053138733,205,,,,12,0.8065088391304016,0.6822634935379028,,33,,,
0.12478850036859512,206,,,,12,0.7760224342346191,0.3201586902141571,,34,,,
0.3875720798969269,207,,,,12,0.6589527726173401,0.46898630261421204,,35,,,
1.0161807537078857,208,,,,12,0.8478769659996033,0.9656896591186523,,36,,,
0.021623799577355385,209,,,,12,0.05671634152531624,0.032151564955711365,,37,,,
0.0631699338555336,210,,,,12,0.19000326097011566,0.10121993720531464,,38,,,
0.08586970716714859,211,,,,12,0.1623087376356125,0.10880142450332642,,39,,,
0.0712360367178917,212,,,,12,0.1638636589050293,0.09902432560920715,,40,,,
0.006858024746179581,213,,,,12,0.039875973016023636,0.016763409599661827,,41,,,
0.2652055323123932,214,,,,12,0.372830867767334,0.2974931299686432,,42,,,
0.04280850663781166,215,,,,12,0.45593705773353577,0.1667470782995224,,43,,,
0.04876820743083954,216,,,,12,0.11132440716028214,0.06753507256507874,,44,,,
0.16082698106765747,217,,,,12,0.260018527507782,0.1905844509601593,,45,,,
0.09062820672988892,218,,,,12,0.15923695266246796,0.11121083050966263,,46,,,
2.888882637023926,219,,,,12,1.3914426565170288,2.439650535583496,,47,,,
0.042052239179611206,220,,,,12,0.1502678394317627,0.07451692223548889,,48,,,
0.010475059039890766,221,,,,12,0.048567622900009155,0.02190282940864563,,49,,,
0.047369156032800674,222,,,,12,0.1082695946097374,0.06563928723335266,,50,,,
0.45584774017333984,223,,,,12,0.5475887060165405,0.48337000608444214,,51,,,
0.019937003031373024,224,,,,12,0.14761991798877716,0.05824187770485878,,52,,,
0.003673830069601536,225,,,,12,0.08422980457544327,0.027840623632073402,,53,,,
0.04185722395777702,226,,,,12,0.26588550209999084,0.1090657114982605,,54,,,
0.03717058524489403,227,,,,12,0.1654502898454666,0.07565449923276901,,55,,,
0.31853044033050537,228,,,,12,0.4552726745605469,0.35955309867858887,,56,,,
0.29331085085868835,229,,,,12,0.43885084986686707,0.33697283267974854,,57,,,
0.24615806341171265,230,,,,12,0.2946726679801941,0.2607124447822571,,58,,,
0.014361471869051456,231,,,,12,0.24536347389221191,0.08366207778453827,,59,,,
0.14090494811534882,232,,,,12,0.26595690846443176,0.1784205436706543,,60,,,
0.4451802968978882,233,,,,12,0.5296031832695007,0.4705071449279785,,61,,,
0.08947590738534927,234,,,,12,0.15296483039855957,0.10852258652448654,,62,,,
0.03613688796758652,235,,,,12,0.18158258497714996,0.07977060228586197,,63,,,
0.08349279314279556,236,,,,12,0.14761970937252045,0.10273087024688721,,64,,,
0.03501671552658081,237,,,,12,0.5206931829452515,0.18071965873241425,,65,,,
0.7177280187606812,238,,,,12,0.8184798359870911,0.7479535341262817,,66,,,
0.054765842854976654,239,,,,12,0.13780148327350616,0.0796765387058258,,67,,,
0.030654899775981903,240,,,,12,0.22388963401317596,0.08862532675266266,,68,,,
0.17884856462478638,241,,,,12,0.18908937275409698,0.18192081153392792,,69,,,
0.00114125432446599,242,,,,12,0.11750596761703491,0.036050669848918915,,70,,,
0.11130189150571823,243,,,,12,0.30234983563423157,0.16861627995967865,,71,,,
0.014069301076233387,244,,,,12,0.06089343503117561,0.028116542845964432,,72,,,
0.014353599399328232,245,,,,12,0.10239368677139282,0.04076562821865082,,73,,,
0.06369142234325409,246,,,,12,0.12135323882102966,0.08098997175693512,,74,,,
0.2638605535030365,247,,,,12,0.4308553636074066,0.313959002494812,,75,,,
0.013222980313003063,248,,,,12,0.07197100669145584,0.03084738925099373,,76,,,
0.11280711740255356,249,,,,12,0.3208322823047638,0.17521467804908752,,77,,,
0.0968296155333519,250,,,,12,0.2083536982536316,0.13028684258460999,,78,,,
0.023412100970745087,251,,,,12,0.12312579154968262,0.053326211869716644,,79,,,
0.0028622872196137905,252,,,,12,0.11385864019393921,0.03616119548678398,,80,,,
0.12312721461057663,253,,,,12,0.5534917116165161,0.252236545085907,,81,,,
0.09932371228933334,254,,,,12,0.23177187144756317,0.1390581727027893,,82,,,
0.023426657542586327,255,,,,12,0.04789169505238533,0.030766170471906662,,83,,,
1.221234917640686,256,,,,12,0.4301956593990326,0.9839231371879578,,84,,,
0.2919001877307892,257,,,,12,0.5092912316322327,0.35711750388145447,,85,,,
0.14790961146354675,258,,,,12,0.6145359873771667,0.287897527217865,,86,,,
0.5661486387252808,259,,,,12,0.3311271369457245,0.49564218521118164,,87,,,
0.052216675132513046,260,,,,12,0.19323252141475677,0.0945214331150055,,88,,,
0.013414602726697922,261,,,,12,0.05827173590660095,0.02687174268066883,,89,,,
0.1011798232793808,262,,,,12,0.1786235123872757,0.12441293150186539,,90,,,
0.5547456741333008,263,,,,12,0.5750074982643127,0.5608242154121399,,91,,,
0.02894703298807144,264,,,,12,0.12434262782335281,0.05756571143865585,,92,,,
0.0038918720092624426,265,,,,12,0.06332369893789291,0.02172142080962658,,93,,,
0.26110008358955383,266,,,,12,0.33169737458229065,0.28227928280830383,,94,,,
0.030962491407990456,267,,,,12,0.15948934853076935,0.06952054798603058,,95,,,
,,,,,12,,,,96,0.2772652208805084,0.7894737124443054,0.5247818231582642
0.11162968724966049,0,,,,13,0.19383446872234344,0.13629111647605896,,97,,,
2.5018270015716553,1,,,,13,1.533427357673645,2.2113070487976074,,98,,,
0.07453111559152603,2,,,,13,0.2729124128818512,0.13404551148414612,,99,,,
0.015407112427055836,3,,,,13,0.05914135277271271,0.028527386486530304,,0,,,
0.13195765018463135,4,,,,13,0.5457020401954651,0.2560809850692749,,1,,,
0.007728200871497393,5,,,,13,0.058187324553728104,0.022865938022732735,,2,,,
0.17148970067501068,6,,,,13,0.8754472732543945,0.38267695903778076,,3,,,
0.7840052247047424,7,,,,13,0.7143745422363281,0.7631160020828247,,4,,,
0.1866004914045334,8,,,,13,0.26690348982810974,0.2106913924217224,,5,,,
0.04915324226021767,9,,,,13,0.4152260720729828,0.15897509455680847,,6,,,
0.04093673452734947,10,,,,13,0.25849172472953796,0.10620323568582535,,7,,,
0.02261013351380825,11,,,,13,0.05543523654341698,0.03245766460895538,,8,,,
0.02236279658973217,12,,,,13,0.12424755096435547,0.052928224205970764,,9,,,
0.15510964393615723,13,,,,13,0.3008345067501068,0.1988271176815033,,10,,,
0.01562824472784996,14,,,,13,0.07886293530464172,0.03459865227341652,,11,,,
0.47504857182502747,15,,,,13,0.6235129237174988,0.5195878744125366,,12,,,
0.12551313638687134,16,,,,13,0.2017720341682434,0.14839079976081848,,13,,,
0.023643579334020615,17,,,,13,0.09676500409841537,0.04558000713586807,,14,,,
0.03305128589272499,18,,,,13,0.09548258781433105,0.05178067833185196,,15,,,
0.18811741471290588,19,,,,13,0.30104151368141174,0.22199463844299316,,16,,,
0.018971888348460197,20,,,,13,0.047245025634765625,0.0274538304656744,,17,,,
0.32101964950561523,21,,,,13,0.3982095718383789,0.34417665004730225,,18,,,
2.977782964706421,22,,,,13,1.2883607149124146,2.470956325531006,,19,,,
0.6296408176422119,23,,,,13,1.036615014076233,0.7517330646514893,,20,,,
0.03484519198536873,24,,,,13,0.15810668468475342,0.07182364165782928,,21,,,
0.06951752305030823,25,,,,13,0.11283349990844727,0.08251231908798218,,22,,,
0.4919639825820923,26,,,,13,0.886234700679779,0.6102452278137207,,23,,,
0.10549134016036987,27,,,,13,0.19163037836551666,0.13133305311203003,,24,,,
0.3333725929260254,28,,,,13,0.28083106875419617,0.31761014461517334,,25,,,
0.23674848675727844,29,,,,13,0.6730971336364746,0.3676530718803406,,26,,,
0.08296770602464676,30,,,,13,0.17203037440776825,0.10968650877475739,,27,,,
0.0015687552513554692,31,,,,13,0.2403048723936081,0.07318959385156631,,28,,,
0.23336318135261536,32,,,,13,0.2775169610977173,0.24660930037498474,,29,,,
0.0481165312230587,33,,,,13,0.08798325061798096,0.060076549649238586,,30,,,
0.001105650793761015,34,,,,13,0.48533058166503906,0.14637313783168793,,31,,,
0.008687795139849186,35,,,,13,0.02051142416894436,0.01223488338291645,,32,,,
0.47207677364349365,36,,,,13,0.43371352553367615,0.46056777238845825,,33,,,
0.19593872129917145,37,,,,13,0.43834421038627625,0.26866036653518677,,34,,,
0.028073573485016823,38,,,,13,0.19735009968280792,0.07885653525590897,,35,,,
0.08892669528722763,39,,,,13,0.14957866072654724,0.10712228715419769,,36,,,
0.006531557533890009,40,,,,13,0.28523722290992737,0.09014326333999634,,37,,,
0.012657896615564823,41,,,,13,0.13918156921863556,0.05061500146985054,,38,,,
0.07964377105236053,42,,,,13,0.15407051146030426,0.10197179019451141,,39,,,
0.01911984384059906,43,,,,13,0.02858012355864048,0.02195792831480503,,40,,,
0.048808738589286804,44,,,,13,0.07270915061235428,0.055978864431381226,,41,,,
0.1474103033542633,45,,,,13,0.33393117785453796,0.20336657762527466,,42,,,
1.5222935676574707,46,,,,13,0.9055583477020264,1.3372730016708374,,43,,,
0.08965139836072922,47,,,,13,0.17170286178588867,0.11426684260368347,,44,,,
0.03246764466166496,48,,,,13,0.05532808601856232,0.0393257774412632,,45,,,
0.003960267174988985,49,,,,13,0.25432270765304565,0.07906900346279144,,46,,,
0.10258308798074722,50,,,,13,0.2431541085243225,0.14475439488887787,,47,,,
0.08215140551328659,51,,,,13,0.17127065360546112,0.10888718068599701,,48,,,
0.020064016804099083,52,,,,13,0.04465495049953461,0.027441296726465225,,49,,,
0.1551903933286667,53,,,,13,0.27887722849845886,0.19229644536972046,,50,,,
0.24785402417182922,54,,,,13,0.2579357922077179,0.25087854266166687,,51,,,
0.0010989824077114463,55,,,,13,0.08673983067274094,0.02679123729467392,,52,,,
0.05523690953850746,56,,,,13,0.1566242128610611,0.08565309643745422,,53,,,
0.02155216783285141,57,,,,13,0.15453042089939117,0.06144564598798752,,54,,,
3.4389796257019043,58,,,,13,1.2909770011901855,2.794578790664673,,55,,,
0.025764085352420807,59,,,,13,0.06157947704195976,0.036508701741695404,,56,,,
0.31233498454093933,60,,,,13,0.48234912753105164,0.36333924531936646,,57,,,
0.14125414192676544,61,,,,13,0.1704702526330948,0.15001897513866425,,58,,,
0.028817202895879745,62,,,,13,0.21136052906513214,0.08358019590377808,,59,,,
2.5422487258911133,63,,,,13,1.4461551904678345,2.2134206295013428,,60,,,
0.048843931406736374,64,,,,13,0.0923551693558693,0.06189730390906334,,61,,,
0.2817046642303467,65,,,,13,0.20587295293807983,0.2589551508426666,,62,,,
0.21419180929660797,66,,,,13,0.40335091948509216,0.27093952894210815,,63,,,
0.34863361716270447,67,,,,13,0.39900681376457214,0.3637455701828003,,64,,,
0.009446092881262302,68,,,,13,0.03862198814749718,0.018198862671852112,,65,,,
0.09793239831924438,69,,,,13,0.14239364862442017,0.11127077788114548,,66,,,
0.24476349353790283,70,,,,13,0.23431020975112915,0.2416275143623352,,67,,,
0.10216008126735687,71,,,,13,0.18969058990478516,0.12841923534870148,,68,,,
0.06485100090503693,72,,,,13,0.09529406577348709,0.07398392260074615,,69,,,
0.051517877727746964,73,,,,13,0.23815667629241943,0.10750952363014221,,70,,,
1.1517257690429688,74,,,,13,1.1089447736740112,1.1388914585113525,,71,,,
0.05360003560781479,75,,,,13,0.1528850942850113,0.08338555693626404,,72,,,
0.07952476292848587,76,,,,13,0.1585574597120285,0.10323457419872284,,73,,,
1.482366919517517,77,,,,13,1.1160746812820435,1.3724792003631592,,74,,,
1.0458958148956299,78,,,,13,0.8892905116081238,0.9989142417907715,,75,,,
0.04878898337483406,79,,,,13,0.32189783453941345,0.13072164356708527,,76,,,
0.04190981015563011,80,,,,13,0.1593698114156723,0.07714781165122986,,77,,,
0.08448351919651031,81,,,,13,0.2017095535993576,0.11965133249759674,,78,,,
0.006738083902746439,82,,,,13,0.044516175985336304,0.018071511760354042,,79,,,
0.024778997525572777,83,,,,13,0.1667609065771103,0.06737357378005981,,80,,,
0.014846433885395527,84,,,,13,0.07115987688302994,0.0317404679954052,,81,,,
0.016715938225388527,85,,,,13,0.08917780965566635,0.03845449909567833,,82,,,
0.04255377873778343,86,,,,13,0.16791266202926636,0.0801614448428154,,83,,,
0.028532816097140312,87,,,,13,0.06597336381673813,0.03976497799158096,,84,,,
0.08107823133468628,88,,,,13,0.2444588989019394,0.13009244203567505,,85,,,
0.015372952446341515,89,,,,13,0.21630382537841797,0.07565221935510635,,86,,,
0.08855787664651871,90,,,,13,0.1518273800611496,0.10753872990608215,,87,,,
0.1069677397608757,91,,,,13,0.30397123098373413,0.16606879234313965,,88,,,
0.24184106290340424,92,,,,13,0.34698548913002014,0.2733843922615051,,89,,,
0.3991902470588684,93,,,,13,0.5263040661811829,0.4373244047164917,,90,,,
0.04161791875958443,94,,,,13,0.1577952802181244,0.07647112756967545,,91,,,
0.4634323716163635,95,,,,13,0.6343098282814026,0.5146956443786621,,92,,,
0.005604980513453484,96,,,,13,0.08896739035844803,0.03061370551586151,,93,,,
1.9011143445968628,97,,,,13,0.9700741171836853,1.6218023300170898,,94,,,
0.1913679838180542,98,,,,13,0.5368491411209106,0.29501232504844666,,95,,,
0.03099958971142769,99,,,,13,0.32091620564460754,0.11797457933425903,,96,,,
0.5455930233001709,100,,,,13,0.5394935607910156,0.5437631607055664,,97,,,
0.13447988033294678,101,,,,13,0.19013114273548126,0.15117526054382324,,98,,,
0.3193678855895996,102,,,,13,0.760236918926239,0.45162859559059143,,99,,,
0.588365375995636,103,,,,13,0.4716862142086029,0.5533616542816162,,0,,,
0.023238690569996834,104,,,,13,0.11985781043767929,0.052224427461624146,,1,,,
0.29054000973701477,105,,,,13,0.5312730073928833,0.36275991797447205,,2,,,
0.012587621808052063,106,,,,13,0.03556659072637558,0.019481312483549118,,3,,,
0.02370109036564827,107,,,,13,0.07701057940721512,0.039693936705589294,,4,,,
0.013461532071232796,108,,,,13,0.06296651810407639,0.028313029557466507,,5,,,
0.11200789362192154,109,,,,13,0.36415502429008484,0.18765203654766083,,6,,,
0.05409175157546997,110,,,,13,0.1828230619430542,0.09271115064620972,,7,,,
0.06300944089889526,111,,,,13,0.204340398311615,0.10540872812271118,,8,,,
0.723242461681366,112,,,,13,0.4567294418811798,0.6432885527610779,,9,,,
0.3696358799934387,113,,,,13,0.4035094976425171,0.37979796528816223,,10,,,
0.033684615045785904,114,,,,13,0.5911756157875061,0.20093192160129547,,11,,,
0.1660468578338623,115,,,,13,0.4502211809158325,0.2512991428375244,,12,,,
0.04050043970346451,116,,,,13,0.1345117688179016,0.06870383769273758,,13,,,
0.030050305649638176,117,,,,13,0.14247751235961914,0.06377846747636795,,14,,,
0.44428473711013794,118,,,,13,0.5496585369110107,0.4758968651294708,,15,,,
0.9655372500419617,119,,,,13,0.7431307435035706,0.8988153338432312,,16,,,
0.07780170440673828,120,,,,13,0.14859047532081604,0.09903833270072937,,17,,,
0.00969652645289898,121,,,,13,0.37240684032440186,0.11850962787866592,,18,,,
0.7895870208740234,122,,,,13,0.768343985080719,0.7832140922546387,,19,,,
0.07043742388486862,123,,,,13,0.12460020184516907,0.08668625354766846,,20,,,
0.009212368167936802,124,,,,13,0.030182091519236565,0.015503285452723503,,21,,,
0.1800874024629593,125,,,,13,0.3480185568332672,0.23046675324440002,,22,,,
0.031103944405913353,126,,,,13,0.07891608029603958,0.045447587966918945,,23,,,
1.260094404220581,127,,,,13,1.1998547315597534,1.2420225143432617,,24,,,
0.09748859703540802,128,,,,13,0.31120893359184265,0.16160470247268677,,25,,,
0.049504779279232025,129,,,,13,0.0929333046078682,0.06253333389759064,,26,,,
0.02617364190518856,130,,,,13,0.4715091288089752,0.1597742885351181,,27,,,
0.4275750517845154,131,,,,13,0.876483678817749,0.562247633934021,,28,,,
0.07790084928274155,132,,,,13,0.168858602643013,0.10518817603588104,,29,,,
0.08008367568254471,133,,,,13,0.25059130787849426,0.13123595714569092,,30,,,
0.00746177276596427,134,,,,13,0.2173599749803543,0.07043123245239258,,31,,,
0.21240225434303284,135,,,,13,0.8312221169471741,0.3980482220649719,,32,,,
0.07270199060440063,136,,,,13,0.11465103179216385,0.0852867066860199,,33,,,
1.1928057670593262,137,,,,13,0.9342308044433594,1.115233302116394,,34,,,
0.0026164366863667965,138,,,,13,0.03082873858511448,0.011080127209424973,,35,,,
0.9739117622375488,139,,,,13,0.7639240622520447,0.9109154343605042,,36,,,
0.03776216506958008,140,,,,13,0.10410249978303909,0.05766426771879196,,37,,,
0.5691871643066406,141,,,,13,0.572564423084259,0.5702003240585327,,38,,,
0.011729794554412365,142,,,,13,0.04097519442439079,0.020503416657447815,,39,,,
0.04172448813915253,143,,,,13,0.2378207892179489,0.10055337846279144,,40,,,
0.010869698598980904,144,,,,13,0.10236407071352005,0.03831801190972328,,41,,,
0.6366114616394043,145,,,,13,0.867730438709259,0.7059471607208252,,42,,,
0.03885988891124725,146,,,,13,0.17406727373600006,0.07942210882902145,,43,,,
0.03974494710564613,147,,,,13,0.3148218095302582,0.12226800620555878,,44,,,
0.4988282322883606,148,,,,13,0.5297933220863342,0.5081177353858948,,45,,,
0.02515385113656521,149,,,,13,0.04718964174389839,0.03176458925008774,,46,,,
0.007232791278511286,150,,,,13,0.35921499133110046,0.11282745748758316,,47,,,
0.021383102983236313,151,,,,13,0.07755372673273087,0.03823428973555565,,48,,,
0.0772770494222641,152,,,,13,0.18397898972034454,0.10928763449192047,,49,,,
0.08824283629655838,153,,,,13,0.2030840963125229,0.12269521504640579,,50,,,
0.07128787785768509,154,,,,13,0.10212939977645874,0.08054033666849136,,51,,,
0.05802849307656288,155,,,,13,0.18700440227985382,0.09672126173973083,,52,,,
0.2006247490644455,156,,,,13,0.35978952050209045,0.24837417900562286,,53,,,
0.03784722089767456,157,,,,13,0.08792134374380112,0.05286945775151253,,54,,,
0.03151605650782585,158,,,,13,0.27088820934295654,0.10332770645618439,,55,,,
0.07349004596471786,159,,,,13,0.10977036505937576,0.08437414467334747,,56,,,
0.017955146729946136,160,,,,13,0.12816889584064484,0.051019273698329926,,57,,,
0.0015926783671602607,161,,,,13,0.1954525262117386,0.05975063517689705,,58,,,
0.006819782312959433,162,,,,13,0.03777095675468445,0.016105134040117264,,59,,,
0.15426017343997955,163,,,,13,0.3119273781776428,0.2015603482723236,,60,,,
0.0007578838267363608,164,,,,13,0.5131888389587402,0.15448717772960663,,61,,,
0.031313199549913406,165,,,,13,0.10973814874887466,0.054840683937072754,,62,,,
0.30136838555336,166,,,,13,0.42949846386909485,0.3398074209690094,,63,,,
0.028909625485539436,167,,,,13,0.18047338724136353,0.07437875866889954,,64,,,
1.1409053802490234,168,,,,13,0.8504740595817566,1.0537760257720947,,65,,,
0.003981640096753836,169,,,,13,0.039100050926208496,0.01451716385781765,,66,,,
0.024512887001037598,170,,,,13,0.08292949944734573,0.04203787073493004,,67,,,
0.021751999855041504,171,,,,13,0.08286119252443314,0.040084756910800934,,68,,,
0.057157114148139954,172,,,,13,0.09936932474374771,0.06982077658176422,,69,,,
0.028070444241166115,173,,,,13,0.12780411541461945,0.05799054354429245,,70,,,
0.02885565534234047,174,,,,13,0.09110691398382187,0.04753103107213974,,71,,,
0.0029226704500615597,175,,,,13,0.12288165092468262,0.03891036659479141,,72,,,
0.24407413601875305,176,,,,13,0.32407960295677185,0.26807576417922974,,73,,,
0.018793145194649696,177,,,,13,0.06022324040532112,0.03122217394411564,,74,,,
0.5317001342773438,178,,,,13,0.5407149195671082,0.5344045758247375,,75,,,
0.6216579079627991,179,,,,13,0.573053777217865,0.6070766448974609,,76,,,
0.4646364748477936,180,,,,13,0.5518693327903748,0.49080634117126465,,77,,,
1.4044219255447388,181,,,,13,1.1254167556762695,1.3207204341888428,,78,,,
0.013716724701225758,182,,,,13,0.04660739377140999,0.023583926260471344,,79,,,
0.01426217146217823,183,,,,13,0.20310121774673462,0.0709138885140419,,80,,,
0.0180477574467659,184,,,,13,0.05209581181406975,0.028262173756957054,,81,,,
0.010804840363562107,185,,,,13,0.06275865435600281,0.026390984654426575,,82,,,
0.009171971119940281,186,,,,13,0.19089330732822418,0.06368837505578995,,83,,,
0.015846863389015198,187,,,,13,0.10662991553544998,0.04308177903294563,,84,,,
1.295506238937378,188,,,,13,1.1303242444992065,1.2459516525268555,,85,,,
0.610010027885437,189,,,,13,0.683154284954071,0.6319532990455627,,86,,,
0.12395678460597992,190,,,,13,0.2616267502307892,0.1652577817440033,,87,,,
0.26489660143852234,191,,,,13,0.35786592960357666,0.2927874028682709,,88,,,
0.17663396894931793,192,,,,13,0.30413976311683655,0.21488571166992188,,89,,,
0.3956696391105652,193,,,,13,0.4606100618839264,0.41515177488327026,,90,,,
0.03127611055970192,194,,,,13,0.08593941479921341,0.047675102949142456,,91,,,
0.043015554547309875,195,,,,13,0.29657989740371704,0.11908485740423203,,92,,,
0.003254238748922944,196,,,,13,0.052319157868623734,0.01797371543943882,,93,,,
0.04452355578541756,197,,,,13,0.1946668028831482,0.08956652879714966,,94,,,
0.0954425111413002,198,,,,13,0.18635344505310059,0.1227157935500145,,95,,,
0.20102399587631226,199,,,,13,0.2663595676422119,0.2206246554851532,,96,,,
0.11172585189342499,200,,,,13,0.24149882793426514,0.1506577432155609,,97,,,
0.0120030976831913,201,,,,13,0.06289700418710709,0.027271270751953125,,98,,,
0.05926971137523651,202,,,,13,0.22024933993816376,0.10756359994411469,,99,,,
0.10183142125606537,203,,,,13,0.1685975193977356,0.12186124920845032,,0,,,
0.12772750854492188,204,,,,13,0.2227085828781128,0.15622183680534363,,1,,,
0.03262273222208023,205,,,,13,0.0932566449046135,0.05081290751695633,,2,,,
0.021270260214805603,206,,,,13,0.08368799835443497,0.03999558091163635,,3,,,
0.582334578037262,207,,,,13,0.7397468686103821,0.629558265209198,,4,,,
0.010997751727700233,208,,,,13,0.03385148569941521,0.01785387098789215,,5,,,
0.009686963632702827,209,,,,13,0.05173484981060028,0.02230132929980755,,6,,,
0.03400464355945587,210,,,,13,0.10891178250312805,0.056476786732673645,,7,,,
0.11852164566516876,211,,,,13,0.12607716023921967,0.12078829854726791,,8,,,
0.008501647040247917,212,,,,13,0.12820236384868622,0.04441186040639877,,9,,,
0.6610400676727295,213,,,,13,0.916723906993866,0.7377452254295349,,10,,,
1.3786146640777588,214,,,,13,1.4169858694076538,1.3901259899139404,,11,,,
0.03016655705869198,215,,,,13,0.3565210998058319,0.12807291746139526,,12,,,
0.024050164967775345,216,,,,13,0.11553126573562622,0.051494497805833817,,13,,,
0.004990383516997099,217,,,,13,0.11380878835916519,0.03763590753078461,,14,,,
0.04401900991797447,218,,,,13,0.15441174805164337,0.07713682949542999,,15,,,
0.31015607714653015,219,,,,13,0.5622647404670715,0.3857886791229248,,16,,,
0.05880683660507202,220,,,,13,0.17838983237743378,0.0946817398071289,,17,,,
0.05453333258628845,221,,,,13,0.09754820913076401,0.0674377977848053,,18,,,
0.1907295435667038,222,,,,13,0.2649987041950226,0.2130102962255478,,19,,,
0.07220248878002167,223,,,,13,0.7296755909919739,0.26944443583488464,,20,,,
0.009763464331626892,224,,,,13,0.05889656022191048,0.024503393098711967,,21,,,
0.4099394977092743,225,,,,13,0.5560770034790039,0.45378077030181885,,22,,,
0.5196113586425781,226,,,,13,0.5941407084465027,0.5419701933860779,,23,,,
0.1950305551290512,227,,,,13,0.9828605055809021,0.4313795566558838,,24,,,
0.29553791880607605,228,,,,13,0.6669453978538513,0.4069601893424988,,25,,,
0.5658617615699768,229,,,,13,0.6735162734985352,0.5981581211090088,,26,,,
0.004845424555242062,230,,,,13,0.032514967024326324,0.013146286830306053,,27,,,
0.0684112161397934,231,,,,13,0.23643125593662262,0.11881722509860992,,28,,,
0.08739565312862396,232,,,,13,0.2134392261505127,0.12520873546600342,,29,,,
0.01081132609397173,233,,,,13,0.9299848675727844,0.2865634262561798,,30,,,
0.07313532382249832,234,,,,13,0.13357599079608917,0.09126752614974976,,31,,,
0.10559216886758804,235,,,,13,0.20992957055568695,0.1368933916091919,,32,,,
0.01596301794052124,236,,,,13,0.06076715886592865,0.029404260218143463,,33,,,
0.649772047996521,237,,,,13,0.46640655398368835,0.59476238489151,,34,,,
0.12564119696617126,238,,,,13,0.4519045650959015,0.2235202193260193,,35,,,
0.022045666351914406,239,,,,13,0.09305308014154434,0.04334789142012596,,36,,,
0.10985163599252701,240,,,,13,0.6548599004745483,0.27335411310195923,,37,,,
0.013858170248568058,241,,,,13,0.18753856420516968,0.0659622922539711,,38,,,
0.10150912404060364,242,,,,13,0.21890389919281006,0.13672757148742676,,39,,,
0.03009958378970623,243,,,,13,0.13378165662288666,0.0612042061984539,,40,,,
0.16215595602989197,244,,,,13,0.30921682715415955,0.20627421140670776,,41,,,
1.277387022972107,245,,,,13,1.0447803735733032,1.207605004310608,,42,,,
1.7152655124664307,246,,,,13,1.1077661514282227,1.5330157279968262,,43,,,
0.039447493851184845,247,,,,13,0.10310306400060654,0.05854416638612747,,44,,,
0.0501524917781353,248,,,,13,0.5770203471183777,0.20821285247802734,,45,,,
0.01296907290816307,249,,,,13,0.06582669168710709,0.028826359659433365,,46,,,
0.029619650915265083,250,,,,13,0.11746618151664734,0.055973611772060394,,47,,,
0.2050819993019104,251,,,,13,0.25668349862098694,0.22056245803833008,,48,,,
0.038622159510850906,252,,,,13,0.33189916610717773,0.12660527229309082,,49,,,
0.03346755728125572,253,,,,13,0.07510928809642792,0.04596007615327835,,50,,,
0.21595031023025513,254,,,,13,0.854673445224762,0.40756726264953613,,51,,,
0.018460135906934738,255,,,,13,0.47509774565696716,0.15545141696929932,,52,,,
0.1284685581922531,256,,,,13,0.2530556321144104,0.16584467887878418,,53,,,
0.04706839099526405,257,,,,13,0.12452802062034607,0.07030627876520157,,54,,,
0.0006912940880283713,258,,,,13,0.2148444801568985,0.06493725627660751,,55,,,
0.0020888668950647116,259,,,,13,0.35637882351875305,0.10837585479021072,,56,,,
0.004050623159855604,260,,,,13,0.08689693361520767,0.028904516249895096,,57,,,
0.023799458518624306,261,,,,13,0.11961277574300766,0.05254345387220383,,58,,,
0.06416433304548264,262,,,,13,0.12574835121631622,0.08263953775167465,,59,,,
0.03023919276893139,263,,,,13,0.1167587861418724,0.05619507282972336,,60,,,
0.00042465253500267863,264,,,,13,0.3695301115512848,0.11115629225969315,,61,,,
0.06828596442937851,265,,,,13,0.20659656822681427,0.10977914929389954,,62,,,
0.12499745935201645,266,,,,13,0.25083425641059875,0.16274850070476532,,63,,,
0.057934001088142395,267,,,,13,0.22995387017726898,0.10953996330499649,,64,,,
,,,,,13,,,,65,0.26329484581947327,0.8157894611358643,0.6300308108329773
0.03576532378792763,0,,,,14,0.26928356289863586,0.10582079738378525,,66,,,
0.23605535924434662,1,,,,14,0.7620904445648193,0.3938658833503723,,67,,,
0.05863631144165993,2,,,,14,0.20203948020935059,0.10165726393461227,,68,,,
0.006930005736649036,3,,,,14,0.21105311810970306,0.06816694140434265,,69,,,
0.06938974559307098,4,,,,14,0.1484612375497818,0.09311118721961975,,70,,,
0.08081965148448944,5,,,,14,0.25388380885124207,0.1327389031648636,,71,,,
0.721973717212677,6,,,,14,0.8766648173332214,0.7683809995651245,,72,,,
1.7513586282730103,7,,,,14,0.8929810523986816,1.4938454627990723,,73,,,
0.05405482277274132,8,,,,14,0.28790292143821716,0.12420925498008728,,74,,,
0.15358185768127441,9,,,,14,0.35220733284950256,0.21316950023174286,,75,,,
0.0170933585613966,10,,,,14,0.09395736455917358,0.04015256091952324,,76,,,
0.09478358924388885,11,,,,14,0.18157275021076202,0.12082033604383469,,77,,,
0.2681128978729248,12,,,,14,0.35214337706565857,0.29332202672958374,,78,,,
0.296230673789978,13,,,,14,0.3875420391559601,0.3236240744590759,,79,,,
0.06275465339422226,14,,,,14,0.22238747775554657,0.11064450442790985,,80,,,
0.3148520588874817,15,,,,14,0.34991493821144104,0.3253709375858307,,81,,,
0.4200553894042969,16,,,,14,0.9581305980682373,0.5814779996871948,,82,,,
0.31526458263397217,17,,,,14,0.6052942276000977,0.4022734761238098,,83,,,
0.03642049804329872,18,,,,14,0.09169181436300278,0.05300189554691315,,84,,,
0.17855165898799896,19,,,,14,0.3623509407043457,0.23369145393371582,,85,,,
0.12682072818279266,20,,,,14,0.29068413376808167,0.17597976326942444,,86,,,
0.04655056446790695,21,,,,14,0.08132908493280411,0.05698411911725998,,87,,,
0.3154260814189911,22,,,,14,0.3042551875114441,0.31207481026649475,,88,,,
0.1057376116514206,23,,,,14,0.20832973718643188,0.13651524484157562,,89,,,
0.32250142097473145,24,,,,14,1.0623894929885864,0.5444678664207458,,90,,,
0.018358198925852776,25,,,,14,0.24209220707416534,0.08547840267419815,,91,,,
0.12671445310115814,26,,,,14,0.22746235132217407,0.1569388210773468,,92,,,
0.015349708497524261,27,,,,14,0.09109175205230713,0.03807232156395912,,93,,,
0.7524716258049011,28,,,,14,0.7724165320396423,0.7584550976753235,,94,,,
0.06214362382888794,29,,,,14,0.2374219298362732,0.11472711712121964,,95,,,
0.015690678730607033,30,,,,14,0.08376876264810562,0.036114104092121124,,96,,,
0.0067192567512393,31,,,,14,0.071494922041893,0.026151958853006363,,97,,,
0.01167983841150999,32,,,,14,0.042574431747198105,0.020948216319084167,,98,,,
0.01935921609401703,33,,,,14,0.07901984453201294,0.03725740313529968,,99,,,
0.230039581656456,34,,,,14,0.46842023730278015,0.30155378580093384,,0,,,
0.633853554725647,35,,,,14,0.49737605452537537,0.5929102897644043,,1,,,
0.045958470553159714,36,,,,14,0.31803905963897705,0.12758265435695648,,2,,,
0.024765973910689354,37,,,,14,0.07424823194742203,0.03961065411567688,,3,,,
0.06240617856383324,38,,,,14,0.11933877319097519,0.07948596030473709,,4,,,
0.03271999582648277,39,,,,14,0.43047407269477844,0.15204621851444244,,5,,,
0.06066691875457764,40,,,,14,0.13329851627349854,0.08245639503002167,,6,,,
0.013150273822247982,41,,,,14,0.06051066517829895,0.027358390390872955,,7,,,
0.1890433132648468,42,,,,14,0.283214807510376,0.21729475259780884,,8,,,
0.04505542293190956,43,,,,14,0.17740213871002197,0.08475944399833679,,9,,,
0.6162437796592712,44,,,,14,0.5617135167121887,0.5998846888542175,,10,,,
0.02547987550497055,45,,,,14,0.06902997195720673,0.0385449081659317,,11,,,
0.761646032333374,46,,,,14,0.7931463718414307,0.7710961103439331,,12,,,
0.02917839027941227,47,,,,14,0.27403193712234497,0.10263445973396301,,13,,,
0.0221739299595356,48,,,,14,0.09866869449615479,0.045122358947992325,,14,,,
0.029035737738013268,49,,,,14,0.06791459769010544,0.040699396282434464,,15,,,
0.00605593528598547,50,,,,14,0.03785315528512001,0.015595100820064545,,16,,,
0.009443494491279125,51,,,,14,0.13091228902339935,0.045884132385253906,,17,,,
0.10011717677116394,52,,,,14,0.1673927754163742,0.12029986083507538,,18,,,
1.0984476804733276,53,,,,14,1.2467094659805298,1.1429262161254883,,19,,,
0.03486280515789986,54,,,,14,0.06380437314510345,0.043545275926589966,,20,,,
0.015939554199576378,55,,,,14,0.07496105879545212,0.033646006137132645,,21,,,
0.0009398810216225684,56,,,,14,0.08984825015068054,0.027612391859292984,,22,,,
0.18207897245883942,57,,,,14,0.4941760301589966,0.27570807933807373,,23,,,
0.08219718933105469,58,,,,14,0.35553625226020813,0.16419890522956848,,24,,,
0.79262775182724,59,,,,14,0.7320206761360168,0.774445652961731,,25,,,
0.010874061845242977,60,,,,14,0.296627014875412,0.09659995138645172,,26,,,
0.0071546770632267,61,,,,14,0.5145873427391052,0.15938448905944824,,27,,,
0.31393760442733765,62,,,,14,0.3487730026245117,0.3243882358074188,,28,,,
0.008495500311255455,63,,,,14,0.023361392319202423,0.012955267913639545,,29,,,
0.188789501786232,64,,,,14,1.0143505334854126,0.4364578127861023,,30,,,
0.030180206522345543,65,,,,14,0.12577186524868011,0.05885770544409752,,31,,,
0.21913553774356842,66,,,,14,0.3249383568763733,0.25087639689445496,,32,,,
0.05592488497495651,67,,,,14,0.2947598397731781,0.1275753676891327,,33,,,
0.015812601894140244,68,,,,14,0.039616841822862625,0.022953875362873077,,34,,,
0.006740096490830183,69,,,,14,0.031670089811086655,0.014219094067811966,,35,,,
0.0955524891614914,70,,,,14,0.6173462271690369,0.2520906329154968,,36,,,
1.461743950843811,71,,,,14,1.0941754579544067,1.3514734506607056,,37,,,
0.0016233850037679076,72,,,,14,0.1979091763496399,0.060509126633405685,,38,,,
0.09553807973861694,73,,,,14,0.25530847907066345,0.1434692144393921,,39,,,
0.08531007170677185,74,,,,14,0.9067513346672058,0.33174246549606323,,40,,,
2.050678253173828,75,,,,14,1.3248378038406372,1.8329261541366577,,41,,,
0.537798285484314,76,,,,14,0.618986189365387,0.5621546506881714,,42,,,
0.054280783981084824,77,,,,14,0.12767000496387482,0.07629755139350891,,43,,,
0.12951712310314178,78,,,,14,0.15936608612537384,0.1384718120098114,,44,,,
0.3070574700832367,79,,,,14,0.5646479725837708,0.38433462381362915,,45,,,
0.013125919736921787,80,,,,14,0.04994148388504982,0.024170588701963425,,46,,,
0.0026656591799110174,81,,,,14,0.03031265176832676,0.01095975749194622,,47,,,
0.12809160351753235,82,,,,14,0.29811421036720276,0.17909839749336243,,48,,,
0.03199334815144539,83,,,,14,0.10430175065994263,0.05368587002158165,,49,,,
0.14141963422298431,84,,,,14,0.2961251139640808,0.18783128261566162,,50,,,
0.015369783155620098,85,,,,14,0.33993637561798096,0.11273976415395737,,51,,,
0.003455502912402153,86,,,,14,0.0385722853243351,0.013990538194775581,,52,,,
0.0680573582649231,87,,,,14,0.11973633617162704,0.08356104791164398,,53,,,
0.03393631428480148,88,,,,14,0.07868430018424988,0.04736071079969406,,54,,,
0.05683900788426399,89,,,,14,0.14596852660179138,0.08357786387205124,,55,,,
0.28365615010261536,90,,,,14,0.42250385880470276,0.32531046867370605,,56,,,
0.14980903267860413,91,,,,14,0.37148788571357727,0.2163126915693283,,57,,,
0.01509516779333353,92,,,,14,0.04522398114204407,0.02413381263613701,,58,,,
0.00411295285448432,93,,,,14,0.05038091540336609,0.017993342131376266,,59,,,
0.016068601980805397,94,,,,14,0.06074100732803345,0.029470324516296387,,60,,,
0.01724041998386383,95,,,,14,0.08629894256591797,0.03795797750353813,,61,,,
0.12890082597732544,96,,,,14,0.3781863749027252,0.20368649065494537,,62,,,
0.015437984839081764,97,,,,14,0.05414247512817383,0.027049332857131958,,63,,,
0.057970110327005386,98,,,,14,0.2243177443742752,0.10787440836429596,,64,,,
0.21078889071941376,99,,,,14,0.31917381286621094,0.24330437183380127,,65,,,
0.06240192428231239,100,,,,14,0.09474825859069824,0.07210582494735718,,66,,,
0.05395057797431946,101,,,,14,0.13843590021133423,0.07929617166519165,,67,,,
0.0014459164813160896,102,,,,14,0.24890629947185516,0.07568403333425522,,68,,,
0.013696734793484211,103,,,,14,0.05817963555455208,0.027041606605052948,,69,,,
0.07335258275270462,104,,,,14,0.08879341930150986,0.07798483967781067,,70,,,
0.36778658628463745,105,,,,14,0.38740381598472595,0.3736717700958252,,71,,,
0.0174793042242527,106,,,,14,0.04014008864760399,0.024277539923787117,,72,,,
0.00971163809299469,107,,,,14,0.026875615119934082,0.014860831201076508,,73,,,
0.013855936005711555,108,,,,14,0.039978545159101486,0.02169271931052208,,74,,,
0.005005566403269768,109,,,,14,0.038784097880125046,0.015139126218855381,,75,,,
0.006251542363315821,110,,,,14,0.24305933713912964,0.07729388028383255,,76,,,
1.3212099075317383,111,,,,14,1.2144447565078735,1.2891803979873657,,77,,,
0.011052930727601051,112,,,,14,0.052173420786857605,0.023389078676700592,,78,,,
0.0677187442779541,113,,,,14,0.18928180634975433,0.10418766736984253,,79,,,
0.04827091097831726,114,,,,14,0.46302857995033264,0.1726982146501541,,80,,,
0.6207417845726013,115,,,,14,0.6437946557998657,0.6276576519012451,,81,,,
0.22258682548999786,116,,,,14,0.5001339316368103,0.30585095286369324,,82,,,
0.019254563376307487,117,,,,14,0.10397660732269287,0.04467117786407471,,83,,,
0.30165180563926697,118,,,,14,0.3494599163532257,0.3159942328929901,,84,,,
2.7791731357574463,119,,,,14,1.4751278162002563,2.3879594802856445,,85,,,
0.4936636686325073,120,,,,14,0.5320940017700195,0.505192756652832,,86,,,
0.09143294394016266,121,,,,14,0.11351751536130905,0.0980583131313324,,87,,,
0.567559003829956,122,,,,14,0.4292454719543457,0.526064932346344,,88,,,
0.003036057809367776,123,,,,14,0.14581239223480225,0.04586895927786827,,89,,,
0.008117304183542728,124,,,,14,0.22301028668880463,0.07258520275354385,,90,,,
0.025155827403068542,125,,,,14,0.16751468181610107,0.06786348670721054,,91,,,
0.15148501098155975,126,,,,14,0.5192059874534607,0.2618013024330139,,92,,,
0.016256630420684814,127,,,,14,0.07512670755386353,0.03391765430569649,,93,,,
0.00018630675913300365,128,,,,14,0.5049152970314026,0.1516050100326538,,94,,,
0.44358041882514954,129,,,,14,0.37574735283851624,0.42323049902915955,,95,,,
0.0030852595809847116,130,,,,14,0.8242302536964417,0.24942876398563385,,96,,,
0.23340027034282684,131,,,,14,0.3940054178237915,0.2815818190574646,,97,,,
0.0880884975194931,132,,,,14,0.15869422256946564,0.10927021503448486,,98,,,
3.695831775665283,133,,,,14,1.5320135354995728,3.0466861724853516,,99,,,
0.22189947962760925,134,,,,14,0.3305175006389618,0.2544848918914795,,0,,,
0.5896636247634888,135,,,,14,0.7363617420196533,0.6336730718612671,,1,,,
0.002832450671121478,136,,,,14,0.08431559056043625,0.027277393266558647,,2,,,
0.025681015104055405,137,,,,14,0.17839236557483673,0.07149442285299301,,3,,,
2.638209104537964,138,,,,14,1.2942250967025757,2.235013961791992,,4,,,
0.11114882677793503,139,,,,14,0.19134025275707245,0.13520625233650208,,5,,,
0.1184009313583374,140,,,,14,0.28495392203330994,0.16836683452129364,,6,,,
0.07353080809116364,141,,,,14,0.22799517214298248,0.119870126247406,,7,,,
0.03820986673235893,142,,,,14,0.7293772101402283,0.24556007981300354,,8,,,
0.006239458452910185,143,,,,14,0.3487987816333771,0.10900726169347763,,9,,,
0.09449697285890579,144,,,,14,0.13859008252620697,0.10772490501403809,,10,,,
0.019790103659033775,145,,,,14,0.1545718014240265,0.060224615037441254,,11,,,
0.8554050922393799,146,,,,14,0.7940028309822083,0.836984395980835,,12,,,
0.005530414171516895,147,,,,14,0.042160797864198685,0.01651952974498272,,13,,,
0.041449010372161865,148,,,,14,0.08289483934640884,0.05388275906443596,,14,,,
0.00900871492922306,149,,,,14,0.1116875633597374,0.039812371134757996,,15,,,
0.02793308161199093,150,,,,14,0.06240162253379822,0.0382736437022686,,16,,,
0.009207407012581825,151,,,,14,0.1795647293329239,0.0603146068751812,,17,,,
0.4653449058532715,152,,,,14,0.4378173351287842,0.4570866525173187,,18,,,
0.0029958863742649555,153,,,,14,0.020336464047431946,0.008198060095310211,,19,,,
0.1194392517209053,154,,,,14,0.23452138900756836,0.15396389365196228,,20,,,
0.05384451150894165,155,,,,14,0.14156965911388397,0.08016205579042435,,21,,,
0.3062093257904053,156,,,,14,0.394809752702713,0.33278945088386536,,22,,,
0.0035391333512961864,157,,,,14,0.41213956475257874,0.12611927092075348,,23,,,
0.03264015540480614,158,,,,14,0.11368068307638168,0.05695231258869171,,24,,,
0.5194123983383179,159,,,,14,0.49159589409828186,0.5110674500465393,,25,,,
0.20922031998634338,160,,,,14,0.40436068177223206,0.2677624225616455,,26,,,
0.3013593256473541,161,,,,14,0.4615543782711029,0.3494178354740143,,27,,,
0.9560490250587463,162,,,,14,1.1183403730392456,1.0047364234924316,,28,,,
0.012623525224626064,163,,,,14,0.053210463374853134,0.024799607694149017,,29,,,
0.026321696117520332,164,,,,14,0.14579983055591583,0.062165141105651855,,30,,,
0.09537587314844131,165,,,,14,0.2769487500190735,0.14984774589538574,,31,,,
0.010703062638640404,166,,,,14,0.0310532059520483,0.016808105632662773,,32,,,
0.014178258366882801,167,,,,14,0.1292143315076828,0.04868908226490021,,33,,,
0.046229973435401917,168,,,,14,0.1465376615524292,0.0763222873210907,,34,,,
0.025288807228207588,169,,,,14,0.14473550021648407,0.06112281233072281,,35,,,
0.028386017307639122,170,,,,14,0.0819251760840416,0.04444776475429535,,36,,,
0.0456756129860878,171,,,,14,0.16903233528137207,0.08268263190984726,,37,,,
0.4332284927368164,172,,,,14,0.4882345497608185,0.4497303068637848,,38,,,
0.12388822436332703,173,,,,14,0.3302067518234253,0.18578378856182098,,39,,,
0.04694077745079994,174,,,,14,0.20572344958782196,0.09457558393478394,,40,,,
0.027423923835158348,175,,,,14,0.0849175974726677,0.044672027230262756,,41,,,
0.1300167590379715,176,,,,14,0.3097739815711975,0.18394392728805542,,42,,,
0.11008723080158234,177,,,,14,0.15937328338623047,0.12487304210662842,,43,,,
0.7659841775894165,178,,,,14,0.6270877718925476,0.7243152260780334,,44,,,
0.01130755990743637,179,,,,14,0.03396202623844147,0.01810390129685402,,45,,,
0.03779614344239235,180,,,,14,0.1102377399802208,0.05952862650156021,,46,,,
0.06361904740333557,181,,,,14,0.10827597975730896,0.07701613008975983,,47,,,
0.0008509114268235862,182,,,,14,0.09737879037857056,0.02980927750468254,,48,,,
0.07284087687730789,183,,,,14,0.22954760491847992,0.11985290050506592,,49,,,
0.3444254994392395,184,,,,14,0.6072679162025452,0.42327821254730225,,50,,,
0.004236889071762562,185,,,,14,0.03832593932747841,0.014463605359196663,,51,,,
0.1982962042093277,186,,,,14,0.25668594241142273,0.21581313014030457,,52,,,
0.0028400584124028683,187,,,,14,0.10348758101463318,0.0330343171954155,,53,,,
0.013049205765128136,188,,,,14,0.04915814474225044,0.023881886154413223,,54,,,
1.1623921394348145,189,,,,14,1.0284976959228516,1.1222238540649414,,55,,,
0.06159409508109093,190,,,,14,0.28293219208717346,0.12799552083015442,,56,,,
0.0025768429040908813,191,,,,14,0.05682278797030449,0.018850626423954964,,57,,,
0.19730162620544434,192,,,,14,0.44040247797966003,0.27023187279701233,,58,,,
0.04028267785906792,193,,,,14,0.24623163044452667,0.10206736624240875,,59,,,
0.0862518772482872,194,,,,14,0.15238110721111298,0.10609064996242523,,60,,,
0.05726947262883186,195,,,,14,0.24122290313243866,0.11245550215244293,,61,,,
0.2421257644891739,196,,,,14,0.4233393967151642,0.2964898347854614,,62,,,
0.012628115713596344,197,,,,14,0.3491967022418976,0.11359869688749313,,63,,,
0.006402220111340284,198,,,,14,0.17558614909648895,0.057157400995492935,,64,,,
0.0612022690474987,199,,,,14,0.11000996828079224,0.07584457844495773,,65,,,
0.006676390767097473,200,,,,14,0.054567113518714905,0.021043607965111732,,66,,,
0.727588951587677,201,,,,14,0.4632086753845215,0.6482748985290527,,67,,,
0.04585849866271019,202,,,,14,0.1541111022233963,0.07833428680896759,,68,,,
0.03071686439216137,203,,,,14,0.21181625127792358,0.0850466787815094,,69,,,
0.0781877413392067,204,,,,14,0.2899968922138214,0.14173048734664917,,70,,,
0.053870946168899536,205,,,,14,0.12320863455533981,0.07467225193977356,,71,,,
0.7058264017105103,206,,,,14,0.9471347332000732,0.7782189249992371,,72,,,
0.0662090852856636,207,,,,14,0.11081523448228836,0.07959093153476715,,73,,,
0.004550696350634098,208,,,,14,0.27860352396965027,0.0867665484547615,,74,,,
0.24201421439647675,209,,,,14,0.32774588465690613,0.26773372292518616,,75,,,
0.08779951930046082,210,,,,14,0.2533404529094696,0.1374617964029312,,76,,,
0.013720957562327385,211,,,,14,0.0512801818549633,0.024988725781440735,,77,,,
0.11533927917480469,212,,,,14,0.2687278687953949,0.1613558530807495,,78,,,
0.41263535618782043,213,,,,14,0.5397162437438965,0.450759619474411,,79,,,
0.006941725965589285,214,,,,14,0.04704764857888222,0.01897350326180458,,80,,,
0.008504602126777172,215,,,,14,0.10628518462181091,0.037838779389858246,,81,,,
0.11495637893676758,216,,,,14,0.16248594224452972,0.12921525537967682,,82,,,
0.045005619525909424,217,,,,14,0.07343529909849167,0.05353452265262604,,83,,,
0.010560463182628155,218,,,,14,1.1915909051895142,0.3648695945739746,,84,,,
0.11705193668603897,219,,,,14,0.3742953836917877,0.19422496855258942,,85,,,
0.268063485622406,220,,,,14,0.3996700048446655,0.3075454533100128,,86,,,
0.0768824890255928,221,,,,14,0.3270494043827057,0.15193256735801697,,87,,,
0.06844962388277054,222,,,,14,0.2121787667274475,0.11156836897134781,,88,,,
0.34444448351860046,223,,,,14,0.4893789291381836,0.38792482018470764,,89,,,
0.0002674698771443218,224,,,,14,0.096160888671875,0.029035497456789017,,90,,,
0.10849201679229736,225,,,,14,0.2097051739692688,0.1388559639453888,,91,,,
0.09752006828784943,226,,,,14,0.3531617224216461,0.17421257495880127,,92,,,
1.9279066324234009,227,,,,14,1.0547112226486206,1.6659480333328247,,93,,,
0.008424577303230762,228,,,,14,0.2642006278038025,0.08515739440917969,,94,,,
0.43737897276878357,229,,,,14,0.9752035140991211,0.5987263321876526,,95,,,
0.0005921755800954998,230,,,,14,0.2887500822544098,0.08703954517841339,,96,,,
0.16545458137989044,231,,,,14,0.3384823501110077,0.2173629105091095,,97,,,
0.1520804911851883,232,,,,14,0.321138471364975,0.20279788970947266,,98,,,
0.013292504474520683,233,,,,14,0.054339583963155746,0.025606628507375717,,99,,,
0.6110379099845886,234,,,,14,0.5031953454017639,0.5786851644515991,,0,,,
1.7244304418563843,235,,,,14,0.9157257676124573,1.4818191528320312,,1,,,
0.04014939069747925,236,,,,14,0.40610718727111816,0.1499367356300354,,2,,,
0.04610225558280945,237,,,,14,0.16292960941791534,0.08115046471357346,,3,,,
2.346726417541504,238,,,,14,1.40617835521698,2.0645618438720703,,4,,,
0.0699942484498024,239,,,,14,0.11090940982103348,0.08226879686117172,,5,,,
0.09414918720722198,240,,,,14,0.3969244658946991,0.18498177826404572,,6,,,
0.003882253309711814,241,,,,14,0.09713367372751236,0.031857680529356,,7,,,
0.03596555441617966,242,,,,14,0.35634708404541016,0.13208001852035522,,8,,,
0.009190870448946953,243,,,,14,0.7090864181518555,0.2191595435142517,,9,,,
0.00886670034378767,244,,,,14,0.026891380548477173,0.014274104498326778,,10,,,
0.9301873445510864,245,,,,14,0.9026105999946594,0.9219143390655518,,11,,,
0.028490759432315826,246,,,,14,0.14689864218235016,0.06401312351226807,,12,,,
0.05572601407766342,247,,,,14,0.3346056044101715,0.13938990235328674,,13,,,
0.24157267808914185,248,,,,14,0.5551092028617859,0.33563363552093506,,14,,,
0.026813078671693802,249,,,,14,0.0662582516670227,0.0386466309428215,,15,,,
0.02527381293475628,250,,,,14,0.0691831186413765,0.03844660520553589,,16,,,
0.11080124229192734,251,,,,14,0.21441715955734253,0.14188602566719055,,17,,,
1.3388044834136963,252,,,,14,0.9071970582008362,1.209322214126587,,18,,,
0.04046071693301201,253,,,,14,0.491276353597641,0.1757054179906845,,19,,,
0.10367654263973236,254,,,,14,0.22906088829040527,0.14129185676574707,,20,,,
0.022412804886698723,255,,,,14,0.24829964339733124,0.09017886221408844,,21,,,
0.03908483684062958,256,,,,14,0.08494650572538376,0.05284333974123001,,22,,,
0.028723496943712234,257,,,,14,0.055523622781038284,0.03676353394985199,,23,,,
0.20426540076732635,258,,,,14,0.4155188798904419,0.26764145493507385,,24,,,
0.09321186691522598,259,,,,14,0.13925403356552124,0.10702451318502426,,25,,,
0.037414517253637314,260,,,,14,0.09381383657455444,0.05433431267738342,,26,,,
0.2818948030471802,261,,,,14,0.5467287302017212,0.36134499311447144,,27,,,
1.0159095525741577,262,,,,14,0.7707499861717224,0.9423617124557495,,28,,,
0.45829012989997864,263,,,,14,0.9041714668273926,0.5920544862747192,,29,,,
0.03677699714899063,264,,,,14,0.5775556564331055,0.19901061058044434,,30,,,
0.31191638112068176,265,,,,14,0.4139118194580078,0.3425150215625763,,31,,,
0.004613114055246115,266,,,,14,0.04154301807284355,0.015692085027694702,,32,,,
0.6557245850563049,267,,,,14,0.7355112433433533,0.6796605587005615,,33,,,
,,,,,14,,,,34,0.25910189747810364,0.8421052694320679,0.5002506375312805
0.013419189490377903,0,,,,15,0.055692750960588455,0.026101257652044296,,35,,,
0.006909525021910667,1,,,,15,0.3399587869644165,0.10682430863380432,,36,,,
0.32555466890335083,2,,,,15,0.42160987854003906,0.35437124967575073,,37,,,
0.05015827342867851,3,,,,15,0.20790623128414154,0.09748266637325287,,38,,,
1.511412501335144,4,,,,15,1.1746639013290405,1.4103879928588867,,39,,,
0.011401025578379631,5,,,,15,0.19474942982196808,0.06640554964542389,,40,,,
0.007493246346712112,6,,,,15,0.029730848968029022,0.014164527878165245,,41,,,
0.1345919966697693,7,,,,15,0.3281829059123993,0.19266927242279053,,42,,,
0.13260266184806824,8,,,,15,0.21937499940395355,0.15863436460494995,,43,,,
0.17885275185108185,9,,,,15,0.3041253983974457,0.2164345383644104,,44,,,
0.004544525872915983,10,,,,15,0.05082501843571663,0.018428673967719078,,45,,,
0.3792102038860321,11,,,,15,0.5301276445388794,0.424485445022583,,46,,,
0.034017547965049744,12,,,,15,0.0803358405828476,0.04791303724050522,,47,,,
0.0075285048224031925,13,,,,15,0.07157105952501297,0.0267412718385458,,48,,,
0.08130783587694168,14,,,,15,0.2860126495361328,0.14271928369998932,,49,,,
0.35929641127586365,15,,,,15,0.454513281583786,0.3878614902496338,,50,,,
0.05015067756175995,16,,,,15,0.13353584706783295,0.07516622543334961,,51,,,
0.013098035007715225,17,,,,15,0.12268874049186707,0.045975249260663986,,52,,,
0.04007266089320183,18,,,,15,0.12460029125213623,0.06543095409870148,,53,,,
0.03167625889182091,19,,,,15,0.16430923342704773,0.07146615535020828,,54,,,
0.03907681256532669,20,,,,15,0.09459778666496277,0.05573310703039169,,55,,,
0.19186067581176758,21,,,,15,0.42162787914276123,0.2607908248901367,,56,,,
2.2643730640411377,22,,,,15,1.5112762451171875,2.0384440422058105,,57,,,
0.00723657850176096,23,,,,15,0.02292519249022007,0.011943163350224495,,58,,,
0.017961351200938225,24,,,,15,0.426727294921875,0.14059114456176758,,59,,,
0.0702669769525528,25,,,,15,0.10427967458963394,0.08047078549861908,,60,,,
0.26365819573402405,26,,,,15,0.6397606730461121,0.37648892402648926,,61,,,
0.42050445079803467,27,,,,15,0.5755071043968201,0.46700525283813477,,62,,,
0.16319085657596588,28,,,,15,0.2520141005516052,0.18983782827854156,,63,,,
0.5204598903656006,29,,,,15,0.629957914352417,0.5533093214035034,,64,,,
0.021814286708831787,30,,,,15,0.048691991716623306,0.029877599328756332,,65,,,
1.6557823419570923,31,,,,15,1.1770304441452026,1.5121567249298096,,66,,,
0.009832639247179031,32,,,,15,0.068684421479702,0.02748817577958107,,67,,,
0.0015653035370633006,33,,,,15,0.025553276762366295,0.008761695586144924,,68,,,
0.009628758765757084,34,,,,15,0.03567557781934738,0.01744280382990837,,69,,,
0.08705500513315201,35,,,,15,0.19985736906528473,0.12089571356773376,,70,,,
1.5730265378952026,36,,,,15,0.9770976901054382,1.3942478895187378,,71,,,
0.0788712427020073,37,,,,15,0.12858371436595917,0.09378498792648315,,72,,,
0.0556926429271698,38,,,,15,0.16036824882030487,0.08709532767534256,,73,,,
1.1478216648101807,39,,,,15,0.708973228931427,1.016167163848877,,74,,,
0.14597906172275543,40,,,,15,0.39095667004585266,0.21947234869003296,,75,,,
0.05619696527719498,41,,,,15,0.11030217260122299,0.07242852449417114,,76,,,
0.006145153660327196,42,,,,15,0.024035455659031868,0.011512244120240211,,77,,,
0.27661147713661194,43,,,,15,0.5210933089256287,0.34995603561401367,,78,,,
0.027255963534116745,44,,,,15,0.16167043149471283,0.06758030503988266,,79,,,
0.0045236400328576565,45,,,,15,0.06408783048391342,0.02239289879798889,,80,,,
0.976165771484375,46,,,,15,0.7329242825508118,0.9031933546066284,,81,,,
0.10630639642477036,47,,,,15,0.29323598742485046,0.16238528490066528,,82,,,
0.19211618602275848,48,,,,15,0.5321059226989746,0.2941130995750427,,83,,,
0.14056910574436188,49,,,,15,0.21751654148101807,0.16365334391593933,,84,,,
0.07027731090784073,50,,,,15,0.20395801961421967,0.11038152873516083,,85,,,
0.03127472475171089,51,,,,15,0.06807488203048706,0.04231477528810501,,86,,,
0.16094796359539032,52,,,,15,0.22856421768665314,0.18123283982276917,,87,,,
0.002356849145144224,53,,,,15,0.2055221050977707,0.06330642849206924,,88,,,
0.0033808951266109943,54,,,,15,0.032712843269109726,0.012180480174720287,,89,,,
0.0015244778478518128,55,,,,15,0.03601886332035065,0.011872793547809124,,90,,,
0.01176019199192524,56,,,,15,0.06936483830213547,0.029041588306427002,,91,,,
0.16502340137958527,57,,,,15,0.2598640024662018,0.19347557425498962,,92,,,
0.017793433740735054,58,,,,15,0.06362036615610123,0.03154151514172554,,93,,,
0.04925878345966339,59,,,,15,0.19484513998031616,0.09293469786643982,,94,,,
0.27682533860206604,60,,,,15,0.28594738245010376,0.27956196665763855,,95,,,
0.000526289688423276,61,,,,15,0.08829725533723831,0.026857580989599228,,96,,,
0.034757114946842194,62,,,,15,0.07370690256357193,0.04644205421209335,,97,,,
1.9163527488708496,63,,,,15,0.9698246121406555,1.6323943138122559,,98,,,
0.006605338770896196,64,,,,15,0.03348216414451599,0.014668386429548264,,99,,,
0.02051737532019615,65,,,,15,0.07703369110822678,0.03747227042913437,,0,,,
0.027550918981432915,66,,,,15,0.09721970558166504,0.048451557755470276,,1,,,
0.007655330467969179,67,,,,15,0.04506261274218559,0.018877515569329262,,2,,,
0.0025304697919636965,68,,,,15,0.0783301591873169,0.025270378217101097,,3,,,
0.4611874222755432,69,,,,15,0.9675528407096863,0.613097071647644,,4,,,
0.2941088080406189,70,,,,15,0.3285396993160248,0.304438054561615,,5,,,
0.02079891227185726,71,,,,15,0.06670432537794113,0.03457053750753403,,6,,,
0.002211983548477292,72,,,,15,0.12915240228176117,0.040294110774993896,,7,,,
0.03147481754422188,73,,,,15,0.10810408741235733,0.054463598877191544,,8,,,
0.03609560802578926,74,,,,15,0.2367497831583023,0.09629186242818832,,9,,,
0.01069421786814928,75,,,,15,0.06398846209049225,0.026682492345571518,,10,,,
0.019990988075733185,76,,,,15,0.1195279136300087,0.04985206574201584,,11,,,
0.5789856910705566,77,,,,15,0.6440081596374512,0.598492443561554,,12,,,
0.010894697159528732,78,,,,15,0.059413228183984756,0.02545025758445263,,13,,,
0.10037878900766373,79,,,,15,0.22772051393985748,0.1385813057422638,,14,,,
0.017773408442735672,80,,,,15,0.0452742837369442,0.02602367103099823,,15,,,
0.09486079216003418,81,,,,15,0.2821795642375946,0.1510564237833023,,16,,,
0.014692324213683605,82,,,,15,0.08801128715276718,0.03668801486492157,,17,,,
0.0005547653418034315,83,,,,15,0.26343345642089844,0.0794183760881424,,18,,,
0.2699328064918518,84,,,,15,0.43502917885780334,0.31946173310279846,,19,,,
0.0025247621815651655,85,,,,15,0.1523134708404541,0.0474613755941391,,20,,,
0.11653994023799896,86,,,,15,0.3944575786590576,0.19991523027420044,,21,,,
0.73984295129776,87,,,,15,0.5153154134750366,0.6724846363067627,,22,,,
1.2509888410568237,88,,,,15,0.9470592141151428,1.159809947013855,,23,,,
0.03299419581890106,89,,,,15,0.08315414935350418,0.048042185604572296,,24,,,
0.007640424650162458,90,,,,15,0.09892355650663376,0.03502536565065384,,25,,,
0.12944287061691284,91,,,,15,0.3229362964630127,0.18749089539051056,,26,,,
1.4601542949676514,92,,,,15,1.0127640962600708,1.325937271118164,,27,,,
0.02426404133439064,93,,,,15,0.11686278134584427,0.05204366520047188,,28,,,
0.023388810455799103,94,,,,15,0.08605777472257614,0.042189501225948334,,29,,,
0.030837547034025192,95,,,,15,0.1223541870713234,0.058292537927627563,,30,,,
0.057242002338171005,96,,,,15,0.5228461623191833,0.19692325592041016,,31,,,
0.21444715559482574,97,,,,15,0.5384514331817627,0.311648428440094,,32,,,
0.4836018681526184,98,,,,15,0.6205790042877197,0.5246950387954712,,33,,,
0.34501317143440247,99,,,,15,0.16893087327480316,0.29218846559524536,,34,,,
0.004718360491096973,100,,,,15,0.055391620844602585,0.019920337945222855,,35,,,
0.005160820204764605,101,,,,15,0.5191786289215088,0.159366175532341,,36,,,
0.03931661322712898,102,,,,15,0.27457892894744873,0.10989530384540558,,37,,,
0.3511787950992584,103,,,,15,0.5115873217582703,0.39930135011672974,,38,,,
0.013638880103826523,104,,,,15,0.14288003742694855,0.05241122841835022,,39,,,
0.12672454118728638,105,,,,15,0.15393668413162231,0.1348881870508194,,40,,,
0.024509629234671593,106,,,,15,0.08871087431907654,0.04377000406384468,,41,,,
0.08393451571464539,107,,,,15,0.1489536017179489,0.10344024002552032,,42,,,
0.005049215164035559,108,,,,15,0.04651099070906639,0.017487747594714165,,43,,,
0.021549833938479424,109,,,,15,0.08463791757822037,0.04047625884413719,,44,,,
0.9914066195487976,110,,,,15,0.895433247089386,0.9626146554946899,,45,,,
0.6484110355377197,111,,,,15,1.0712946653366089,0.7752761840820312,,46,,,
0.02728322520852089,112,,,,15,0.04607096314430237,0.03291954845190048,,47,,,
0.004340394400060177,113,,,,15,0.1304600089788437,0.04217628017067909,,48,,,
0.07207981497049332,114,,,,15,0.20043523609638214,0.11058644205331802,,49,,,
0.020933054387569427,115,,,,15,0.21699738502502441,0.0797523558139801,,50,,,
0.3514719009399414,116,,,,15,0.37702155113220215,0.35913679003715515,,51,,,
0.013229567557573318,117,,,,15,0.03832172974944115,0.020757216960191727,,52,,,
0.001790707348845899,118,,,,15,0.3476276695728302,0.10554179549217224,,53,,,
0.17974863946437836,119,,,,15,0.3131064176559448,0.21975597739219666,,54,,,
0.06197388842701912,120,,,,15,0.15186834335327148,0.08894222974777222,,55,,,
0.014126308262348175,121,,,,15,0.0203190129250288,0.015984119847416878,,56,,,
0.3614651560783386,122,,,,15,0.35787129402160645,0.3603869676589966,,57,,,
0.41420263051986694,123,,,,15,0.4750782549381256,0.4324653148651123,,58,,,
0.08636527508497238,124,,,,15,0.1714511662721634,0.11189104616641998,,59,,,
0.5998339056968689,125,,,,15,0.8179884552955627,0.665280282497406,,60,,,
0.01694428361952305,126,,,,15,0.056391116231679916,0.028778333216905594,,61,,,
0.22918576002120972,127,,,,15,0.37915554642677307,0.274176687002182,,62,,,
0.857437014579773,128,,,,15,0.8522397875785828,0.8558778762817383,,63,,,
0.7593980431556702,129,,,,15,0.6941075325012207,0.7398108839988708,,64,,,
0.022457681596279144,130,,,,15,0.11226675659418106,0.04940040409564972,,65,,,
0.043465133756399155,131,,,,15,0.1480695754289627,0.07484646886587143,,66,,,
0.0001911934232339263,132,,,,15,0.5277179479598999,0.1584492325782776,,67,,,
0.043282266706228256,133,,,,15,0.14614222943782806,0.07414025813341141,,68,,,
0.06483402103185654,134,,,,15,0.10426312685012817,0.07666274905204773,,69,,,
0.1518714874982834,135,,,,15,0.26832154393196106,0.18680649995803833,,70,,,
0.0029199367854744196,136,,,,15,0.7780306339263916,0.23545315861701965,,71,,,
0.0026754082646220922,137,,,,15,0.33232924342155457,0.10157155990600586,,72,,,
0.059120386838912964,138,,,,15,0.13335168361663818,0.08138976991176605,,73,,,
2.7486658096313477,139,,,,15,1.1012376546859741,2.2544374465942383,,74,,,
0.0718218982219696,140,,,,15,0.1451292484998703,0.09381410479545593,,75,,,
0.12519395351409912,141,,,,15,0.3034132719039917,0.17865973711013794,,76,,,
0.9921414852142334,142,,,,15,0.49384498596191406,0.8426524996757507,,77,,,
0.6057642102241516,143,,,,15,1.0303823947906494,0.7331496477127075,,78,,,
1.4946521520614624,144,,,,15,1.03826904296875,1.3577373027801514,,79,,,
0.11590263992547989,145,,,,15,0.1327657252550125,0.12096156179904938,,80,,,
0.016824256628751755,146,,,,15,0.06987595558166504,0.03273976594209671,,81,,,
0.12799730896949768,147,,,,15,0.7041593194007874,0.3008459210395813,,82,,,
0.1275055855512619,148,,,,15,1.0045475959777832,0.3906182050704956,,83,,,
0.2655731439590454,149,,,,15,0.3464115560054779,0.2898246645927429,,84,,,
0.03699035197496414,150,,,,15,0.13795006275177002,0.06727826595306396,,85,,,
0.040978383272886276,151,,,,15,0.06330805271863937,0.047677285969257355,,86,,,
0.10120610892772675,152,,,,15,0.39486202597618103,0.18930289149284363,,87,,,
0.19910061359405518,153,,,,15,0.3578070104122162,0.24671253561973572,,88,,,
0.225624218583107,154,,,,15,0.35979363322257996,0.26587504148483276,,89,,,
0.012300936505198479,155,,,,15,0.06859132647514343,0.02918805554509163,,90,,,
0.0055187963880598545,156,,,,15,0.07097261399030685,0.025154942646622658,,91,,,
0.09369176626205444,157,,,,15,0.5032103657722473,0.21654734015464783,,92,,,
0.944870114326477,158,,,,15,1.2510790824890137,1.036732792854309,,93,,,
0.0025623366236686707,159,,,,15,0.40243270993232727,0.12252345681190491,,94,,,
0.15977469086647034,160,,,,15,0.24196863174438477,0.18443286418914795,,95,,,
0.03288554027676582,161,,,,15,0.2012416571378708,0.08339237421751022,,96,,,
0.06403709948062897,162,,,,15,0.298113077878952,0.134259894490242,,97,,,
0.9088692665100098,163,,,,15,0.5288276672363281,0.7948567867279053,,98,,,
0.8969457149505615,164,,,,15,1.1058387756347656,0.9596136212348938,,99,,,
0.2513999938964844,165,,,,15,0.3398565948009491,0.2779369652271271,,0,,,
0.14453083276748657,166,,,,15,0.3465132415294647,0.2051255702972412,,1,,,
0.01490433607250452,167,,,,15,0.048757653683423996,0.02506033144891262,,2,,,
0.07302828133106232,168,,,,15,0.11700171232223511,0.08622030913829803,,3,,,
0.05129434913396835,169,,,,15,0.19948841631412506,0.09575256705284119,,4,,,
0.06442256271839142,170,,,,15,0.19605839252471924,0.103913314640522,,5,,,
0.22701863944530487,171,,,,15,0.3321017920970917,0.25854358077049255,,6,,,
0.7988612055778503,172,,,,15,0.5382131338119507,0.720666766166687,,7,,,
0.8423187136650085,173,,,,15,0.9808666110038757,0.8838831186294556,,8,,,
0.0646132230758667,174,,,,15,0.23492224514484406,0.1157059296965599,,9,,,
0.010154726915061474,175,,,,15,0.05483295023441315,0.02355819381773472,,10,,,
0.011275145225226879,176,,,,15,0.03319254890084267,0.017850365489721298,,11,,,
0.0022355346009135246,177,,,,15,0.08116992563009262,0.025915851816534996,,12,,,
0.04304569959640503,178,,,,15,0.6179471015930176,0.21551613509655,,13,,,
0.03116588108241558,179,,,,15,0.1844944953918457,0.07716447114944458,,14,,,
0.030984681099653244,180,,,,15,0.09313104301691055,0.049628593027591705,,15,,,
0.06552983075380325,181,,,,15,0.3779710829257965,0.15926221013069153,,16,,,
1.116098403930664,182,,,,15,0.8781959414482117,1.0447276830673218,,17,,,
0.005979032255709171,183,,,,15,1.1271032094955444,0.34231629967689514,,18,,,
0.013478586450219154,184,,,,15,0.03912905603647232,0.02117372676730156,,19,,,
0.07386645674705505,185,,,,15,0.10936055332422256,0.08451468497514725,,20,,,
0.015397016890347004,186,,,,15,0.11947762966156006,0.04662120342254639,,21,,,
0.0747109055519104,187,,,,15,0.11622568219900131,0.08716534078121185,,22,,,
0.024676889181137085,188,,,,15,0.03854205086827278,0.028836438432335854,,23,,,
0.028763459995388985,189,,,,15,0.0662093386054039,0.039997223764657974,,24,,,
0.00574994832277298,190,,,,15,0.0298729557543993,0.012986850924789906,,25,,,
0.275856614112854,191,,,,15,0.29572540521621704,0.2818172574043274,,26,,,
0.3950386345386505,192,,,,15,0.8308498859405518,0.5257819890975952,,27,,,
0.08219170570373535,193,,,,15,0.16884110867977142,0.10818652808666229,,28,,,
0.0322236567735672,194,,,,15,0.2941987216472626,0.11081618070602417,,29,,,
1.4706405401229858,195,,,,15,0.8160281181335449,1.2742568254470825,,30,,,
0.004508805926889181,196,,,,15,0.1338443011045456,0.04330945387482643,,31,,,
0.04513803869485855,197,,,,15,0.09533118456602097,0.060195982456207275,,32,,,
0.006879572290927172,198,,,,15,0.08712518215179443,0.03095325455069542,,33,,,
0.009557561948895454,199,,,,15,0.10294453054666519,0.03757365420460701,,34,,,
0.022768737748265266,200,,,,15,0.07059835642576218,0.037117622792720795,,35,,,
0.3496417999267578,201,,,,15,0.5168180465698242,0.39979469776153564,,36,,,
0.04838336259126663,202,,,,15,0.1290234476327896,0.0725753903388977,,37,,,
0.049463819712400436,203,,,,15,0.1267458200454712,0.07264842092990875,,38,,,
0.34815603494644165,204,,,,15,0.3309197425842285,0.3429851531982422,,39,,,
0.15145161747932434,205,,,,15,0.24954359233379364,0.18087920546531677,,40,,,
0.03548647463321686,206,,,,15,0.18791913986206055,0.08121627569198608,,41,,,
0.026336442679166794,207,,,,15,0.0707257091999054,0.039653223007917404,,42,,,
0.009201383218169212,208,,,,15,0.03839483484625816,0.017959419637918472,,43,,,
0.2336134910583496,209,,,,15,0.32860657572746277,0.2621114253997803,,44,,,
0.09803615510463715,210,,,,15,0.21856777369976044,0.13419564068317413,,45,,,
0.12020117044448853,211,,,,15,0.09782084822654724,0.11348707228899002,,46,,,
0.09250061213970184,212,,,,15,0.20484833419322968,0.12620492279529572,,47,,,
0.04137180745601654,213,,,,15,0.22153307497501373,0.09542018920183182,,48,,,
0.8461721539497375,214,,,,15,1.1175516843795776,0.927586019039154,,49,,,
0.3811272084712982,215,,,,15,0.6861365437507629,0.47263002395629883,,50,,,
0.07629626989364624,216,,,,15,0.2421196699142456,0.12604328989982605,,51,,,
0.7000949382781982,217,,,,15,0.5902363657951355,0.6671373844146729,,52,,,
0.8602941036224365,218,,,,15,0.7827377319335938,0.8370271921157837,,53,,,
0.03847568482160568,219,,,,15,0.16428090631961823,0.07621725648641586,,54,,,
0.007758483290672302,220,,,,15,0.019209325313568115,0.011193735525012016,,55,,,
0.0255142729729414,221,,,,15,0.03915347158908844,0.029606033116579056,,56,,,
0.09605151414871216,222,,,,15,0.28062209486961365,0.1514226794242859,,57,,,
0.020328860729932785,223,,,,15,0.05625034496188164,0.03110530599951744,,58,,,
0.01682378724217415,224,,,,15,0.05003325641155243,0.026786629110574722,,59,,,
0.0018092705868184566,225,,,,15,0.03906089812517166,0.01298475917428732,,60,,,
0.12017875909805298,226,,,,15,1.0341583490371704,0.3943726420402527,,61,,,
0.025301126763224602,227,,,,15,0.11874699592590332,0.05333489179611206,,62,,,
0.0351254865527153,228,,,,15,0.10168007016181946,0.05509186163544655,,63,,,
0.10143286734819412,229,,,,15,0.18652798235416412,0.12696141004562378,,64,,,
0.15482144057750702,230,,,,15,0.2641799747943878,0.18762899935245514,,65,,,
0.0036499565467238426,231,,,,15,0.2645324170589447,0.08191469311714172,,66,,,
0.0429384745657444,232,,,,15,0.07617867738008499,0.05291053652763367,,67,,,
0.16819483041763306,233,,,,15,0.29126688838005066,0.20511645078659058,,68,,,
0.13648951053619385,234,,,,15,0.2401760071516037,0.16759546101093292,,69,,,
0.0636756494641304,235,,,,15,0.23482058942317963,0.11501912772655487,,70,,,
0.26623982191085815,236,,,,15,0.5385417938232422,0.3479304313659668,,71,,,
0.03210660442709923,237,,,,15,0.15876756608486176,0.07010489702224731,,72,,,
0.13495402038097382,238,,,,15,0.28622254729270935,0.18033456802368164,,73,,,
0.017996476963162422,239,,,,15,0.09329064935445786,0.04058472812175751,,74,,,
0.008218517526984215,240,,,,15,0.06841488927602768,0.02627743035554886,,75,,,
0.4853246808052063,241,,,,15,0.648081362247467,0.5341516733169556,,76,,,
0.05003797262907028,242,,,,15,0.11997822672128677,0.07102005183696747,,77,,,
0.043985359370708466,243,,,,15,0.08179505169391632,0.05532826855778694,,78,,,
0.006939121522009373,244,,,,15,0.2005176991224289,0.06501270085573196,,79,,,
0.253246545791626,245,,,,15,0.2894657552242279,0.26411229372024536,,80,,,
0.2717151641845703,246,,,,15,0.37388768792152405,0.3023669123649597,,81,,,
0.05095057934522629,247,,,,15,0.09489741176366806,0.0641346275806427,,82,,,
0.081978440284729,248,,,,15,0.12416186183691025,0.09463346749544144,,83,,,
0.05811769515275955,249,,,,15,0.1915329247713089,0.09814226627349854,,84,,,
0.03581685200333595,250,,,,15,0.35764679312705994,0.13236583769321442,,85,,,
0.05549643561244011,251,,,,15,0.15125660598278046,0.08422449231147766,,86,,,
0.012370643205940723,252,,,,15,0.19593775272369385,0.06744077801704407,,87,,,
0.08335811644792557,253,,,,15,0.10198497772216797,0.08894617855548859,,88,,,
0.01727568730711937,254,,,,15,0.08178151398897171,0.03662743419408798,,89,,,
0.02668865956366062,255,,,,15,0.08083202689886093,0.04293166846036911,,90,,,
0.002988517517223954,256,,,,15,0.21153265237808228,0.0655517578125,,91,,,
0.006246922072023153,257,,,,15,1.1066317558288574,0.336362361907959,,92,,,
0.005994081497192383,258,,,,15,0.6818508505821228,0.2087511122226715,,93,,,
0.5077107548713684,259,,,,15,0.5044833421707153,0.506742537021637,,94,,,
0.012781249359250069,260,,,,15,0.10451054573059082,0.04030003771185875,,95,,,
0.01181827299296856,261,,,,15,0.2402077317237854,0.0803351104259491,,96,,,
0.002999570919200778,262,,,,15,0.05117856338620186,0.0174532700330019,,97,,,
0.0064689042046666145,263,,,,15,0.04389846324920654,0.01769777201116085,,98,,,
0.026296615600585938,264,,,,15,0.04862159863114357,0.0329941101372242,,99,,,
0.03334914892911911,265,,,,15,0.17286936938762665,0.07520521432161331,,0,,,
0.15944187343120575,266,,,,15,0.21456550061702728,0.17597895860671997,,1,,,
2.6195268630981445,267,,,,15,1.5221389532089233,2.2903106212615967,,2,,,
,,,,,15,,,,3,0.24466480314731598,0.7894737124443054,0.6012257933616638
0.4272626042366028,0,,,,16,0.4485023319721222,0.43363451957702637,,4,,,
0.011013551615178585,1,,,,16,0.049887582659721375,0.022675761952996254,,5,,,
0.006903723813593388,2,,,,16,0.08317335695028305,0.029784614220261574,,6,,,
0.01639220491051674,3,,,,16,0.2490786463022232,0.08619813621044159,,7,,,
0.02110663242638111,4,,,,16,0.060835015028715134,0.033025145530700684,,8,,,
0.05759284272789955,5,,,,16,0.15736378729343414,0.08752413094043732,,9,,,
0.08198513835668564,6,,,,16,0.16500458121299744,0.1068909764289856,,10,,,
0.006288147531449795,7,,,,16,0.04691585898399353,0.018476461991667747,,11,,,
0.2665812075138092,8,,,,16,0.8513006567955017,0.44199705123901367,,12,,,
0.03732184320688248,9,,,,16,0.1523781269788742,0.07183872908353806,,13,,,
0.02728160098195076,10,,,,16,0.40941834449768066,0.14192262291908264,,14,,,
0.2736956477165222,11,,,,16,0.5628564953804016,0.3604438900947571,,15,,,
0.009565590880811214,12,,,,16,0.08207125216722488,0.03131728991866112,,16,,,
0.05230220779776573,13,,,,16,0.31501325964927673,0.13111552596092224,,17,,,
0.032419752329587936,14,,,,16,0.08413037657737732,0.0479329377412796,,18,,,
0.014562980271875858,15,,,,16,0.04286855459213257,0.02305465377867222,,19,,,
0.544478178024292,16,,,,16,0.7047258019447327,0.5925524830818176,,20,,,
0.016731765121221542,17,,,,16,0.036354776471853256,0.022618670016527176,,21,,,
0.003650669241324067,18,,,,16,0.08675510436296463,0.028582001104950905,,22,,,
0.1334461122751236,19,,,,16,0.5189744830131531,0.24910463392734528,,23,,,
0.00890793651342392,20,,,,16,0.018357688561081886,0.011742861941456795,,24,,,
0.09445195645093918,21,,,,16,0.12269684672355652,0.10292542725801468,,25,,,
0.22833026945590973,22,,,,16,0.4072786867618561,0.28201478719711304,,26,,,
0.03130823001265526,23,,,,16,0.4414738118648529,0.15435791015625,,27,,,
0.007102834526449442,24,,,,16,0.036193542182445526,0.01583004742860794,,28,,,
0.21847780048847198,25,,,,16,0.8123125433921814,0.3966282308101654,,29,,,
0.03655853867530823,26,,,,16,0.24704326689243317,0.09970396012067795,,30,,,
0.01283032726496458,27,,,,16,0.13352078199386597,0.04903746396303177,,31,,,
1.2116503715515137,28,,,,16,0.8896803855895996,1.1150593757629395,,32,,,
0.2175508588552475,29,,,,16,0.1520276516675949,0.1978939026594162,,33,,,
0.012017585337162018,30,,,,16,0.05359405651688576,0.02449052780866623,,34,,,
0.6020873188972473,31,,,,16,0.5622469782829285,0.5901352167129517,,35,,,
0.03940669447183609,32,,,,16,0.13334284722805023,0.06758753955364227,,36,,,
0.005827816668897867,33,,,,16,0.030598899349570274,0.013259142637252808,,37,,,
0.07136857509613037,34,,,,16,0.15965582430362701,0.09785474836826324,,38,,,
0.2954580783843994,35,,,,16,0.3801831901073456,0.3208756148815155,,39,,,
0.0048829116858541965,36,,,,16,0.1830073744058609,0.05832025408744812,,40,,,
0.016742199659347534,37,,,,16,0.10146341472864151,0.042158566415309906,,41,,,
0.027007916942238808,38,,,,16,0.07012531906366348,0.039943136274814606,,42,,,
0.051886238157749176,39,,,,16,0.2229878306388855,0.10321671515703201,,43,,,
1.1886621713638306,40,,,,16,0.8791999816894531,1.0958235263824463,,44,,,
0.0026648270431905985,41,,,,16,0.253876656293869,0.07802838087081909,,45,,,
0.07285894453525543,42,,,,16,0.38000479340553284,0.165002703666687,,46,,,
0.015747006982564926,43,,,,16,0.23935431241989136,0.08282919973134995,,47,,,
0.018797356635332108,44,,,,16,0.40287330746650696,0.1340201497077942,,48,,,
0.07499108463525772,45,,,,16,0.27433979511260986,0.13479569554328918,,49,,,
0.02274053730070591,46,,,,16,0.05664089694619179,0.03291064500808716,,50,,,
0.03727670758962631,47,,,,16,0.06694988161325455,0.0461786612868309,,51,,,
0.21349123120307922,48,,,,16,0.3092944920063019,0.24223221838474274,,52,,,
0.13198073208332062,49,,,,16,0.29068294167518616,0.17959140241146088,,53,,,
0.09910544008016586,50,,,,16,0.21875280141830444,0.13499966263771057,,54,,,
0.19790790975093842,51,,,,16,0.35681477189064026,0.24557995796203613,,55,,,
0.030308470129966736,52,,,,16,0.08867394179105759,0.04781811311841011,,56,,,
1.0294609069824219,53,,,,16,0.8632452487945557,0.9795961976051331,,57,,,
0.17921476066112518,54,,,,16,0.3371368944644928,0.22659140825271606,,58,,,
0.0023649362847208977,55,,,,16,0.09946056455373764,0.03149362653493881,,59,,,
0.02135404758155346,56,,,,16,0.06019217148423195,0.0330054834485054,,60,,,
0.08085208386182785,57,,,,16,0.1365518420934677,0.09756201505661011,,61,,,
0.08124859631061554,58,,,,16,0.47832632064819336,0.20037192106246948,,62,,,
0.006864654831588268,59,,,,16,0.024076111614704132,0.01202809251844883,,63,,,
0.4423612654209137,60,,,,16,0.5457526445388794,0.4733786880970001,,64,,,
0.00021634146105498075,61,,,,16,0.5035369992256165,0.15121254324913025,,65,,,
0.061354197561740875,62,,,,16,0.29463377594947815,0.13133807480335236,,66,,,
0.06320854276418686,63,,,,16,0.18299643695354462,0.09914491325616837,,67,,,
0.1464753895998001,64,,,,16,0.4043961465358734,0.22385162115097046,,68,,,
0.3281794488430023,65,,,,16,0.5981394052505493,0.40916743874549866,,69,,,
0.028284737840294838,66,,,,16,0.14193205535411835,0.062378935515880585,,70,,,
0.018986860290169716,67,,,,16,0.0617719441652298,0.031822383403778076,,71,,,
0.1603943109512329,68,,,,16,0.3319142758846283,0.21185031533241272,,72,,,
0.052652522921562195,69,,,,16,0.12233281880617142,0.07355661690235138,,73,,,
0.020771590992808342,70,,,,16,0.047852739691734314,0.028895936906337738,,74,,,
0.029340239241719246,71,,,,16,0.6914544105529785,0.22797450423240662,,75,,,
0.011928771622478962,72,,,,16,0.03286529704928398,0.018209729343652725,,76,,,
0.014131714589893818,73,,,,16,0.06211823597550392,0.028527673333883286,,77,,,
0.11461585015058517,74,,,,16,0.23832352459430695,0.15172815322875977,,78,,,
0.01906031370162964,75,,,,16,0.07413702458143234,0.03558332845568657,,79,,,
0.009206934832036495,76,,,,16,0.01971425861120224,0.012359132058918476,,80,,,
0.07162094861268997,77,,,,16,0.22707270085811615,0.11825647950172424,,81,,,
0.02982817403972149,78,,,,16,0.1015007495880127,0.051329948008060455,,82,,,
1.1761583089828491,79,,,,16,0.7917953133583069,1.0608494281768799,,83,,,
0.1090981513261795,80,,,,16,0.22089511156082153,0.142637237906456,,84,,,
0.01493733748793602,81,,,,16,0.07728179544210434,0.033640675246715546,,85,,,
0.0706624910235405,82,,,,16,0.13771499693393707,0.09077824652194977,,86,,,
0.1969040185213089,83,,,,16,0.2678896486759186,0.2181997001171112,,87,,,
0.22466865181922913,84,,,,16,0.33133625984191895,0.25666892528533936,,88,,,
0.009223943576216698,85,,,,16,0.05070113763213158,0.021667102351784706,,89,,,
0.008740500546991825,86,,,,16,0.30774447321891785,0.0984416976571083,,90,,,
0.13282626867294312,87,,,,16,0.3166525065898895,0.18797415494918823,,91,,,
0.09867609292268753,88,,,,16,0.25250527262687683,0.14482486248016357,,92,,,
0.5844923853874207,89,,,,16,1.1206145286560059,0.7453290224075317,,93,,,
0.04880703613162041,90,,,,16,0.14807386696338654,0.07858708500862122,,94,,,
0.4766991436481476,91,,,,16,0.6103696227073669,0.5168002843856812,,95,,,
0.2582928538322449,92,,,,16,0.3243809640407562,0.278119295835495,,96,,,
0.7320057153701782,93,,,,16,0.6662337779998779,0.7122740745544434,,97,,,
0.05224405601620674,94,,,,16,0.08362367749214172,0.061657942831516266,,98,,,
0.3190722167491913,95,,,,16,0.9318144917488098,0.5028948783874512,,99,,,
0.043711643666028976,96,,,,16,0.419087678194046,0.15632446110248566,,0,,,
0.06283929198980331,97,,,,16,0.09290554374456406,0.07185916602611542,,1,,,
0.19192719459533691,98,,,,16,0.3954192101955414,0.25297480821609497,,2,,,
0.07514679431915283,99,,,,16,0.25302448868751526,0.12851010262966156,,3,,,
0.018153121694922447,100,,,,16,0.06990008056163788,0.03367720916867256,,4,,,
0.004265377763658762,101,,,,16,0.02464567869901657,0.010379468090832233,,5,,,
1.927901268005371,102,,,,16,1.1832078695297241,1.7044931650161743,,6,,,
0.2984617054462433,103,,,,16,0.34858426451683044,0.31349846720695496,,7,,,
0.14044345915317535,104,,,,16,0.2521144151687622,0.17394474148750305,,8,,,
0.024472173303365707,105,,,,16,0.2579781413078308,0.09452396631240845,,9,,,
1.224109411239624,106,,,,16,1.0261889696121216,1.1647332906723022,,10,,,
0.11471587419509888,107,,,,16,0.26712343096733093,0.1604381501674652,,11,,,
0.028063837438821793,108,,,,16,0.13532836735248566,0.06024319678544998,,12,,,
0.013227332383394241,109,,,,16,0.05178619921207428,0.024794992059469223,,13,,,
0.0911765918135643,110,,,,16,0.15354607999324799,0.10988743603229523,,14,,,
2.4357213973999023,111,,,,16,1.3681224584579468,2.1154417991638184,,15,,,
0.1557573527097702,112,,,,16,0.4486500322818756,0.24362516403198242,,16,,,
0.04155410826206207,113,,,,16,0.4052427113056183,0.1506606936454773,,17,,,
0.16513335704803467,114,,,,16,0.4709051549434662,0.25686490535736084,,18,,,
0.0664551854133606,115,,,,16,0.13653366267681122,0.08747872710227966,,19,,,
0.18178114295005798,116,,,,16,0.2915348708629608,0.21470725536346436,,20,,,
0.09376926720142365,117,,,,16,0.611074686050415,0.24896089732646942,,21,,,
0.0028347091283649206,118,,,,16,0.05207773670554161,0.017607618123292923,,22,,,
0.06409770250320435,119,,,,16,0.09051120281219482,0.07202175259590149,,23,,,
0.07488446682691574,120,,,,16,0.1570845991373062,0.09954451024532318,,24,,,
0.001863292302004993,121,,,,16,0.025980740785598755,0.009098527021706104,,25,,,
0.03854554146528244,122,,,,16,0.11386782675981522,0.06114222854375839,,26,,,
2.5418615341186523,123,,,,16,1.2520772218704224,2.154926300048828,,27,,,
0.16197478771209717,124,,,,16,0.4477262794971466,0.24770024418830872,,28,,,
6.568216485902667e-05,125,,,,16,0.12311605364084244,0.03698079660534859,,29,,,
0.001262939884327352,126,,,,16,0.11233232170343399,0.03458375483751297,,30,,,
0.033649228513240814,127,,,,16,0.066795714199543,0.04359317570924759,,31,,,
0.024648161605000496,128,,,,16,0.1727406233549118,0.06907590478658676,,32,,,
0.1189102753996849,129,,,,16,0.5258407592773438,0.24098941683769226,,33,,,
0.017666365951299667,130,,,,16,0.08321014791727066,0.037329502403736115,,34,,,
0.0007930232677608728,131,,,,16,0.21524043381214142,0.06512724608182907,,35,,,
0.0029114973731338978,132,,,,16,0.0797182098031044,0.025953512638807297,,36,,,
0.008431670255959034,133,,,,16,0.056245725601911545,0.022775888442993164,,37,,,
0.12855158746242523,134,,,,16,0.15131041407585144,0.13537922501564026,,38,,,
1.0263900756835938,135,,,,16,0.9557183384895325,1.0051884651184082,,39,,,
0.029902802780270576,136,,,,16,0.04797147586941719,0.035323403775691986,,40,,,
0.01228869054466486,137,,,,16,0.06395681947469711,0.027789130806922913,,41,,,
0.029662122949957848,138,,,,16,0.04910654202103615,0.03549544885754585,,42,,,
0.06203506514430046,139,,,,16,0.35162749886512756,0.14891280233860016,,43,,,
0.013850410468876362,140,,,,16,0.04629804193973541,0.023584701120853424,,44,,,
0.4176575839519501,141,,,,16,0.8058784604072571,0.5341238379478455,,45,,,
0.042950235307216644,142,,,,16,0.14090274274349213,0.07233598828315735,,46,,,
0.370625764131546,143,,,,16,0.7714560031890869,0.4908748269081116,,47,,,
0.0008299481705762446,144,,,,16,0.17187733948230743,0.052144166082143784,,48,,,
0.04208458587527275,145,,,,16,0.4926932156085968,0.1772671788930893,,49,,,
0.03869808092713356,146,,,,16,0.07880005240440369,0.05072867125272751,,50,,,
0.001912908861413598,147,,,,16,0.1752110868692398,0.053902365267276764,,51,,,
1.301511526107788,148,,,,16,1.1455612182617188,1.2547264099121094,,52,,,
0.40704426169395447,149,,,,16,0.5265536904335022,0.44289708137512207,,53,,,
0.1965603232383728,150,,,,16,0.530707836151123,0.2968045771121979,,54,,,
1.274082899093628,151,,,,16,1.089280605316162,1.218642234802246,,55,,,
0.5771616697311401,152,,,,16,0.7234646677970886,0.6210525631904602,,56,,,
0.00797315314412117,153,,,,16,0.25133252143859863,0.08098096400499344,,57,,,
0.2236514389514923,154,,,,16,0.36911213397979736,0.2672896385192871,,58,,,
0.7421461939811707,155,,,,16,0.840641975402832,0.7716949582099915,,59,,,
0.5356705188751221,156,,,,16,0.7087402939796448,0.5875914692878723,,60,,,
0.012854923494160175,157,,,,16,0.12977848947048187,0.04793199524283409,,61,,,
0.3553932309150696,158,,,,16,0.5935234427452087,0.42683231830596924,,62,,,
0.04959689825773239,159,,,,16,0.13894416391849518,0.07640107721090317,,63,,,
0.0008046964649111032,160,,,,16,0.302968293428421,0.09145377576351166,,64,,,
0.29945042729377747,161,,,,16,1.0094542503356934,0.5124515891075134,,65,,,
0.003067552112042904,162,,,,16,0.042756374925374985,0.0149741992354393,,66,,,
0.03665875270962715,163,,,,16,0.06899400800466537,0.04635933041572571,,67,,,
0.03610067069530487,164,,,,16,0.12516258656978607,0.06281924247741699,,68,,,
0.03777020052075386,165,,,,16,0.24152326583862305,0.09889612346887589,,69,,,
0.0024883756414055824,166,,,,16,0.042750146239995956,0.014566907659173012,,70,,,
0.017201049253344536,167,,,,16,0.06924612820148468,0.032814573496580124,,71,,,
0.821846604347229,168,,,,16,0.8087313175201416,0.8179119825363159,,72,,,
0.03355609253048897,169,,,,16,0.1072630062699318,0.055668167769908905,,73,,,
0.05946338176727295,170,,,,16,0.193800151348114,0.09976441413164139,,74,,,
0.05618952959775925,171,,,,16,0.11122157424688339,0.07269914448261261,,75,,,
0.044778693467378616,172,,,,16,0.2310309261083603,0.10065436363220215,,76,,,
0.008764607831835747,173,,,,16,0.10831380635499954,0.03862936794757843,,77,,,
0.3237250745296478,174,,,,16,0.45963940024375916,0.36449939012527466,,78,,,
0.00268277944996953,175,,,,16,0.08329939842224121,0.026867765933275223,,79,,,
0.0115497512742877,176,,,,16,0.05627671256661415,0.024967839941382408,,80,,,
1.6976186037063599,177,,,,16,0.984271764755249,1.4836145639419556,,81,,,
0.24235236644744873,178,,,,16,0.2835904657840729,0.25472378730773926,,82,,,
0.006676746066659689,179,,,,16,0.25370508432388306,0.08078524470329285,,83,,,
0.009500529617071152,180,,,,16,0.04271484911441803,0.019464826211333275,,84,,,
0.2941792607307434,181,,,,16,0.26748189330101013,0.2861700654029846,,85,,,
0.014902456663548946,182,,,,16,0.09128466993570328,0.03781712055206299,,86,,,
0.014835158362984657,183,,,,16,0.062111448496580124,0.029018044471740723,,87,,,
0.061030130833387375,184,,,,16,0.5135838389396667,0.196796253323555,,88,,,
0.007704305928200483,185,,,,16,0.06408270448446274,0.02461782470345497,,89,,,
0.00220853416249156,186,,,,16,0.039557378739118576,0.01341318804770708,,90,,,
0.04041995853185654,187,,,,16,0.10048410296440125,0.05843920260667801,,91,,,
0.5580896139144897,188,,,,16,0.9163894653320312,0.6655795574188232,,92,,,
0.3411189019680023,189,,,,16,0.4110855162143707,0.36210888624191284,,93,,,
0.0045217410661280155,190,,,,16,0.0297612976282835,0.012093608267605305,,94,,,
0.4022248387336731,191,,,,16,0.4742278754711151,0.423825740814209,,95,,,
0.02847534976899624,192,,,,16,0.09879698604345322,0.049571841955184937,,96,,,
0.014154869131743908,193,,,,16,0.06665610522031784,0.02990524098277092,,97,,,
0.02400687150657177,194,,,,16,0.23106400668621063,0.08612401783466339,,98,,,
0.1478196382522583,195,,,,16,0.36998677253723145,0.2144697904586792,,99,,,
0.02458605170249939,196,,,,16,0.22556161880493164,0.08487872779369354,,0,,,
0.3394465744495392,197,,,,16,0.7486119270324707,0.4621961712837219,,1,,,
0.05799643322825432,198,,,,16,0.31837087869644165,0.13610877096652985,,2,,,
0.05033399164676666,199,,,,16,0.1252792775630951,0.07281757891178131,,3,,,
0.017482466995716095,200,,,,16,0.45503851771354675,0.14874929189682007,,4,,,
0.008112811483442783,201,,,,16,0.026361262425780296,0.01358734630048275,,5,,,
0.03399991989135742,202,,,,16,0.06674187630414963,0.043822504580020905,,6,,,
0.056430667638778687,203,,,,16,0.24443940818309784,0.11283329129219055,,7,,,
0.0021708274725824594,204,,,,16,0.16920574009418488,0.05228130519390106,,8,,,
0.031199391931295395,205,,,,16,0.149712935090065,0.06675345450639725,,9,,,
0.10739439725875854,206,,,,16,0.8099244236946106,0.31815341114997864,,10,,,
0.7068907022476196,207,,,,16,0.6779270172119141,0.698201596736908,,11,,,
1.5232131481170654,208,,,,16,1.2827259302139282,1.4510669708251953,,12,,,
0.0009297577198594809,209,,,,16,0.03915278613567352,0.012396667152643204,,13,,,
0.012982605956494808,210,,,,16,0.12441694736480713,0.04641290754079819,,14,,,
1.9480903148651123,211,,,,16,0.6730754375457764,1.5655858516693115,,15,,,
0.0013498490443453193,212,,,,16,0.2799167335033417,0.08491992205381393,,16,,,
0.008953305892646313,213,,,,16,0.0855974331498146,0.03194654360413551,,17,,,
0.005980809684842825,214,,,,16,0.01743961125612259,0.00941845029592514,,18,,,
0.9230236411094666,215,,,,16,0.670361340045929,0.8472249507904053,,19,,,
0.0928381085395813,216,,,,16,0.2861223816871643,0.15082338452339172,,20,,,
0.0493076927959919,217,,,,16,0.09749235957860947,0.0637630969285965,,21,,,
0.0005913416389375925,218,,,,16,0.047443877905607224,0.014647102914750576,,22,,,
0.016543591395020485,219,,,,16,0.07766187191009521,0.03487907350063324,,23,,,
0.3839666545391083,220,,,,16,0.4559554159641266,0.4055632948875427,,24,,,
0.016715118661522865,221,,,,16,0.1878879815340042,0.06806697696447372,,25,,,
0.01957877352833748,222,,,,16,0.164030060172081,0.0629141628742218,,26,,,
0.20968478918075562,223,,,,16,0.26282235980033875,0.22562605142593384,,27,,,
0.00390101526863873,224,,,,16,0.04290083050727844,0.01560095977038145,,28,,,
0.08551682531833649,225,,,,16,0.2958804666996002,0.1486259251832962,,29,,,
0.011362013407051563,226,,,,16,0.0651947557926178,0.02751183696091175,,30,,,
0.005052061751484871,227,,,,16,0.030355682596564293,0.012643148191273212,,31,,,
0.2855341136455536,228,,,,16,0.48659345507621765,0.34585192799568176,,32,,,
0.5164346098899841,229,,,,16,0.5477199554443359,0.525820255279541,,33,,,
0.10857019573450089,230,,,,16,0.162440225481987,0.12473119795322418,,34,,,
0.034968599677085876,231,,,,16,0.07541496306657791,0.047102510929107666,,35,,,
0.5373350977897644,232,,,,16,0.5452572703361511,0.5397117733955383,,36,,,
0.01878308318555355,233,,,,16,0.04240453243255615,0.025869518518447876,,37,,,
0.12403428554534912,234,,,,16,0.23005539178848267,0.15584062039852142,,38,,,
0.03668610379099846,235,,,,16,0.1046031042933464,0.05706120282411575,,39,,,
0.03539293259382248,236,,,,16,0.12251889705657959,0.06153072416782379,,40,,,
0.4879887104034424,237,,,,16,0.8158319592475891,0.5863416790962219,,41,,,
0.010388584807515144,238,,,,16,0.6890055537223816,0.21397368609905243,,42,,,
0.030532922595739365,239,,,,16,0.34953129291534424,0.12623243033885956,,43,,,
0.015603715553879738,240,,,,16,0.09571383148431778,0.039636749774217606,,44,,,
0.0035187015309929848,241,,,,16,0.4008454978466034,0.1227167397737503,,45,,,
0.34337320923805237,242,,,,16,0.3948277533054352,0.35880959033966064,,46,,,
0.2351491004228592,243,,,,16,0.3281385600566864,0.26304593682289124,,47,,,
1.3215943574905396,244,,,,16,0.7947182059288025,1.1635315418243408,,48,,,
0.0021031422074884176,245,,,,16,0.028900442644953728,0.010142332874238491,,49,,,
0.029610738158226013,246,,,,16,0.11658792942762375,0.05570390075445175,,50,,,
0.12839831411838531,247,,,,16,0.21303369104862213,0.15378892421722412,,51,,,
0.3047488033771515,248,,,,16,0.373858779668808,0.3254818022251129,,52,,,
0.39282888174057007,249,,,,16,0.6042110323905945,0.45624351501464844,,53,,,
0.22455227375030518,250,,,,16,0.3950645923614502,0.2757059633731842,,54,,,
0.17146219313144684,251,,,,16,0.25445058941841125,0.19635871052742004,,55,,,
0.0015723258256912231,252,,,,16,0.38875651359558105,0.11772758513689041,,56,,,
0.012193188071250916,253,,,,16,1.426329493522644,0.4364340901374817,,57,,,
0.028986869379878044,254,,,,16,0.22039560973644257,0.08640949428081512,,58,,,
0.002341626212000847,255,,,,16,0.020091548562049866,0.007666603196412325,,59,,,
0.016911113634705544,256,,,,16,0.037469249218702316,0.023078553378582,,60,,,
0.06910231709480286,257,,,,16,0.18957464396953583,0.10524401068687439,,61,,,
0.038533955812454224,258,,,,16,0.17582546174526215,0.07972140610218048,,62,,,
0.03619368374347687,259,,,,16,0.1601553112268448,0.0733821764588356,,63,,,
0.004040531348437071,260,,,,16,0.16651852428913116,0.05278392881155014,,64,,,
0.08709696680307388,261,,,,16,0.24617932736873627,0.13482168316841125,,65,,,
0.814933180809021,262,,,,16,1.1120257377624512,0.904060959815979,,66,,,
0.04682373255491257,263,,,,16,0.09518878906965256,0.061333250254392624,,67,,,
0.11984064429998398,264,,,,16,0.23910307884216309,0.15561938285827637,,68,,,
0.009121060371398926,265,,,,16,0.17732113599777222,0.05958108603954315,,69,,,
0.14703567326068878,266,,,,16,0.3527970314025879,0.20876407623291016,,70,,,
0.017816269770264626,267,,,,16,0.9708438515663147,0.3037245571613312,,71,,,
,,,,,16,,,,72,0.23106202483177185,0.8157894611358643,0.5009332299232483
0.12242880463600159,0,,,,17,0.07336541265249252,0.10770978778600693,,73,,,
1.937501311302185,1,,,,17,0.6756315231323242,1.5589404106140137,,74,,,
0.0034319807309657335,2,,,,17,0.011276849545538425,0.005785441491752863,,75,,,
0.14613182842731476,3,,,,17,0.3555513322353363,0.20895767211914062,,76,,,
0.11724682152271271,4,,,,17,0.1637655645608902,0.13120244443416595,,77,,,
0.009134289808571339,5,,,,17,0.11171671748161316,0.03990902006626129,,78,,,
0.013500109314918518,6,,,,17,0.9381468296051025,0.29089415073394775,,79,,,
0.006123827304691076,7,,,,17,0.04877150431275368,0.018918130546808243,,80,,,
0.09950277209281921,8,,,,17,0.26306986808776855,0.1485728919506073,,81,,,
0.11619719862937927,9,,,,17,0.36983275413513184,0.1922878623008728,,82,,,
0.06452158838510513,10,,,,17,0.13134363293647766,0.08456820249557495,,83,,,
0.14939701557159424,11,,,,17,0.32066869735717773,0.2007785141468048,,84,,,
0.0027160681784152985,12,,,,17,0.11353261023759842,0.035961031913757324,,85,,,
2.267256498336792,13,,,,17,1.4350908994674683,2.017606735229492,,86,,,
1.284988284111023,14,,,,17,1.183108925819397,1.2544244527816772,,87,,,
0.4513542056083679,15,,,,17,0.42854443192481995,0.4445112943649292,,88,,,
0.08209748566150665,16,,,,17,0.18009726703166962,0.1114974170923233,,89,,,
0.004688342101871967,17,,,,17,0.04595780745148659,0.01706918329000473,,90,,,
0.30201447010040283,18,,,,17,0.26937776803970337,0.2922234535217285,,91,,,
0.07347963750362396,19,,,,17,0.4547956883907318,0.1878744661808014,,92,,,
0.003966798074543476,20,,,,17,0.05946734547615051,0.020616963505744934,,93,,,
0.0007596705690957606,21,,,,17,0.10659820586442947,0.032511234283447266,,94,,,
0.006124419625848532,22,,,,17,0.18843185901641846,0.060816653072834015,,95,,,
0.0041209072805941105,23,,,,17,0.04435880854725838,0.016192277893424034,,96,,,
0.2028118222951889,24,,,,17,0.7692806124687195,0.37275248765945435,,97,,,
0.02777552790939808,25,,,,17,0.17494791746139526,0.07192724943161011,,98,,,
0.20481900870800018,26,,,,17,0.6510973572731018,0.338702529668808,,99,,,
0.13423173129558563,27,,,,17,0.3535485565662384,0.20002678036689758,,0,,,
0.0751587375998497,28,,,,17,0.16794420778751373,0.10299438238143921,,1,,,
0.041874028742313385,29,,,,17,0.09260505437850952,0.057093337178230286,,2,,,
0.03968147560954094,30,,,,17,0.07436542212963104,0.05008666217327118,,3,,,
0.018183909356594086,31,,,,17,0.31760725378990173,0.1080109179019928,,4,,,
0.009103694930672646,32,,,,17,0.03007509373128414,0.015395114198327065,,5,,,
0.3107879161834717,33,,,,17,0.6016558408737183,0.3980482816696167,,6,,,
0.0015644703526049852,34,,,,17,0.26879918575286865,0.08173488825559616,,7,,,
0.021529067307710648,35,,,,17,0.08259718865156174,0.039849504828453064,,8,,,
0.032300759106874466,36,,,,17,0.10489396005868912,0.05407872051000595,,9,,,
0.027792571112513542,37,,,,17,0.09019166231155396,0.04651229828596115,,10,,,
0.2320530265569687,38,,,,17,0.2995741367340088,0.2523093521595001,,11,,,
0.9993131160736084,39,,,,17,1.0345203876495361,1.0098752975463867,,12,,,
0.004570395220071077,40,,,,17,0.03623000159859657,0.014068277552723885,,13,,,
0.008424813859164715,41,,,,17,0.0290082935243845,0.014599857851862907,,14,,,
0.02288106083869934,42,,,,17,0.2320690155029297,0.08563745021820068,,15,,,
0.0118370046839118,43,,,,17,0.07456449419260025,0.030655253678560257,,16,,,
0.1047046035528183,44,,,,17,0.4291323721408844,0.2020329385995865,,17,,,
0.17510731518268585,45,,,,17,0.30789950489997864,0.2149449735879898,,18,,,
1.9970383644104004,46,,,,17,1.1968481540679932,1.7569812536239624,,19,,,
0.8431431651115417,47,,,,17,0.8362024426460266,0.8410609364509583,,20,,,
0.07509824633598328,48,,,,17,0.16457413136959076,0.10194101184606552,,21,,,
0.03015417978167534,49,,,,17,0.06037598475813866,0.039220720529556274,,22,,,
0.01900229975581169,50,,,,17,0.12302607297897339,0.05020943284034729,,23,,,
0.05917690694332123,51,,,,17,0.1292133778333664,0.0801878497004509,,24,,,
0.2571062445640564,52,,,,17,0.4129669964313507,0.3038644790649414,,25,,,
0.038501035422086716,53,,,,17,0.167067289352417,0.07707091420888901,,26,,,
0.009612583555281162,54,,,,17,0.21325035393238068,0.0707039162516594,,27,,,
0.005542980972677469,55,,,,17,0.08108934015035629,0.02820689044892788,,28,,,
0.31995248794555664,56,,,,17,0.3460808992385864,0.3277910053730011,,29,,,
0.022917063906788826,57,,,,17,0.0676569864153862,0.03633904084563255,,30,,,
0.04007666930556297,58,,,,17,0.1750968098640442,0.08058270812034607,,31,,,
0.0143351498991251,59,,,,17,0.041475649923086166,0.022477300837635994,,32,,,
0.007011688780039549,60,,,,17,0.17085476219654083,0.056164611130952835,,33,,,
0.1531154364347458,61,,,,17,0.2939198911190033,0.19535677134990692,,34,,,
0.5334979295730591,62,,,,17,0.46165427565574646,0.5119448304176331,,35,,,
1.2812047004699707,63,,,,17,1.064019799232483,1.2160491943359375,,36,,,
0.13940277695655823,64,,,,17,0.3328843116760254,0.19744724035263062,,37,,,
0.034787628799676895,65,,,,17,0.1209096685051918,0.06062424182891846,,38,,,
0.02508014813065529,66,,,,17,0.17719502747058868,0.07071461528539658,,39,,,
0.5578058362007141,67,,,,17,0.44890400767326355,0.5251352787017822,,40,,,
0.409121572971344,68,,,,17,0.602543294429779,0.4671480655670166,,41,,,
0.0700550526380539,69,,,,17,0.4190881550312042,0.1747649908065796,,42,,,
0.04812686890363693,70,,,,17,0.12918749451637268,0.07244505733251572,,43,,,
0.6140057444572449,71,,,,17,0.5143832564353943,0.5841190218925476,,44,,,
0.0029467991553246975,72,,,,17,0.04525051638484001,0.015637915581464767,,45,,,
0.028611596673727036,73,,,,17,0.06732059270143509,0.04022429883480072,,46,,,
0.0017144280718639493,74,,,,17,0.08270401507616043,0.026011306792497635,,47,,,
1.225406527519226,75,,,,17,1.0297660827636719,1.1667144298553467,,48,,,
0.37658578157424927,76,,,,17,0.4385535717010498,0.39517611265182495,,49,,,
1.7872400283813477,77,,,,17,0.9708883762359619,1.5423345565795898,,50,,,
0.003098807530477643,78,,,,17,0.20844300091266632,0.06470206379890442,,51,,,
0.0026945495046675205,79,,,,17,0.042891647666692734,0.014753678813576698,,52,,,
0.22599944472312927,80,,,,17,0.353015273809433,0.2641041874885559,,53,,,
0.6377439498901367,81,,,,17,0.7354747653007507,0.6670631766319275,,54,,,
0.008748890832066536,82,,,,17,0.03355655074119568,0.016191188246011734,,55,,,
0.14148855209350586,83,,,,17,0.46435418725013733,0.23834824562072754,,56,,,
0.1046610102057457,84,,,,17,0.18199263513088226,0.12786050140857697,,57,,,
0.029008060693740845,85,,,,17,0.1844555288553238,0.07564230263233185,,58,,,
0.03674103319644928,86,,,,17,0.12560679018497467,0.0634007602930069,,59,,,
0.007495375815778971,87,,,,17,0.4100314676761627,0.1282562017440796,,60,,,
0.1309574544429779,88,,,,17,0.2777264416217804,0.17498815059661865,,61,,,
0.004980301018804312,89,,,,17,0.09719132632017136,0.03264360874891281,,62,,,
0.07185152173042297,90,,,,17,0.7501330971717834,0.27533599734306335,,63,,,
0.0615449994802475,91,,,,17,0.1330609768629074,0.08299979567527771,,64,,,
0.007983914576470852,92,,,,17,0.025341935455799103,0.013191320933401585,,65,,,
0.33567047119140625,93,,,,17,0.39866018295288086,0.35456740856170654,,66,,,
0.029277261346578598,94,,,,17,0.09250286966562271,0.04824494570493698,,67,,,
0.0030764653347432613,95,,,,17,0.4032379686832428,0.12312491983175278,,68,,,
0.013312973082065582,96,,,,17,0.5367470979690552,0.17034322023391724,,69,,,
0.0015905360924080014,97,,,,17,0.1525631695985794,0.046882327646017075,,70,,,
0.003453127108514309,98,,,,17,0.35109803080558777,0.10774660855531693,,71,,,
0.09971632063388824,99,,,,17,0.1976635456085205,0.1291004866361618,,72,,,
0.1970878690481186,100,,,,17,0.30928316712379456,0.23074646294116974,,73,,,
0.0027299777138978243,101,,,,17,0.04438972473144531,0.015227902680635452,,74,,,
0.030004262924194336,102,,,,17,0.2983221113681793,0.11049962043762207,,75,,,
0.44078049063682556,103,,,,17,0.5665372014045715,0.47850751876831055,,76,,,
0.007362968288362026,104,,,,17,0.5964561104774475,0.18409091234207153,,77,,,
0.09986412525177002,105,,,,17,0.12691286206245422,0.10797874629497528,,78,,,
0.02673938125371933,106,,,,17,0.046643003821372986,0.032710470259189606,,79,,,
0.17596997320652008,107,,,,17,0.5626397132873535,0.2919709086418152,,80,,,
0.011248387396335602,108,,,,17,0.05523386970162392,0.024444032460451126,,81,,,
0.012339558452367783,109,,,,17,0.11298677325248718,0.04253372550010681,,82,,,
0.03648141771554947,110,,,,17,0.06685925275087357,0.04559476673603058,,83,,,
0.10534479469060898,111,,,,17,0.30861663818359375,0.1663263440132141,,84,,,
0.0010889797704294324,112,,,,17,0.056483346968889236,0.01770729012787342,,85,,,
0.027139488607645035,113,,,,17,0.04664118215441704,0.032989997416734695,,86,,,
0.0465618297457695,114,,,,17,0.19967307150363922,0.09249520301818848,,87,,,
0.030707616358995438,115,,,,17,0.07867135107517242,0.0450967401266098,,88,,,
0.006112690083682537,116,,,,17,0.02669248916208744,0.012286629527807236,,89,,,
0.040861666202545166,117,,,,17,0.16369755566120148,0.07771243155002594,,90,,,
0.19831351935863495,118,,,,17,0.5133225321769714,0.2928162217140198,,91,,,
0.05319851264357567,119,,,,17,0.1437588334083557,0.08036661148071289,,92,,,
0.029512131586670876,120,,,,17,0.07371310144662857,0.04277241975069046,,93,,,
0.23198364675045013,121,,,,17,0.39890754222869873,0.28206080198287964,,94,,,
0.04352596774697304,122,,,,17,0.26835766434669495,0.1109754741191864,,95,,,
0.2648305594921112,123,,,,17,0.31445208191871643,0.27971702814102173,,96,,,
0.0038132588379085064,124,,,,17,0.10902348905801773,0.035376328974962234,,97,,,
0.07607114315032959,125,,,,17,0.0965856984257698,0.0822255089879036,,98,,,
0.04833679273724556,126,,,,17,0.25543367862701416,0.11046586185693741,,99,,,
0.0007310817018151283,127,,,,17,0.10912192612886429,0.03324833884835243,,0,,,
1.5556552410125732,128,,,,17,1.39401376247406,1.5071628093719482,,1,,,
0.04293801635503769,129,,,,17,0.1290096789598465,0.06875951588153839,,2,,,
0.4047588109970093,130,,,,17,0.45635178685188293,0.4202367067337036,,3,,,
0.4581659436225891,131,,,,17,0.6299571394920349,0.5097032785415649,,4,,,
0.026259342208504677,132,,,,17,0.18230116367340088,0.07307188957929611,,5,,,
0.008944680914282799,133,,,,17,0.0879351794719696,0.032641831785440445,,6,,,
0.002802256727591157,134,,,,17,0.10249244421720505,0.03270931541919708,,7,,,
0.005358973518013954,135,,,,17,0.02244802564382553,0.010485689155757427,,8,,,
0.06893476098775864,136,,,,17,0.1893441081047058,0.10505756735801697,,9,,,
0.21221184730529785,137,,,,17,0.44106581807136536,0.2808680534362793,,10,,,
0.020679814741015434,138,,,,17,0.06760545819997787,0.03475750982761383,,11,,,
0.947407603263855,139,,,,17,0.89484041929245,0.9316374063491821,,12,,,
0.49572113156318665,140,,,,17,0.4729788303375244,0.48889845609664917,,13,,,
0.06162917613983154,141,,,,17,0.1729031205177307,0.09501136094331741,,14,,,
0.061017680913209915,142,,,,17,0.49561619758605957,0.19139723479747772,,15,,,
0.09381723403930664,143,,,,17,0.4162415564060211,0.19054453074932098,,16,,,
0.406846821308136,144,,,,17,0.6106850504875183,0.46799829602241516,,17,,,
0.015196381136775017,145,,,,17,0.14044545590877533,0.052771102637052536,,18,,,
0.003167494898661971,146,,,,17,0.1491805762052536,0.04697142168879509,,19,,,
0.06654252111911774,147,,,,17,0.7116351127624512,0.2600703239440918,,20,,,
0.09513093531131744,148,,,,17,0.16187727451324463,0.11515483260154724,,21,,,
0.20296286046504974,149,,,,17,0.2919699251651764,0.22966498136520386,,22,,,
0.2779313921928406,150,,,,17,0.3558562994003296,0.30130887031555176,,23,,,
2.273582935333252,151,,,,17,1.461358666419983,2.0299155712127686,,24,,,
1.605279564857483,152,,,,17,1.0498627424240112,1.4386545419692993,,25,,,
0.034867871552705765,153,,,,17,0.125696063041687,0.06211632862687111,,26,,,
0.19282658398151398,154,,,,17,0.6611149907112122,0.33331310749053955,,27,,,
2.6585841178894043,155,,,,17,1.2150789499282837,2.2255325317382812,,28,,,
0.1381012499332428,156,,,,17,0.22456401586532593,0.16404008865356445,,29,,,
0.15118847787380219,157,,,,17,0.28923499584198,0.19260244071483612,,30,,,
0.011624105274677277,158,,,,17,0.020065156742930412,0.014156419783830643,,31,,,
0.053420595824718475,159,,,,17,0.2904336452484131,0.12452451884746552,,32,,,
0.007688454352319241,160,,,,17,0.046921323984861374,0.019458316266536713,,33,,,
0.10629139095544815,161,,,,17,0.5826631188392639,0.2492029070854187,,34,,,
0.04319949820637703,162,,,,17,0.0761144757270813,0.05307399481534958,,35,,,
0.008589820004999638,163,,,,17,0.06679575145244598,0.0260515995323658,,36,,,
2.921241283416748,164,,,,17,1.7114580869674683,2.5583064556121826,,37,,,
0.017742959782481194,165,,,,17,0.07546193152666092,0.035058651119470596,,38,,,
0.05425752326846123,166,,,,17,0.28339242935180664,0.12299799919128418,,39,,,
0.06217207759618759,167,,,,17,0.17307956516742706,0.09544432163238525,,40,,,
0.14023719727993011,168,,,,17,0.5827603340148926,0.27299416065216064,,41,,,
0.14432209730148315,169,,,,17,0.30173254013061523,0.19154523313045502,,42,,,
0.027248656377196312,170,,,,17,0.10925290733575821,0.051849935203790665,,43,,,
0.023640086874365807,171,,,,17,0.07189754396677017,0.03811732307076454,,44,,,
0.5481238961219788,172,,,,17,0.758475124835968,0.6112293004989624,,45,,,
0.0020680485758930445,173,,,,17,0.01799682527780533,0.0068466817028820515,,46,,,
0.018792442977428436,174,,,,17,0.1435423344373703,0.056217409670352936,,47,,,
0.004087190609425306,175,,,,17,0.035452261567115784,0.01349671185016632,,48,,,
0.0014522254932671785,176,,,,17,0.08346021175384521,0.026054622605443,,49,,,
0.16181378066539764,177,,,,17,0.2889057993888855,0.19994138181209564,,50,,,
0.3549484610557556,178,,,,17,0.8162081241607666,0.4933263659477234,,51,,,
0.008372090756893158,179,,,,17,0.07169850170612335,0.027370013296604156,,52,,,
0.09339430183172226,180,,,,17,0.15619410574436188,0.11223424971103668,,53,,,
0.03320824354887009,181,,,,17,0.10943817347288132,0.056077223271131516,,54,,,
0.010557868517935276,182,,,,17,0.028382524847984314,0.015905266627669334,,55,,,
0.00804115179926157,183,,,,17,0.07781348377466202,0.028972851112484932,,56,,,
0.157692551612854,184,,,,17,0.3682436943054199,0.2208578884601593,,57,,,
0.04585804417729378,185,,,,17,0.09780918806791306,0.06144338846206665,,58,,,
0.01311203557997942,186,,,,17,0.10104046016931534,0.03949056565761566,,59,,,
0.01941685751080513,187,,,,17,0.05042507126927376,0.02871932089328766,,60,,,
0.0017203782917931676,188,,,,17,0.02834208495914936,0.0097068902105093,,61,,,
0.06354622542858124,189,,,,17,0.12063942104578018,0.0806741863489151,,62,,,
0.042882174253463745,190,,,,17,0.13267479836940765,0.06981995701789856,,63,,,
1.1344738006591797,191,,,,17,1.0898741483688354,1.1210938692092896,,64,,,
0.3330707550048828,192,,,,17,0.3075781464576721,0.3254229724407196,,65,,,
0.0080542778596282,193,,,,17,0.10949213057756424,0.038485635071992874,,66,,,
0.062243323773145676,194,,,,17,0.11778900772333145,0.07890702784061432,,67,,,
0.025257190689444542,195,,,,17,0.08905092626810074,0.044395312666893005,,68,,,
0.3172391355037689,196,,,,17,0.81728196144104,0.4672519862651825,,69,,,
0.006344652269035578,197,,,,17,0.09752508252859116,0.033698782324790955,,70,,,
0.3581666350364685,198,,,,17,0.2270537167787552,0.31883275508880615,,71,,,
0.0021645228844136,199,,,,17,0.03795938938856125,0.012902983464300632,,72,,,
0.008939837105572224,200,,,,17,0.06420312076807022,0.02551882341504097,,73,,,
0.007821055129170418,201,,,,17,0.0686018094420433,0.02605528198182583,,74,,,
0.0029010374564677477,202,,,,17,0.03682134672999382,0.013077130541205406,,75,,,
0.04367398843169212,203,,,,17,0.15565454959869385,0.07726815342903137,,76,,,
0.011681487783789635,204,,,,17,0.03387735038995743,0.018340246751904488,,77,,,
0.9935368895530701,205,,,,17,0.6546112895011902,0.891859233379364,,78,,,
0.055617209523916245,206,,,,17,0.13915520906448364,0.08067861199378967,,79,,,
0.07280530035495758,207,,,,17,0.33851882815361023,0.1525193601846695,,80,,,
0.010607880540192127,208,,,,17,0.052714187651872635,0.023239774629473686,,81,,,
0.09141401201486588,209,,,,17,0.3835466206073761,0.17905379831790924,,82,,,
0.0153660262003541,210,,,,17,0.06300047785043716,0.029656361788511276,,83,,,
0.19442813098430634,211,,,,17,0.304638534784317,0.22749125957489014,,84,,,
0.00032228996860794723,212,,,,17,0.4753197729587555,0.1428215354681015,,85,,,
0.7230939865112305,213,,,,17,1.1828055381774902,0.8610074520111084,,86,,,
0.7161233425140381,214,,,,17,0.8413175940513611,0.7536816596984863,,87,,,
0.30262988805770874,215,,,,17,0.4561828076839447,0.3486957550048828,,88,,,
0.17760400474071503,216,,,,17,0.2730921804904938,0.20625045895576477,,89,,,
0.028189245611429214,217,,,,17,0.05738605558872223,0.03694828972220421,,90,,,
0.013513986952602863,218,,,,17,0.19788908958435059,0.06882651895284653,,91,,,
0.07611046731472015,219,,,,17,0.2861020267009735,0.13910794258117676,,92,,,
0.18087413907051086,220,,,,17,0.359801322221756,0.2345522940158844,,93,,,
0.12445751577615738,221,,,,17,0.21740110218524933,0.1523405909538269,,94,,,
0.2590084671974182,222,,,,17,0.8741822838783264,0.4435606002807617,,95,,,
0.0127733638510108,223,,,,17,0.23378698527812958,0.07907745242118835,,96,,,
0.9462195038795471,224,,,,17,0.842014491558075,0.9149580001831055,,97,,,
0.02401466853916645,225,,,,17,0.7984717488288879,0.2563517987728119,,98,,,
0.0837300643324852,226,,,,17,0.3363145887851715,0.1595054268836975,,99,,,
1.5342738628387451,227,,,,17,1.0424851179122925,1.3867372274398804,,0,,,
0.008473514579236507,228,,,,17,0.17549647390842438,0.05858040228486061,,1,,,
0.013099681586027145,229,,,,17,0.2657129168510437,0.0888836607336998,,2,,,
0.007216222118586302,230,,,,17,0.058044660836458206,0.022464754059910774,,3,,,
0.013573848642408848,231,,,,17,0.04616384208202362,0.023350846022367477,,4,,,
0.3438214063644409,232,,,,17,0.4693499505519867,0.38147997856140137,,5,,,
0.005482755601406097,233,,,,17,0.03532896935939789,0.01443662028759718,,6,,,
0.011787760071456432,234,,,,17,0.43994101881980896,0.14023374021053314,,7,,,
0.04508163034915924,235,,,,17,0.07217442244291306,0.053209468722343445,,8,,,
0.0810297504067421,236,,,,17,0.2251790314912796,0.12427453696727753,,9,,,
0.03217771649360657,237,,,,17,0.16959048807621002,0.0734015554189682,,10,,,
0.012715219520032406,238,,,,17,0.05271084979176521,0.02471390925347805,,11,,,
0.2664441466331482,239,,,,17,0.3439805507659912,0.2897050678730011,,12,,,
0.056429993361234665,240,,,,17,0.13428938388824463,0.07978781312704086,,13,,,
0.026415973901748657,241,,,,17,0.09010821580886841,0.04552364721894264,,14,,,
1.6877267360687256,242,,,,17,1.0057553052902222,1.4831352233886719,,15,,,
0.02512618526816368,243,,,,17,0.09716999530792236,0.046739328652620316,,16,,,
0.027790367603302002,244,,,,17,0.10623737424612045,0.051324471831321716,,17,,,
0.06252343207597733,245,,,,17,0.13352245092391968,0.08382313698530197,,18,,,
0.0042244247160851955,246,,,,17,0.1611471176147461,0.05130123719573021,,19,,,
0.01972137950360775,247,,,,17,0.22092871367931366,0.08008357882499695,,20,,,
0.15181568264961243,248,,,,17,0.3201029300689697,0.20230185985565186,,21,,,
0.5247110724449158,249,,,,17,0.6651806235313416,0.5668519139289856,,22,,,
0.04390880838036537,250,,,,17,0.23836834728717804,0.10224667191505432,,23,,,
0.001471390132792294,251,,,,17,0.0986325740814209,0.030619747936725616,,24,,,
0.4491342306137085,252,,,,17,0.5435053706169128,0.4774456024169922,,25,,,
1.1672849655151367,253,,,,17,1.1346971988677979,1.1575086116790771,,26,,,
0.13815876841545105,254,,,,17,0.17255651950836182,0.14847809076309204,,27,,,
0.0004462200158741325,255,,,,17,0.008592347614467144,0.0028900583274662495,,28,,,
0.012545830570161343,256,,,,17,0.04498124495148659,0.02227645553648472,,29,,,
0.30110740661621094,257,,,,17,0.3154996931552887,0.30542510747909546,,30,,,
0.012650363147258759,258,,,,17,0.05667610093951225,0.025858085602521896,,31,,,
0.1346748322248459,259,,,,17,0.19540554285049438,0.1528940498828888,,32,,,
0.0005634627304971218,260,,,,17,0.28955236077308655,0.08726013451814651,,33,,,
0.02395310252904892,261,,,,17,0.12892042100429535,0.05544330179691315,,34,,,
0.03170293569564819,262,,,,17,0.07780120521783829,0.04553242027759552,,35,,,
0.11794684082269669,263,,,,17,0.30746349692344666,0.17480184137821198,,36,,,
0.002604427980259061,264,,,,17,0.02007041871547699,0.007844225503504276,,37,,,
0.035494644194841385,265,,,,17,0.082255519926548,0.04952290654182434,,38,,,
0.13063614070415497,266,,,,17,0.28916189074516296,0.1781938672065735,,39,,,
0.26919320225715637,267,,,,17,1.010414481163025,0.49155962467193604,,40,,,
,,,,,17,,,,41,0.24526135623455048,0.8421052694320679,0.6312711834907532
0.004275467246770859,0,,,,18,0.03801083192229271,0.014396077021956444,,42,,,
0.03820229321718216,1,,,,18,0.09857302904129028,0.056313514709472656,,43,,,
0.16566066443920135,2,,,,18,0.5357828140258789,0.2766973078250885,,44,,,
0.17562100291252136,3,,,,18,0.2701433002948761,0.20397768914699554,,45,,,
0.10153927654027939,4,,,,18,0.3735959529876709,0.18315628170967102,,46,,,
0.31391146779060364,5,,,,18,0.354256272315979,0.326014906167984,,47,,,
0.08170943707227707,6,,,,18,0.2596417963504791,0.13508914411067963,,48,,,
0.019630908966064453,7,,,,18,0.026126420125365257,0.02157956175506115,,49,,,
0.016548046842217445,8,,,,18,0.03965882584452629,0.023481281474232674,,50,,,
0.01752592623233795,9,,,,18,0.08944187313318253,0.03910071402788162,,51,,,
0.016976162791252136,10,,,,18,0.06723016500473022,0.03205236420035362,,52,,,
0.1674460470676422,11,,,,18,0.45146360993385315,0.25265130400657654,,53,,,
1.1280488967895508,12,,,,18,0.9654627442359924,1.0792731046676636,,54,,,
0.03388848900794983,13,,,,18,0.29833856225013733,0.11322351545095444,,55,,,
0.016194935888051987,14,,,,18,0.2095714658498764,0.07420789450407028,,56,,,
0.09932328015565872,15,,,,18,0.10688812285661697,0.10159273445606232,,57,,,
0.07664280384778976,16,,,,18,0.19968771934509277,0.11355628073215485,,58,,,
0.0006519814487546682,17,,,,18,0.00933835282921791,0.003257892793044448,,59,,,
0.06450650095939636,18,,,,18,0.15717795491218567,0.0923079401254654,,60,,,
0.08218105137348175,19,,,,18,0.15682047605514526,0.10457287728786469,,61,,,
0.09319731593132019,20,,,,18,0.3710348308086395,0.176548570394516,,62,,,
0.01854509487748146,21,,,,18,0.03902063146233559,0.0246877558529377,,63,,,
0.04942229390144348,22,,,,18,0.11762305349111557,0.06988252699375153,,64,,,
0.12559440732002258,23,,,,18,0.2196286916732788,0.1538046896457672,,65,,,
0.3103094696998596,24,,,,18,0.7941856384277344,0.45547232031822205,,66,,,
0.002185577293857932,25,,,,18,0.043302278965711594,0.014520588330924511,,67,,,
0.30728256702423096,26,,,,18,0.5383301377296448,0.3765968680381775,,68,,,
0.407783180475235,27,,,,18,0.9905815124511719,0.5826226472854614,,69,,,
0.07778427749872208,28,,,,18,0.14449022710323334,0.09779606014490128,,70,,,
0.07968857139348984,29,,,,18,0.24188978970050812,0.1283489465713501,,71,,,
0.7441027164459229,30,,,,18,0.7684404850006104,0.7514040470123291,,72,,,
0.6484995484352112,31,,,,18,0.5156102776527405,0.6086328029632568,,73,,,
0.012857159599661827,32,,,,18,0.14352579414844513,0.05205775052309036,,74,,,
1.196150779724121,33,,,,18,1.1077138185501099,1.1696196794509888,,75,,,
0.4477022886276245,34,,,,18,0.44459787011146545,0.44677096605300903,,76,,,
0.027964381501078606,35,,,,18,0.6200441122055054,0.20558831095695496,,77,,,
0.012572200037539005,36,,,,18,0.0443393774330616,0.0221023540943861,,78,,,
0.03450804203748703,37,,,,18,0.38908275961875916,0.14088046550750732,,79,,,
0.041810352355241776,38,,,,18,0.15855252742767334,0.07683300971984863,,80,,,
0.02597225271165371,39,,,,18,0.05933753773570061,0.03598184138536453,,81,,,
0.009182957001030445,40,,,,18,0.11279819160699844,0.04026753082871437,,82,,,
0.38562867045402527,41,,,,18,0.7145580649375916,0.48430752754211426,,83,,,
0.01002113614231348,42,,,,18,0.03327581658959389,0.01699754036962986,,84,,,
0.0015160269103944302,43,,,,18,0.12937922775745392,0.03987498953938484,,85,,,
0.0767013281583786,44,,,,18,0.49193868041038513,0.20127253234386444,,86,,,
0.08650533109903336,45,,,,18,0.9855546951293945,0.35622015595436096,,87,,,
0.010760852135717869,46,,,,18,0.05917693302035332,0.02528567798435688,,88,,,
0.07666091620922089,47,,,,18,0.13006974756717682,0.0926835685968399,,89,,,
0.43715324997901917,48,,,,18,0.4325186312198639,0.435762882232666,,90,,,
2.5962486267089844,49,,,,18,1.4967838525772095,2.266409158706665,,91,,,
0.8753482103347778,50,,,,18,0.7422803044319153,0.8354278206825256,,92,,,
0.024325590580701828,51,,,,18,0.054341647773981094,0.03333040699362755,,93,,,
0.03864647448062897,52,,,,18,0.15212459862232208,0.07268991321325302,,94,,,
0.010080970823764801,53,,,,18,0.06734272837638855,0.027259498834609985,,95,,,
0.0036897454410791397,54,,,,18,0.037338919937610626,0.0137844979763031,,96,,,
0.04483545944094658,55,,,,18,0.6681816577911377,0.23183932900428772,,97,,,
0.12865851819515228,56,,,,18,0.18492817878723145,0.14553941786289215,,98,,,
0.02009310945868492,57,,,,18,0.07792671769857407,0.037443190813064575,,99,,,
0.3092828094959259,58,,,,18,0.4912714958190918,0.36387941241264343,,0,,,
0.0051290360279381275,59,,,,18,0.03689345717430115,0.014658362604677677,,1,,,
0.049853239208459854,60,,,,18,0.10000170022249222,0.06489777565002441,,2,,,
0.23467473685741425,61,,,,18,0.2689746022224426,0.24496468901634216,,3,,,
0.0010122895473614335,62,,,,18,0.017930906265974045,0.006087874993681908,,4,,,
0.16584832966327667,63,,,,18,0.31251904368400574,0.2098495364189148,,5,,,
0.03264846280217171,64,,,,18,0.1391456574201584,0.06459762156009674,,6,,,
0.007403556257486343,65,,,,18,0.4501549303531647,0.1402289718389511,,7,,,
0.0834612101316452,66,,,,18,0.19615291059017181,0.11726871877908707,,8,,,
0.06364499777555466,67,,,,18,0.5028370022773743,0.195402592420578,,9,,,
0.33768656849861145,68,,,,18,0.566594660282135,0.4063590168952942,,10,,,
0.002815927378833294,69,,,,18,0.4113488495349884,0.12537580728530884,,11,,,
0.00727172801271081,70,,,,18,0.03212406486272812,0.014727429486811161,,12,,,
0.9607635736465454,71,,,,18,0.7510342001914978,0.8978447318077087,,13,,,
0.37773624062538147,72,,,,18,0.4389280378818512,0.39609378576278687,,14,,,
0.01379221212118864,73,,,,18,0.058951545506715775,0.027340011671185493,,15,,,
0.049903254956007004,74,,,,18,0.31138554215431213,0.12834793329238892,,16,,,
0.04014183208346367,75,,,,18,0.11856647580862045,0.06366922706365585,,17,,,
0.4942065477371216,76,,,,18,0.8935640454292297,0.6140137910842896,,18,,,
0.11343447864055634,77,,,,18,0.24051696062088013,0.15155921876430511,,19,,,
0.09689875692129135,78,,,,18,0.5645013451576233,0.23717954754829407,,20,,,
0.3790550231933594,79,,,,18,0.49563339352607727,0.414028525352478,,21,,,
0.08535440266132355,80,,,,18,0.4712223708629608,0.20111480355262756,,22,,,
0.3392089307308197,81,,,,18,0.6827718615531921,0.44227781891822815,,23,,,
0.006807113531976938,82,,,,18,0.09516323357820511,0.033313948661088943,,24,,,
0.006705875974148512,83,,,,18,0.032411545515060425,0.014417577534914017,,25,,,
0.42983561754226685,84,,,,18,0.4436902105808258,0.4339919984340668,,26,,,
0.6005608439445496,85,,,,18,0.4543136656284332,0.5566866993904114,,27,,,
0.02039240300655365,86,,,,18,0.08416341990232468,0.03952370956540108,,28,,,
0.11763467639684677,87,,,,18,0.42543327808380127,0.2099742591381073,,29,,,
0.02349722385406494,88,,,,18,0.22222547233104706,0.08311570435762405,,30,,,
0.007378114853054285,89,,,,18,0.03655495494604111,0.016131168231368065,,31,,,
0.011771737597882748,90,,,,18,0.389462947845459,0.12507911026477814,,32,,,
0.04377063736319542,91,,,,18,0.2016061693429947,0.09112130105495453,,33,,,
0.4429023265838623,92,,,,18,0.557452380657196,0.477267324924469,,34,,,
0.004329830873757601,93,,,,18,0.0549231618642807,0.01950783096253872,,35,,,
0.022000188007950783,94,,,,18,0.1503472477197647,0.060504306107759476,,36,,,
0.008115767501294613,95,,,,18,0.23653356730937958,0.07664111256599426,,37,,,
0.026942240074276924,96,,,,18,0.05821778252720833,0.03632490336894989,,38,,,
0.0007326302584260702,97,,,,18,0.4658443033695221,0.14026613533496857,,39,,,
0.2846248149871826,98,,,,18,0.36893102526664734,0.3099166750907898,,40,,,
0.03755724057555199,99,,,,18,0.14183805882930756,0.06884148716926575,,41,,,
0.019822126254439354,100,,,,18,0.08976951986551285,0.04080634564161301,,42,,,
0.3333819806575775,101,,,,18,0.41719719767570496,0.3585265278816223,,43,,,
0.15966211259365082,102,,,,18,0.14708252251148224,0.15588822960853577,,44,,,
0.03249384090304375,103,,,,18,0.04871312901377678,0.03735962510108948,,45,,,
0.005757415201514959,104,,,,18,0.03587881848216057,0.014793836511671543,,46,,,
0.008591356687247753,105,,,,18,0.06397973746061325,0.025207869708538055,,47,,,
0.010219980962574482,106,,,,18,0.13551875948905945,0.04780961573123932,,48,,,
0.32790303230285645,107,,,,18,0.2914819121360779,0.3169766962528229,,49,,,
0.008448455482721329,108,,,,18,1.5405291318893433,0.46807268261909485,,50,,,
0.08915047347545624,109,,,,18,0.1528933197259903,0.10827332735061646,,51,,,
0.09500616788864136,110,,,,18,0.626947820186615,0.25458866357803345,,52,,,
0.015840526670217514,111,,,,18,0.05764622613787651,0.028382238000631332,,53,,,
0.24092166125774384,112,,,,18,0.9648899435997009,0.4581121802330017,,54,,,
0.005603320896625519,113,,,,18,0.19485251605510712,0.06237808242440224,,55,,,
0.10790445655584335,114,,,,18,0.3217581510543823,0.17206057906150818,,56,,,
0.003351073944941163,115,,,,18,0.0214900653809309,0.008792771957814693,,57,,,
0.013074973598122597,116,,,,18,0.21147067844867706,0.07259368896484375,,58,,,
0.007119760848581791,117,,,,18,0.025946220383048058,0.012767698615789413,,59,,,
0.011573436670005322,118,,,,18,0.02724681980907917,0.016275450587272644,,60,,,
0.0015830377815291286,119,,,,18,0.22041411697864532,0.06723236292600632,,61,,,
0.01818414404988289,120,,,,18,0.17638152837753296,0.06564336270093918,,62,,,
0.10590437054634094,121,,,,18,0.20518018305301666,0.13568711280822754,,63,,,
0.025424674153327942,122,,,,18,0.0433940552175045,0.03081548772752285,,64,,,
0.2221020758152008,123,,,,18,0.39795589447021484,0.2748582065105438,,65,,,
0.044529713690280914,124,,,,18,0.18551437556743622,0.08682511001825333,,66,,,
0.04469969868659973,125,,,,18,0.1387467086315155,0.07291380316019058,,67,,,
0.01837236061692238,126,,,,18,0.04662979766726494,0.026849592104554176,,68,,,
0.0021649987902492285,127,,,,18,0.1523546427488327,0.047221895307302475,,69,,,
0.012035135179758072,128,,,,18,0.07117293030023575,0.029776472598314285,,70,,,
0.10870397090911865,129,,,,18,0.20909541845321655,0.13882140815258026,,71,,,
0.07765159010887146,130,,,,18,0.20309537649154663,0.11528472602367401,,72,,,
0.03546484187245369,131,,,,18,0.0818314403295517,0.04937482252717018,,73,,,
0.05680296942591667,132,,,,18,0.10965319722890854,0.07265803962945938,,74,,,
0.07407370954751968,133,,,,18,0.16364572942256927,0.10094531625509262,,75,,,
0.010615665465593338,134,,,,18,0.3859383761882782,0.12321247905492783,,76,,,
0.02681621164083481,135,,,,18,0.07749463617801666,0.042019739747047424,,77,,,
0.05864575505256653,136,,,,18,0.1254764348268509,0.07869496196508408,,78,,,
0.012116638012230396,137,,,,18,0.9707233309745789,0.2996986508369446,,79,,,
0.0044113704934716225,138,,,,18,0.05287093296647072,0.018949240446090698,,80,,,
0.047745414078235626,139,,,,18,0.08926557749509811,0.06020146235823631,,81,,,
1.1435950994491577,140,,,,18,0.9666502475738525,1.0905115604400635,,82,,,
1.1861637830734253,141,,,,18,0.8453280329704285,1.0839130878448486,,83,,,
0.02892259694635868,142,,,,18,0.07882938534021378,0.043894633650779724,,84,,,
0.014161803759634495,143,,,,18,0.04339274764060974,0.022931087762117386,,85,,,
0.8477351665496826,144,,,,18,1.2086195945739746,0.9560005068778992,,86,,,
0.01408152561634779,145,,,,18,0.026006728410720825,0.017659086734056473,,87,,,
0.015709571540355682,146,,,,18,0.18959397077560425,0.06787489354610443,,88,,,
0.2608017325401306,147,,,,18,0.8459669947624207,0.43635129928588867,,89,,,
0.01731692999601364,148,,,,18,0.15184922516345978,0.05767662078142166,,90,,,
0.7065580487251282,149,,,,18,1.0325499773025513,0.8043556213378906,,91,,,
0.01793278194963932,150,,,,18,0.4454965591430664,0.14620192348957062,,92,,,
0.13838841021060944,151,,,,18,0.34750375151634216,0.20112301409244537,,93,,,
0.03148544579744339,152,,,,18,0.2037229984998703,0.08315671235322952,,94,,,
0.16811008751392365,153,,,,18,0.6904279589653015,0.32480543851852417,,95,,,
0.08495721966028214,154,,,,18,0.09815612435340881,0.08891689032316208,,96,,,
0.00393260084092617,155,,,,18,0.3973787724971771,0.12196645140647888,,97,,,
0.26635801792144775,156,,,,18,0.329363077878952,0.28525954484939575,,98,,,
0.0036185993812978268,157,,,,18,0.17302115261554718,0.05443936586380005,,99,,,
0.2753547132015228,158,,,,18,0.5398032665252686,0.3546893000602722,,0,,,
0.03087707795202732,159,,,,18,0.13495264947414398,0.062099747359752655,,1,,,
0.5713049173355103,160,,,,18,0.5034245252609253,0.5509408116340637,,2,,,
0.0019145745318382978,161,,,,18,0.05139071121811867,0.016757415607571602,,3,,,
0.012314831838011742,162,,,,18,0.22026021778583527,0.07469844818115234,,4,,,
0.06985830515623093,163,,,,18,0.34705960750579834,0.15301869809627533,,5,,,
0.5248079299926758,164,,,,18,0.7157815098762512,0.5821000337600708,,6,,,
0.005070209037512541,165,,,,18,0.06792541593313217,0.02392677031457424,,7,,,
0.081674724817276,166,,,,18,0.27776840329170227,0.14050284028053284,,8,,,
0.003572631161659956,167,,,,18,0.023046834394335747,0.00941489264369011,,9,,,
0.00025567124248482287,168,,,,18,0.24283349514007568,0.07302901893854141,,10,,,
0.0003110878460574895,169,,,,18,0.2058919221162796,0.06198533996939659,,11,,,
0.041908327490091324,170,,,,18,0.4600858986377716,0.16736160218715668,,12,,,
0.0950588509440422,171,,,,18,0.19547061622142792,0.1251823902130127,,13,,,
0.002539031207561493,172,,,,18,0.08119145780801773,0.026134759187698364,,14,,,
0.1211915835738182,173,,,,18,0.3724166452884674,0.1965591013431549,,15,,,
0.13369184732437134,174,,,,18,0.17387646436691284,0.14574722945690155,,16,,,
0.04360220581293106,175,,,,18,0.05742773041129112,0.04774986207485199,,17,,,
0.004476170055568218,176,,,,18,0.24075102806091309,0.07535862922668457,,18,,,
0.24009360373020172,177,,,,18,0.347042441368103,0.2721782624721527,,19,,,
0.41036513447761536,178,,,,18,0.9680898785591125,0.5776825547218323,,20,,,
0.013935056515038013,179,,,,18,0.054880376905202866,0.026218652725219727,,21,,,
0.006005457136780024,180,,,,18,0.18507128953933716,0.05972520634531975,,22,,,
0.0005569098866544664,181,,,,18,0.06056972220540047,0.018560754135251045,,23,,,
0.0016070796409621835,182,,,,18,0.10013976693153381,0.031166886910796165,,24,,,
1.643049955368042,183,,,,18,0.516817033290863,1.3051800727844238,,25,,,
1.065654993057251,184,,,,18,1.077426791191101,1.0691865682601929,,26,,,
0.07243070751428604,185,,,,18,0.12486588209867477,0.08816125988960266,,27,,,
0.4543055593967438,186,,,,18,0.3266606032848358,0.4160120487213135,,28,,,
0.23775829374790192,187,,,,18,0.3844987452030182,0.2817804217338562,,29,,,
0.0021211046259850264,188,,,,18,0.32978370785713196,0.10041989386081696,,30,,,
0.035403285175561905,189,,,,18,0.0776873454451561,0.04808850586414337,,31,,,
0.051658716052770615,190,,,,18,0.1139429435133934,0.0703439861536026,,32,,,
1.2742702960968018,191,,,,18,1.1428885459899902,1.2348557710647583,,33,,,
0.0547756627202034,192,,,,18,0.13373981416225433,0.07846491038799286,,34,,,
2.840986728668213,193,,,,18,1.3529890775680542,2.394587516784668,,35,,,
0.206679567694664,194,,,,18,0.3797649145126343,0.2586051821708679,,36,,,
0.016587091609835625,195,,,,18,0.03871344029903412,0.023224996402859688,,37,,,
1.3341394662857056,196,,,,18,1.144027829170227,1.2771060466766357,,38,,,
1.039785385131836,197,,,,18,0.8937792181968689,0.9959836006164551,,39,,,
0.016046665608882904,198,,,,18,0.2996106445789337,0.10111586004495621,,40,,,
0.04215407744050026,199,,,,18,0.10839816182851791,0.062027301639318466,,41,,,
0.126720130443573,200,,,,18,0.24544592201709747,0.16233786940574646,,42,,,
0.020806150510907173,201,,,,18,0.16019991040229797,0.06262427568435669,,43,,,
0.2932015657424927,202,,,,18,0.7715681195259094,0.43671154975891113,,44,,,
0.004202107898890972,203,,,,18,0.029003379866480827,0.011642489582300186,,45,,,
0.14581051468849182,204,,,,18,0.24427247047424316,0.17534910142421722,,46,,,
0.005483941175043583,205,,,,18,0.021655233576893806,0.010335328988730907,,47,,,
0.00037305548903532326,206,,,,18,0.45997145771980286,0.13825258612632751,,48,,,
0.004423238802701235,207,,,,18,0.42566218972206116,0.1307949274778366,,49,,,
1.2021733522415161,208,,,,18,0.8117804527282715,1.0850554704666138,,50,,,
0.023961598053574562,209,,,,18,0.059144992381334305,0.03451661765575409,,51,,,
0.007742987480014563,210,,,,18,0.10117831081151962,0.035773586481809616,,52,,,
0.009109956212341785,211,,,,18,0.38856491446495056,0.12294644862413406,,53,,,
0.11262063682079315,212,,,,18,0.3283975422382355,0.17735370993614197,,54,,,
0.012190244160592556,213,,,,18,0.07874593138694763,0.03215695172548294,,55,,,
0.00481991795822978,214,,,,18,0.01572134532034397,0.008090346120297909,,56,,,
0.06581493467092514,215,,,,18,0.17865705490112305,0.09966757148504257,,57,,,
0.015755338594317436,216,,,,18,0.47184374928474426,0.15258187055587769,,58,,,
0.06507208198308945,217,,,,18,0.3210763931274414,0.14187338948249817,,59,,,
0.019529208540916443,218,,,,18,0.061471909284591675,0.03211201727390289,,60,,,
0.06313870847225189,219,,,,18,0.2130538821220398,0.10811325907707214,,61,,,
0.029680870473384857,220,,,,18,0.070448137819767,0.0419110506772995,,62,,,
0.047303326427936554,221,,,,18,0.10759305208921432,0.06539024412631989,,63,,,
0.007805087603628635,222,,,,18,0.03138315677642822,0.014878508634865284,,64,,,
0.07923858612775803,223,,,,18,0.41846945881843567,0.18100784718990326,,65,,,
0.09096959233283997,224,,,,18,0.2826542258262634,0.14847499132156372,,66,,,
2.9878814220428467,225,,,,18,1.252895712852478,2.467385768890381,,67,,,
0.029994430020451546,226,,,,18,0.0536547489464283,0.037092529237270355,,68,,,
0.05003230273723602,227,,,,18,0.11062458157539368,0.06820999085903168,,69,,,
0.14035603404045105,228,,,,18,0.30003491044044495,0.18825969099998474,,70,,,
0.010501482523977757,229,,,,18,0.15019263327121735,0.05240882933139801,,71,,,
0.3434504270553589,230,,,,18,0.7960084080696106,0.4792178273200989,,72,,,
0.001149589428678155,231,,,,18,0.09283486753702164,0.028655175119638443,,73,,,
0.02118961699306965,232,,,,18,0.09325295686721802,0.04280862212181091,,74,,,
0.002587781986221671,233,,,,18,0.02384144254028797,0.008963880129158497,,75,,,
0.0027285509277135134,234,,,,18,0.03115227073431015,0.011255666613578796,,76,,,
0.0074256835505366325,235,,,,18,0.0682692751288414,0.025678761303424835,,77,,,
0.24715617299079895,236,,,,18,0.3021436631679535,0.26365241408348083,,78,,,
0.11227963119745255,237,,,,18,0.2710309326648712,0.15990501642227173,,79,,,
0.019252341240644455,238,,,,18,0.20652765035629272,0.07543493807315826,,80,,,
0.05630582198500633,239,,,,18,0.13256444036960602,0.07918340712785721,,81,,,
0.039374031126499176,240,,,,18,0.1349235624074936,0.06803889572620392,,82,,,
0.06587989628314972,241,,,,18,0.31528517603874207,0.14070148766040802,,83,,,
0.3656061291694641,242,,,,18,0.3622855842113495,0.364609956741333,,84,,,
0.04759310930967331,243,,,,18,0.15573641657829285,0.08003610372543335,,85,,,
0.02771013230085373,244,,,,18,0.30466964840888977,0.11079799383878708,,86,,,
0.2939039468765259,245,,,,18,0.7523344159126282,0.4314330816268921,,87,,,
0.005790838971734047,246,,,,18,0.0841192677617073,0.0292893685400486,,88,,,
0.011262886226177216,247,,,,18,0.047794219106435776,0.022222286090254784,,89,,,
0.29005661606788635,248,,,,18,0.45578208565711975,0.3397742509841919,,90,,,
0.058096662163734436,249,,,,18,0.11559876799583435,0.07534729689359665,,91,,,
0.008806319907307625,250,,,,18,0.05249733105301857,0.021913623437285423,,92,,,
0.008267346769571304,251,,,,18,0.024565717205405235,0.013156857341527939,,93,,,
0.0008055302896536887,252,,,,18,0.10140261799097061,0.030984656885266304,,94,,,
0.0285909753292799,253,,,,18,0.07413125783205032,0.04225306212902069,,95,,,
0.03542745113372803,254,,,,18,0.5998544096946716,0.20475554466247559,,96,,,
0.06093412637710571,255,,,,18,0.16028349101543427,0.0907389372587204,,97,,,
0.011716952547430992,256,,,,18,0.09161499887704849,0.03568636626005173,,98,,,
0.24896152317523956,257,,,,18,0.4243713915348053,0.30158448219299316,,99,,,
0.11871455609798431,258,,,,18,0.1905905157327652,0.14027734100818634,,0,,,
0.8701841831207275,259,,,,18,1.1092931032180786,0.941916823387146,,1,,,
0.25613921880722046,260,,,,18,0.2785036265850067,0.26284855604171753,,2,,,
0.15013881027698517,261,,,,18,0.3020879328250885,0.1957235485315323,,3,,,
0.0033811326138675213,262,,,,18,0.0948040783405304,0.030808016657829285,,4,,,
0.00941633339971304,263,,,,18,0.10452686995267868,0.037949495017528534,,5,,,
0.007519749458879232,264,,,,18,0.019675424322485924,0.011166451498866081,,6,,,
0.0125464191660285,265,,,,18,0.07796743512153625,0.03217272460460663,,7,,,
0.022030973806977272,266,,,,18,0.17242853343486786,0.06715024262666702,,8,,,
0.004710529465228319,267,,,,18,0.038132939487695694,0.014737253077328205,,9,,,
,,,,,18,,,,10,0.21800710260868073,0.8157894611358643,0.5474973320960999
0.00021336186910048127,0,,,,19,0.4537999927997589,0.13628935813903809,,11,,,
0.0023916945792734623,1,,,,19,0.026325484737753868,0.009571832604706287,,12,,,
0.00627594580873847,2,,,,19,0.027385585010051727,0.012608838267624378,,13,,,
0.022631460800766945,3,,,,19,0.05390321835875511,0.03201298788189888,,14,,,
0.009472189471125603,4,,,,19,0.05600495636463165,0.023432020097970963,,15,,,
0.000539634027518332,5,,,,19,0.5837696194648743,0.17550863325595856,,16,,,
0.008573864586651325,6,,,,19,0.04499225690960884,0.019499383866786957,,17,,,
0.03452439606189728,7,,,,19,0.13885653018951416,0.06582403928041458,,18,,,
0.18956340849399567,8,,,,19,0.509371280670166,0.2855057716369629,,19,,,
0.11075247824192047,9,,,,19,0.16374571621418,0.12665045261383057,,20,,,
0.005685586482286453,10,,,,19,0.017984842881560326,0.00937536358833313,,21,,,
0.013010846450924873,11,,,,19,0.27745094895362854,0.09234287589788437,,22,,,
0.05968857184052467,12,,,,19,0.46483585238456726,0.181232750415802,,23,,,
0.005972870625555515,13,,,,19,0.09366600960493088,0.0322808139026165,,24,,,
0.0027488800697028637,14,,,,19,0.3616783916950226,0.11042773723602295,,25,,,
0.18936525285243988,15,,,,19,0.44130560755729675,0.2649473547935486,,26,,,
0.00996767170727253,16,,,,19,0.04574340954422951,0.020700393244624138,,27,,,
0.0017213303362950683,17,,,,19,0.03172425925731659,0.010722209699451923,,28,,,
1.2586803436279297,18,,,,19,1.223140835762024,1.248018503189087,,29,,,
1.6306722164154053,19,,,,19,1.189231038093567,1.4982398748397827,,30,,,
0.025145597755908966,20,,,,19,0.17571814358234406,0.07031736522912979,,31,,,
2.0713675022125244,21,,,,19,1.1707156896591187,1.8011720180511475,,32,,,
0.1830548644065857,22,,,,19,0.23393405973911285,0.19831863045692444,,33,,,
0.02849157154560089,23,,,,19,0.06494639813899994,0.039428018033504486,,34,,,
0.006922902539372444,24,,,,19,0.03682359308004379,0.015893109142780304,,35,,,
0.08700933307409286,25,,,,19,0.1231907531619072,0.09786376357078552,,36,,,
0.0003819928097072989,26,,,,19,1.0122822523117065,0.30395206809043884,,37,,,
0.14480480551719666,27,,,,19,0.2007654756307602,0.1615930050611496,,38,,,
0.3225518465042114,28,,,,19,0.4100966453552246,0.34881529211997986,,39,,,
0.016759078949689865,29,,,,19,0.06138187646865845,0.03014592081308365,,40,,,
0.012120288796722889,30,,,,19,0.7854376435279846,0.24411550164222717,,41,,,
0.0037537605967372656,31,,,,19,0.032229743897914886,0.012296556495130062,,42,,,
0.0021244355011731386,32,,,,19,0.18322663009166718,0.056455098092556,,43,,,
1.05668044090271,33,,,,19,0.924389660358429,1.0169931650161743,,44,,,
0.1371111422777176,34,,,,19,0.306694358587265,0.1879861056804657,,45,,,
0.020411793142557144,35,,,,19,0.11618847399950027,0.04914479702711105,,46,,,
0.0011149387573823333,36,,,,19,0.04157440364360809,0.013252777978777885,,47,,,
0.3340149521827698,37,,,,19,0.4126529395580292,0.35760635137557983,,48,,,
0.005316523835062981,38,,,,19,0.558010995388031,0.1711248755455017,,49,,,
0.016215110197663307,39,,,,19,0.034961115568876266,0.02183891087770462,,50,,,
0.015157986432313919,40,,,,19,0.04423895105719566,0.023882277309894562,,51,,,
0.018245715647935867,41,,,,19,0.07493046671152115,0.03525114059448242,,52,,,
0.785137414932251,42,,,,19,0.6877343654632568,0.7559164762496948,,53,,,
0.039733029901981354,43,,,,19,0.0890844538807869,0.054538458585739136,,54,,,
1.800048828125,44,,,,19,1.213028907775879,1.6239428520202637,,55,,,
0.2607540786266327,45,,,,19,0.41388341784477234,0.306692898273468,,56,,,
0.04186397045850754,46,,,,19,0.11477067321538925,0.06373598426580429,,57,,,
0.3764548897743225,47,,,,19,0.4464068114757538,0.39744049310684204,,58,,,
0.3044414818286896,48,,,,19,0.48021993041038513,0.3571750223636627,,59,,,
0.005189638584852219,49,,,,19,0.014591815881431103,0.008010291494429111,,60,,,
0.13133417069911957,50,,,,19,0.19973288476467133,0.1518537849187851,,61,,,
0.05316098406910896,51,,,,19,0.13178688287734985,0.07674875855445862,,62,,,
0.0084653589874506,52,,,,19,0.08991742134094238,0.03290097787976265,,63,,,
0.040683016180992126,53,,,,19,0.0850704088807106,0.05399923399090767,,64,,,
0.3134569227695465,54,,,,19,1.0801445245742798,0.5434632301330566,,65,,,
0.05917207524180412,55,,,,19,0.14718575775623322,0.08557617664337158,,66,,,
0.25951722264289856,56,,,,19,0.5089009404182434,0.33433234691619873,,67,,,
0.011419175192713737,57,,,,19,0.0463634729385376,0.02190246433019638,,68,,,
0.0212218277156353,58,,,,19,0.1506706327199936,0.06005647033452988,,69,,,
0.008641940541565418,59,,,,19,0.3106604516506195,0.09924749284982681,,70,,,
0.031237289309501648,60,,,,19,0.24139094352722168,0.09428338706493378,,71,,,
0.12731510400772095,61,,,,19,0.3429145812988281,0.19199495017528534,,72,,,
0.2613103985786438,62,,,,19,0.42655420303344727,0.3108835518360138,,73,,,
0.017356062307953835,63,,,,19,0.07766828685998917,0.03544973209500313,,74,,,
0.007665977813303471,64,,,,19,0.10392668843269348,0.03654419258236885,,75,,,
0.26071614027023315,65,,,,19,0.4398775100708008,0.3144645690917969,,76,,,
0.23288853466510773,66,,,,19,0.5223544836044312,0.3197283148765564,,77,,,
0.09617572277784348,67,,,,19,0.18481801450252533,0.12276841700077057,,78,,,
0.0015798242529854178,68,,,,19,0.1307995617389679,0.04034574702382088,,79,,,
0.01034693792462349,69,,,,19,0.10406312346458435,0.038461796939373016,,80,,,
0.01069374568760395,70,,,,19,0.05709528550505638,0.024614209309220314,,81,,,
0.00970514491200447,71,,,,19,0.13446660339832306,0.047133587300777435,,82,,,
0.00273556518368423,72,,,,19,0.05297764763236046,0.01780819147825241,,83,,,
0.5399073362350464,73,,,,19,0.37484851479530334,0.49038970470428467,,84,,,
0.17646031081676483,74,,,,19,0.3629755675792694,0.23241488635540009,,85,,,
0.3832152783870697,75,,,,19,0.23644830286502838,0.3391852080821991,,86,,,
0.03423275798559189,76,,,,19,0.10143088549375534,0.054392196238040924,,87,,,
0.003146580420434475,77,,,,19,0.21805782616138458,0.06761995702981949,,88,,,
0.0754583552479744,78,,,,19,0.22762088477611542,0.12110711634159088,,89,,,
1.7142654657363892,79,,,,19,1.091734528541565,1.5275062322616577,,90,,,
0.0670958012342453,80,,,,19,0.135039284825325,0.08747884631156921,,91,,,
0.0454363077878952,81,,,,19,0.0975457951426506,0.06106915324926376,,92,,,
0.010828543454408646,82,,,,19,0.07386637479066849,0.029739893972873688,,93,,,
0.026559466496109962,83,,,,19,0.08655354380607605,0.04455769062042236,,94,,,
0.08902136236429214,84,,,,19,0.17494215071201324,0.11479759961366653,,95,,,
0.10302828997373581,85,,,,19,0.17126800119876862,0.12350020557641983,,96,,,
0.055941566824913025,86,,,,19,0.1365114450454712,0.0801125317811966,,97,,,
0.002778481226414442,87,,,,19,0.08638184517621994,0.027859492227435112,,98,,,
0.610807478427887,88,,,,19,0.690035879611969,0.6345759630203247,,99,,,
0.4309302866458893,89,,,,19,0.44318249821662903,0.4346059560775757,,0,,,
0.9082455039024353,90,,,,19,0.9115275740623474,0.90923011302948,,1,,,
0.004252913873642683,91,,,,19,0.03267936781048775,0.012780850753188133,,2,,,
0.0014207994099706411,92,,,,19,0.019450508058071136,0.00682971253991127,,3,,,
0.1605878323316574,93,,,,19,1.0751208066940308,0.4349477291107178,,4,,,
0.0025839770678430796,94,,,,19,0.0532878153026104,0.017795130610466003,,5,,,
0.029540950432419777,95,,,,19,0.13943274319171906,0.0625084936618805,,6,,,
0.0021467991173267365,96,,,,19,0.034074921160936356,0.011725236661732197,,7,,,
0.5577094554901123,97,,,,19,0.4610777199268341,0.528719961643219,,8,,,
0.03413541242480278,98,,,,19,0.36482885479927063,0.13334345817565918,,9,,,
0.14553701877593994,99,,,,19,0.4517136812210083,0.23739001154899597,,10,,,
0.20900823175907135,100,,,,19,0.44501838088035583,0.2798112630844116,,11,,,
0.3219655752182007,101,,,,19,0.4932948350906372,0.3733643591403961,,12,,,
0.007334567606449127,102,,,,19,0.2008194476366043,0.0653800368309021,,13,,,
0.04185836762189865,103,,,,19,0.1662343293428421,0.07917115837335587,,14,,,
0.13954608142375946,104,,,,19,0.5020261406898499,0.24829010665416718,,15,,,
0.005140065681189299,105,,,,19,0.2604644298553467,0.08173738420009613,,16,,,
0.0019801310263574123,106,,,,19,0.08239270746707916,0.026103904470801353,,17,,,
0.024095434695482254,107,,,,19,0.049413859844207764,0.03169096261262894,,18,,,
0.008460039272904396,108,,,,19,0.03558880463242531,0.016598669812083244,,19,,,
0.00856452714651823,109,,,,19,0.6559208035469055,0.20277142524719238,,20,,,
0.2498592585325241,110,,,,19,0.39183366298675537,0.2924515902996063,,21,,,
0.4468969702720642,111,,,,19,0.5549649596214294,0.4793173670768738,,22,,,
0.039963968098163605,112,,,,19,0.08111842721700668,0.05231030657887459,,23,,,
0.060598477721214294,113,,,,19,0.35551896691322327,0.14907462894916534,,24,,,
0.42445871233940125,114,,,,19,0.48259997367858887,0.4419010877609253,,25,,,
0.02823583409190178,115,,,,19,0.13207174837589264,0.05938660725951195,,26,,,
0.12101911753416061,116,,,,19,0.7743595242500305,0.3170212507247925,,27,,,
0.2138802707195282,117,,,,19,0.6047434210777283,0.3311392068862915,,28,,,
0.024106722325086594,118,,,,19,0.03903832286596298,0.02858620136976242,,29,,,
0.08612774312496185,119,,,,19,0.3015301525592804,0.15074846148490906,,30,,,
0.08785399794578552,120,,,,19,0.16551460325717926,0.11115217953920364,,31,,,
0.0490134134888649,121,,,,19,0.09864568710327148,0.0639030933380127,,32,,,
0.009482817724347115,122,,,,19,0.17472679913043976,0.05905601382255554,,33,,,
0.0019170731538906693,123,,,,19,0.02048010565340519,0.007485982961952686,,34,,,
0.020781047642230988,124,,,,19,0.0435040108859539,0.027597937732934952,,35,,,
0.11057393252849579,125,,,,19,0.20489601790905,0.13887055218219757,,36,,,
0.06774793565273285,126,,,,19,0.1840418130159378,0.10263609886169434,,37,,,
0.018315359950065613,127,,,,19,0.11750797182321548,0.048073142766952515,,38,,,
0.00038258862332440913,128,,,,19,0.12384895235300064,0.03742249682545662,,39,,,
0.05260457098484039,129,,,,19,0.8400993943214417,0.2888530492782593,,40,,,
0.04179994761943817,130,,,,19,0.2538416087627411,0.10541245341300964,,41,,,
0.005447543226182461,131,,,,19,0.06263361126184464,0.022603364661335945,,42,,,
0.32594573497772217,132,,,,19,0.7534294128417969,0.45419085025787354,,43,,,
0.019922394305467606,133,,,,19,0.1246718242764473,0.05134722590446472,,44,,,
0.016541246324777603,134,,,,19,0.12978476285934448,0.050514303147792816,,45,,,
0.0013705631718039513,135,,,,19,0.12383661419153214,0.03811037912964821,,46,,,
0.026853233575820923,136,,,,19,0.19111321866512299,0.07613123208284378,,47,,,
0.005530414171516895,137,,,,19,0.04365475848317146,0.016967717558145523,,48,,,
0.03320374712347984,138,,,,19,0.27874937653541565,0.10686744004487991,,49,,,
0.0222490131855011,139,,,,19,0.1003558412194252,0.04568106308579445,,50,,,
0.01852847822010517,140,,,,19,0.06118105724453926,0.03132425248622894,,51,,,
0.05997355654835701,141,,,,19,0.235224649310112,0.11254888772964478,,52,,,
0.1971987634897232,142,,,,19,0.33307933807373047,0.23796293139457703,,53,,,
0.00974032562226057,143,,,,19,0.05155615508556366,0.02228507585823536,,54,,,
0.03373659774661064,144,,,,19,0.10866415500640869,0.056214865297079086,,55,,,
0.01706300675868988,145,,,,19,0.06298156827688217,0.030838575214147568,,56,,,
0.19311898946762085,146,,,,19,0.2671887278556824,0.21533991396427155,,57,,,
0.017851633951067924,147,,,,19,0.07028955221176147,0.033583007752895355,,58,,,
0.020351404324173927,148,,,,19,0.14761386811733246,0.05853014439344406,,59,,,
0.010231899097561836,149,,,,19,0.055587220937013626,0.023838495835661888,,60,,,
0.08686977624893188,150,,,,19,0.33805227279663086,0.16222453117370605,,61,,,
0.04970386624336243,151,,,,19,0.2642460763454437,0.11406653374433517,,62,,,
0.10063387453556061,152,,,,19,0.2957436144351959,0.15916679799556732,,63,,,
0.04231349751353264,153,,,,19,0.1096733808517456,0.06252146512269974,,64,,,
0.018959490582346916,154,,,,19,0.03675498440861702,0.024298138916492462,,65,,,
0.044415004551410675,155,,,,19,0.24729527533054352,0.10527908802032471,,66,,,
0.04095401242375374,156,,,,19,0.2600899636745453,0.10669480264186859,,67,,,
0.010540882125496864,157,,,,19,0.05801837146282196,0.024784129112958908,,68,,,
0.001586013357155025,158,,,,19,0.03552018105983734,0.011766264215111732,,69,,,
0.09083843231201172,159,,,,19,0.8293302655220032,0.3123859763145447,,70,,,
0.011328893713653088,160,,,,19,0.2772977650165558,0.09111955761909485,,71,,,
0.025192677974700928,161,,,,19,0.1102331280708313,0.05070481449365616,,72,,,
0.01636417768895626,162,,,,19,0.10400152951478958,0.04265538230538368,,73,,,
0.009886465966701508,163,,,,19,0.11177375912666321,0.04045265540480614,,74,,,
0.11439377069473267,164,,,,19,0.20628565549850464,0.14196133613586426,,75,,,
0.125113382935524,165,,,,19,0.2037137746810913,0.1486935019493103,,76,,,
0.39441436529159546,166,,,,19,0.9071555733680725,0.5482367277145386,,77,,,
0.24660679697990417,167,,,,19,0.2877752184867859,0.2589573264122009,,78,,,
0.03278113901615143,168,,,,19,0.12133526802062988,0.059347379952669144,,79,,,
1.4505857229232788,169,,,,19,0.9555032253265381,1.3020609617233276,,80,,,
0.02611348405480385,170,,,,19,0.09768939018249512,0.04758625477552414,,81,,,
0.1382026970386505,171,,,,19,0.3398406207561493,0.19869408011436462,,82,,,
0.0030133577529340982,172,,,,19,1.353845238685608,0.4082629382610321,,83,,,
0.6206671595573425,173,,,,19,0.5722984671592712,0.606156587600708,,84,,,
0.11528956890106201,174,,,,19,0.42465701699256897,0.20809981226921082,,85,,,
0.41138195991516113,175,,,,19,0.5699729919433594,0.4589592516422272,,86,,,
1.0342861413955688,176,,,,19,1.0417956113815308,1.0365389585494995,,87,,,
0.027044931426644325,177,,,,19,0.279098242521286,0.10266092419624329,,88,,,
0.04492276534438133,178,,,,19,0.4643305540084839,0.1707451045513153,,89,,,
0.0040461113676428795,179,,,,19,0.020725542679429054,0.00904994085431099,,90,,,
0.3266253173351288,180,,,,19,0.28644758462905884,0.3145720064640045,,91,,,
0.012883167713880539,181,,,,19,0.1269284039735794,0.04709674045443535,,92,,,
0.07496531307697296,182,,,,19,0.2704069912433624,0.13359782099723816,,93,,,
0.033614303916692734,183,,,,19,0.3297751843929291,0.12246257066726685,,94,,,
0.04316718876361847,184,,,,19,0.11685949563980103,0.06527487933635712,,95,,,
0.0011688789818435907,185,,,,19,0.26412996649742126,0.08005721122026443,,96,,,
0.030272964388132095,186,,,,19,0.15615366399288177,0.06803717464208603,,97,,,
0.02957555651664734,187,,,,19,0.11053182929754257,0.05386243760585785,,98,,,
0.0006379238329827785,188,,,,19,0.1761712282896042,0.053297918289899826,,99,,,
0.0003488647344056517,189,,,,19,0.3416987955570221,0.10275384783744812,,0,,,
0.029703782871365547,190,,,,19,0.053908731788396835,0.0369652658700943,,1,,,
0.6480048894882202,191,,,,19,0.7433033585548401,0.6765944361686707,,2,,,
0.055441964417696,192,,,,19,0.9347726702690125,0.31924116611480713,,3,,,
0.3741797208786011,193,,,,19,0.556258499622345,0.42880332469940186,,4,,,
0.011172355152666569,194,,,,19,0.08435904234647751,0.03312836214900017,,5,,,
0.010713205672800541,195,,,,19,0.1908932477235794,0.06476721912622452,,6,,,
0.168234720826149,196,,,,19,0.3999498784542084,0.23774927854537964,,7,,,
0.19909699261188507,197,,,,19,0.3137718141078949,0.2334994375705719,,8,,,
0.05285901576280594,198,,,,19,0.22300243377685547,0.10390204191207886,,9,,,
0.0775262787938118,199,,,,19,0.26600804924964905,0.13407081365585327,,10,,,
0.21077151596546173,200,,,,19,0.43938693404197693,0.2793561518192291,,11,,,
0.05525879189372063,201,,,,19,0.3444952070713043,0.14202971756458282,,12,,,
0.07298573106527328,202,,,,19,0.37430307269096375,0.1633809357881546,,13,,,
0.03507611155509949,203,,,,19,0.10184228420257568,0.055105965584516525,,14,,,
0.017288224771618843,204,,,,19,0.06314296275377274,0.031044647097587585,,15,,,
0.07965543866157532,205,,,,19,0.1664324849843979,0.10568855702877045,,16,,,
0.012654718942940235,206,,,,19,0.03820157051086426,0.02031877636909485,,17,,,
0.006558678112924099,207,,,,19,0.3197949230670929,0.10052955895662308,,18,,,
0.007199652958661318,208,,,,19,0.060236185789108276,0.023110613226890564,,19,,,
0.2765086889266968,209,,,,19,0.8184056878089905,0.43907779455184937,,20,,,
0.046102941036224365,210,,,,19,0.1580856740474701,0.07969776540994644,,21,,,
0.3114595413208008,211,,,,19,0.29039299488067627,0.30513957142829895,,22,,,
0.06980472058057785,212,,,,19,0.2280166894197464,0.11726830899715424,,23,,,
0.04618820175528526,213,,,,19,0.6990208625793457,0.24203801155090332,,24,,,
0.0026448529679328203,214,,,,19,0.037688929587602615,0.013158075511455536,,25,,,
0.005122513044625521,215,,,,19,0.019843509420752525,0.009538812562823296,,26,,,
0.01971728913486004,216,,,,19,0.15654784440994263,0.06076645851135254,,27,,,
0.03953905031085014,217,,,,19,0.28785139322280884,0.11403275281190872,,28,,,
0.0020640038419514894,218,,,,19,0.031733911484479904,0.010964976623654366,,29,,,
0.020867912098765373,219,,,,19,0.14443568885326385,0.05793824419379234,,30,,,
0.0949244275689125,220,,,,19,0.2807345390319824,0.1506674587726593,,31,,,
0.005975003354251385,221,,,,19,0.05103357508778572,0.019492575898766518,,32,,,
0.0008055302896536887,222,,,,19,0.01334159355610609,0.004566349554806948,,33,,,
0.006761291529983282,223,,,,19,0.06671658903360367,0.024747882038354874,,34,,,
0.03352819383144379,224,,,,19,0.26657235622406006,0.10344144701957703,,35,,,
0.06347406655550003,225,,,,19,0.412685364484787,0.16823746263980865,,36,,,
0.04972904548048973,226,,,,19,0.7334203124046326,0.25483644008636475,,37,,,
0.0022872735280543566,227,,,,19,0.026149416342377663,0.0094459168612957,,38,,,
0.39738377928733826,228,,,,19,0.48142823576927185,0.42259711027145386,,39,,,
0.2046094685792923,229,,,,19,0.5434173941612244,0.3062518537044525,,40,,,
0.008449873887002468,230,,,,19,0.06403302401304245,0.025124819949269295,,41,,,
0.0032283354084938765,231,,,,19,0.03554624691605568,0.012923709116876125,,42,,,
0.36022108793258667,232,,,,19,0.4432118833065033,0.3851183354854584,,43,,,
0.0020826810505241156,233,,,,19,0.06947706639766693,0.022300997748970985,,44,,,
0.002463760320097208,234,,,,19,0.021264666691422462,0.008104032836854458,,45,,,
1.6085047721862793,235,,,,19,1.213758111000061,1.4900808334350586,,46,,,
0.055293645709753036,236,,,,19,0.1720920205116272,0.09033316373825073,,47,,,
0.25557029247283936,237,,,,19,0.7474660277366638,0.40313899517059326,,48,,,
0.0288227628916502,238,,,,19,0.34824350476264954,0.12464898824691772,,49,,,
0.010346584022045135,239,,,,19,0.05183941498398781,0.022794432938098907,,50,,,
0.002890696283429861,240,,,,19,0.01247758325189352,0.005766762420535088,,51,,,
0.0062778415158391,241,,,,19,0.04357590898871422,0.017467262223362923,,52,,,
2.6755824089050293,242,,,,19,1.2167407274246216,2.2379298210144043,,53,,,
0.015563341788947582,243,,,,19,0.10499179363250732,0.04239187762141228,,54,,,
0.006151433102786541,244,,,,19,0.047322243452072144,0.018502676859498024,,55,,,
0.10940337181091309,245,,,,19,0.4177018702030182,0.2018929272890091,,56,,,
0.0028410095255821943,246,,,,19,0.3857440948486328,0.11771193891763687,,57,,,
0.8511958122253418,247,,,,19,1.1005430221557617,0.9259999990463257,,58,,,
0.007199652958661318,248,,,,19,0.0324457585811615,0.014773485250771046,,59,,,
0.12720079720020294,249,,,,19,0.37245216965675354,0.20077621936798096,,60,,,
0.0005905076395720243,250,,,,19,0.0765388011932373,0.023374995216727257,,61,,,
0.09965696930885315,251,,,,19,0.32006582617759705,0.16577962040901184,,62,,,
0.027743758633732796,252,,,,19,0.10942556709051132,0.05224830284714699,,63,,,
0.04924062639474869,253,,,,19,0.11975274235010147,0.07039426267147064,,64,,,
0.0004102342063561082,254,,,,19,0.008956663310527802,0.002974163042381406,,65,,,
0.5680043697357178,255,,,,19,0.7698350548744202,0.628553569316864,,66,,,
0.1740536242723465,256,,,,19,0.35055387020111084,0.22700369358062744,,67,,,
0.0032364153303205967,257,,,,19,0.012918862514197826,0.006141149438917637,,68,,,
0.19757863879203796,258,,,,19,0.45408502221107483,0.2745305299758911,,69,,,
0.3240722119808197,259,,,,19,0.3737725019454956,0.3389822840690613,,70,,,
3.1521389484405518,260,,,,19,1.466488242149353,2.6464436054229736,,71,,,
0.05333685502409935,261,,,,19,0.11806914955377579,0.07275654375553131,,72,,,
0.01886298507452011,262,,,,19,0.119904525578022,0.0491754487156868,,73,,,
0.030668193474411964,263,,,,19,0.10489947348833084,0.0529375821352005,,74,,,
0.09151682257652283,264,,,,19,0.15871669352054596,0.11167678236961365,,75,,,
0.0012747265864163637,265,,,,19,0.07879067212343216,0.024529512971639633,,76,,,
0.07892940938472748,266,,,,19,0.24451951682567596,0.12860643863677979,,77,,,
1.2034506797790527,267,,,,19,1.1629637479782104,1.1913045644760132,,78,,,
,,,,,19,,,,79,0.20909157395362854,0.8157894611358643,0.5577883720397949
0.016313279047608376,0,,,,20,0.09737429022789001,0.04063158482313156,,80,,,
0.0038257280830293894,1,,,,20,0.0389760322868824,0.014370819553732872,,81,,,
0.0180337093770504,2,,,,20,0.05191826447844505,0.028199076652526855,,82,,,
0.08664143830537796,3,,,,20,0.35283657908439636,0.16649998724460602,,83,,,
0.0011810240102931857,4,,,,20,0.02389824204146862,0.007996189408004284,,84,,,
0.06706559658050537,5,,,,20,0.15828512609004974,0.09443145990371704,,85,,,
0.42474251985549927,6,,,,20,0.8161993622779846,0.5421795845031738,,86,,,
1.6769834756851196,7,,,,20,1.2073229551315308,1.5360853672027588,,87,,,
0.5508854389190674,8,,,,20,1.0811299085617065,0.7099587917327881,,88,,,
0.04711706563830376,9,,,,20,0.09155581146478653,0.06044869124889374,,89,,,
0.00523719284683466,10,,,,20,0.15605506300926208,0.050482556223869324,,90,,,
0.006722571793943644,11,,,,20,1.5204108953475952,0.46082907915115356,,91,,,
0.02153700217604637,12,,,,20,0.3207419514656067,0.11129848659038544,,92,,,
0.21155966818332672,13,,,,20,0.4334336519241333,0.27812185883522034,,93,,,
0.0011866202112287283,14,,,,20,0.40386879444122314,0.12199127674102783,,94,,,
0.14113126695156097,15,,,,20,0.4013965129852295,0.21921083331108093,,95,,,
0.03852076455950737,16,,,,20,0.13745731115341187,0.06820172816514969,,96,,,
0.6752457618713379,17,,,,20,1.164976954460144,0.8221651315689087,,97,,,
0.2989789843559265,18,,,,20,0.4899807870388031,0.35627955198287964,,98,,,
0.015550666488707066,19,,,,20,0.059119950979948044,0.028621453791856766,,99,,,
0.2825319766998291,20,,,,20,0.448392778635025,0.3322902321815491,,0,,,
0.008614521473646164,21,,,,20,0.05526115000247955,0.02260851114988327,,1,,,
0.0019443194614723325,22,,,,20,0.09418243169784546,0.029615754261612892,,2,,,
0.007235987111926079,23,,,,20,0.02554907836019993,0.012729914858937263,,3,,,
0.0008384049870073795,24,,,,20,0.1525142788887024,0.04634116590023041,,4,,,
0.02431674860417843,25,,,,20,0.09008082747459412,0.04404596984386444,,5,,,
0.05591113120317459,26,,,,20,0.1687442660331726,0.08976107835769653,,6,,,
0.04104165732860565,27,,,,20,0.14257432520389557,0.0715014636516571,,7,,,
0.0014111570781096816,28,,,,20,0.030898934230208397,0.010257490910589695,,8,,,
0.017321733757853508,29,,,,20,0.03818291425704956,0.023580089211463928,,9,,,
0.0009910915978252888,30,,,,20,0.14990012347698212,0.045663803815841675,,10,,,
0.040574733167886734,31,,,,20,0.2961001992225647,0.11723237484693527,,11,,,
0.01107108686119318,32,,,,20,0.03827914223074913,0.019233502447605133,,12,,,
0.02716350555419922,33,,,,20,0.2999928891658783,0.10901232808828354,,13,,,
0.035612910985946655,34,,,,20,0.08732960373163223,0.05112791806459427,,14,,,
0.5891875624656677,35,,,,20,0.704444408416748,0.6237646341323853,,15,,,
0.0060492996126413345,36,,,,20,0.04824672266840935,0.018708527088165283,,16,,,
0.031237173825502396,37,,,,20,0.11891337484121323,0.057540036737918854,,17,,,
0.0058120540343225,38,,,,20,0.053652163594961166,0.020164087414741516,,18,,,
0.16399666666984558,39,,,,20,0.3860084116458893,0.23060019314289093,,19,,,
0.29943010210990906,40,,,,20,0.4611532688140869,0.34794706106185913,,20,,,
0.15673132240772247,41,,,,20,0.2148733139038086,0.17417392134666443,,21,,,
0.12404229491949081,42,,,,20,0.4148813784122467,0.211294025182724,,22,,,
0.06685800105333328,43,,,,20,0.10753575712442398,0.07906132936477661,,23,,,
0.00460789306089282,44,,,,20,0.039607513695955276,0.015107779763638973,,24,,,
0.039314206689596176,45,,,,20,0.08295034617185593,0.05240505188703537,,25,,,
0.002417976502329111,46,,,,20,0.2246371954679489,0.06908375024795532,,26,,,
0.019703613594174385,47,,,,20,0.0375753752887249,0.025065142661333084,,27,,,
0.010477299802005291,48,,,,20,0.05719587579369545,0.02449287287890911,,28,,,
0.0004714807728305459,49,,,,20,0.06999856978654861,0.0213296078145504,,29,,,
0.3357345461845398,50,,,,20,0.4113818407058716,0.3584287464618683,,30,,,
0.047555483877658844,51,,,,20,0.22362101078033447,0.10037514567375183,,31,,,
0.06711965799331665,52,,,,20,0.1715453863143921,0.09844738245010376,,32,,,
0.025939496234059334,53,,,,20,0.08091004192829132,0.042430661618709564,,33,,,
0.012034899555146694,54,,,,20,0.040547192096710205,0.02058858796954155,,34,,,
0.5482522249221802,55,,,,20,0.8939414024353027,0.6519589424133301,,35,,,
0.049577612429857254,56,,,,20,0.12064683437347412,0.0708983838558197,,36,,,
0.0051284427754580975,57,,,,20,0.046761129051446915,0.017618250101804733,,37,,,
0.18435661494731903,58,,,,20,0.7700863480567932,0.36007553339004517,,38,,,
0.00014220656885299832,59,,,,20,0.5617692470550537,0.16863031685352325,,39,,,
0.05977537855505943,60,,,,20,0.154926136136055,0.08832061290740967,,40,,,
0.16791923344135284,61,,,,20,0.9497089385986328,0.4024561643600464,,41,,,
0.007136923260986805,62,,,,20,0.10501054674386978,0.036499012261629105,,42,,,
0.00145329674705863,63,,,,20,0.02258197031915188,0.007791899144649506,,43,,,
0.08156947791576385,64,,,,20,0.18477632105350494,0.11253152787685394,,44,,,
0.005374269559979439,65,,,,20,0.050380636006593704,0.018876180052757263,,45,,,
0.00687673082575202,66,,,,20,0.2775730788707733,0.08808563649654388,,46,,,
0.013106976635754108,67,,,,20,0.054234493523836136,0.025445232167840004,,47,,,
0.2192271649837494,68,,,,20,0.34740373492240906,0.25768014788627625,,48,,,
1.7159361839294434,69,,,,20,1.2083531618118286,1.5636613368988037,,49,,,
0.028445689007639885,70,,,,20,0.06479374319314957,0.039350107312202454,,50,,,
0.006053802091628313,71,,,,20,0.05897609516978264,0.02193048968911171,,51,,,
0.785681426525116,72,,,,20,0.41091489791870117,0.6732515096664429,,52,,,
0.00468157883733511,73,,,,20,0.0722651258111,0.02495664358139038,,53,,,
0.0003256267518736422,74,,,,20,0.010810269974172115,0.0034710196778178215,,54,,,
0.00274269818328321,75,,,,20,0.01403855998069048,0.006131457164883614,,55,,,
0.02026788331568241,76,,,,20,0.06048381328582764,0.032332662492990494,,56,,,
0.06022153049707413,77,,,,20,0.20008514821529388,0.102180615067482,,57,,,
0.09156642109155655,78,,,,20,0.20200955867767334,0.12469936907291412,,58,,,
0.012683321721851826,79,,,,20,0.04043273627758026,0.021008146926760674,,59,,,
0.0008264940115623176,80,,,,20,0.04230371117591858,0.01326966006308794,,60,,,
0.19344118237495422,81,,,,20,0.3646292984485626,0.24479761719703674,,61,,,
0.04821525141596794,82,,,,20,0.08958791941404343,0.0606270506978035,,62,,,
0.008473987691104412,83,,,,20,0.04338022693991661,0.018945859745144844,,63,,,
0.007720511872321367,84,,,,20,0.07972312718629837,0.029321298003196716,,64,,,
0.013674275949597359,85,,,,20,0.11085208505392075,0.04282761737704277,,65,,,
0.04312003403902054,86,,,,20,0.7428784370422363,0.25304755568504333,,66,,,
0.01629803329706192,87,,,,20,0.07599729299545288,0.03420781344175339,,67,,,
0.0020068997982889414,88,,,,20,0.32490068674087524,0.09887503832578659,,68,,,
0.001100530382245779,89,,,,20,0.31842365860939026,0.09629747271537781,,69,,,
0.3141682744026184,90,,,,20,0.4450148344039917,0.35342222452163696,,70,,,
0.011335493996739388,91,,,,20,0.03656007722020149,0.018902869895100594,,71,,,
0.30800849199295044,92,,,,20,0.39253830909729004,0.3333674371242523,,72,,,
0.12365375459194183,93,,,,20,0.3150526285171509,0.18107342720031738,,73,,,
0.040094878524541855,94,,,,20,0.16195136308670044,0.07665182650089264,,74,,,
0.2542552053928375,95,,,,20,0.4212561547756195,0.3043555021286011,,75,,,
0.0007444233051501215,96,,,,20,0.030586374923586845,0.00969700887799263,,76,,,
0.04569451883435249,97,,,,20,0.11951598525047302,0.06784096360206604,,77,,,
0.2890124022960663,98,,,,20,0.2737957239151001,0.28444740176200867,,78,,,
0.15733672678470612,99,,,,20,0.37096038460731506,0.22142383456230164,,79,,,
0.011472797952592373,100,,,,20,0.2037244439125061,0.06914829462766647,,80,,,
0.014591294340789318,101,,,,20,0.47777318954467773,0.15354587137699127,,81,,,
0.09506005048751831,102,,,,20,0.1061396598815918,0.09838393330574036,,82,,,
1.1101428270339966,103,,,,20,1.0366259813308716,1.088087797164917,,83,,,
0.009796871803700924,104,,,,20,0.08380874246358871,0.03200043365359306,,84,,,
0.016285013407468796,105,,,,20,0.042953699827194214,0.02428562007844448,,85,,,
0.1573019027709961,106,,,,20,0.38034728169441223,0.2242155224084854,,86,,,
0.031234633177518845,107,,,,20,0.2864433825016022,0.10779725760221481,,87,,,
0.7757251262664795,108,,,,20,0.6034381985664368,0.7240390181541443,,88,,,
0.03140515834093094,109,,,,20,0.11190930753946304,0.05555640161037445,,89,,,
0.23614686727523804,110,,,,20,0.5123642086982727,0.3190120458602905,,90,,,
0.061203837394714355,111,,,,20,0.10567965358495712,0.07454658299684525,,91,,,
0.2608188986778259,112,,,,20,0.41016292572021484,0.3056221008300781,,92,,,
0.025640813633799553,113,,,,20,0.12423991411924362,0.05522054433822632,,93,,,
0.060759808868169785,114,,,,20,0.24026115238666534,0.1146102100610733,,94,,,
0.028163747861981392,115,,,,20,0.16709287464618683,0.06984248757362366,,95,,,
0.001824739621952176,116,,,,20,0.033940915018320084,0.0114595927298069,,96,,,
0.014859001152217388,117,,,,20,0.20076781511306763,0.07063165307044983,,97,,,
0.021058309823274612,118,,,,20,0.2188512086868286,0.08039618283510208,,98,,,
0.003503139829263091,119,,,,20,0.010529893450438976,0.00561116635799408,,99,,,
0.20818737149238586,120,,,,20,0.7416139245033264,0.36821532249450684,,0,,,
0.0015963680343702435,121,,,,20,0.4749848544597626,0.14361292123794556,,1,,,
0.01693045347929001,122,,,,20,0.14121294021606445,0.0542152002453804,,2,,,
0.04597201570868492,123,,,,20,0.3594155013561249,0.14000506699085236,,3,,,
0.008457557298243046,124,,,,20,0.16405324637889862,0.055136267095804214,,4,,,
0.018176652491092682,125,,,,20,0.08063143491744995,0.03691308945417404,,5,,,
0.002793697640299797,126,,,,20,0.852299153804779,0.2576453685760498,,6,,,
0.04946336895227432,127,,,,20,0.1678238958120346,0.08497153222560883,,7,,,
2.8403711318969727,128,,,,20,1.4749550819396973,2.43074631690979,,8,,,
0.015334799885749817,129,,,,20,0.02983940578997135,0.019686181098222733,,9,,,
0.07663993537425995,130,,,,20,0.2516213655471802,0.1291343718767166,,10,,,
0.0038684785831719637,131,,,,20,0.06134456768631935,0.02111130580306053,,11,,,
0.16095741093158722,132,,,,20,0.3475528657436371,0.21693605184555054,,12,,,
0.004892164841294289,133,,,,20,0.027021972462534904,0.011531107127666473,,13,,,
0.0022834674455225468,134,,,,20,0.34917497634887695,0.10635092109441757,,14,,,
0.05871859937906265,135,,,,20,0.06788718700408936,0.061469174921512604,,15,,,
0.09062254428863525,136,,,,20,0.16999000310897827,0.11443278193473816,,16,,,
0.09479270130395889,137,,,,20,0.16499078273773193,0.11585213243961334,,17,,,
0.2613074779510498,138,,,,20,0.357073038816452,0.2900371551513672,,18,,,
0.008924241177737713,139,,,,20,0.07607118785381317,0.029068326577544212,,19,,,
0.005748881492763758,140,,,,20,0.12958773970603943,0.04290053993463516,,20,,,
0.00023493390472140163,141,,,,20,0.2681199014186859,0.08060043305158615,,21,,,
0.007824130356311798,142,,,,20,0.1468687802553177,0.049537528306245804,,22,,,
0.032902151346206665,143,,,,20,0.43493977189064026,0.15351344645023346,,23,,,
0.006022402085363865,144,,,,20,0.13511690497398376,0.04475075379014015,,24,,,
0.0173499695956707,145,,,,20,0.09998009353876114,0.04213900864124298,,25,,,
0.03918296471238136,146,,,,20,0.09642735123634338,0.056356281042099,,26,,,
0.5257017612457275,147,,,,20,0.7189978957176208,0.5836906433105469,,27,,,
0.0023767100647091866,148,,,,20,0.18382708728313446,0.056811824440956116,,28,,,
0.00488101365044713,149,,,,20,0.025707704946398735,0.011129021644592285,,29,,,
0.03159413859248161,150,,,,20,0.10627597570419312,0.053998690098524094,,30,,,
0.013262154534459114,151,,,,20,0.02674770914018154,0.017307821661233902,,31,,,
0.024382829666137695,152,,,,20,0.19799856841564178,0.07646755129098892,,32,,,
0.2967659533023834,153,,,,20,0.44809308648109436,0.3421640992164612,,33,,,
0.032308608293533325,154,,,,20,0.4418955147266388,0.15518468618392944,,34,,,
0.0050407941453158855,155,,,,20,0.036142658442258835,0.014371354132890701,,35,,,
0.0013971101725474,156,,,,20,0.06771586090326309,0.021292734891176224,,36,,,
0.1106828972697258,157,,,,20,0.36602577567100525,0.18728576600551605,,37,,,
0.002403705846518278,158,,,,20,0.043145909905433655,0.014626367948949337,,38,,,
0.07450257241725922,159,,,,20,0.17003081738948822,0.1031610518693924,,39,,,
0.025734342634677887,160,,,,20,0.04306088015437126,0.03093230351805687,,40,,,
0.1532110720872879,161,,,,20,0.35151341557502747,0.21270176768302917,,41,,,
0.099654920399189,162,,,,20,0.5916175246238708,0.2472437024116516,,42,,,
0.018944868817925453,163,,,,20,0.10627323389053345,0.045143380761146545,,43,,,
0.01801403984427452,164,,,,20,0.15651075541973114,0.059563055634498596,,44,,,
0.06650616228580475,165,,,,20,0.26427847146987915,0.12583786249160767,,45,,,
0.0029755623545497656,166,,,,20,0.027481449767947197,0.01032732892781496,,46,,,
0.0011148196645081043,167,,,,20,0.36416923999786377,0.11003115028142929,,47,,,
0.008567127399146557,168,,,,20,0.0893762931227684,0.03280987590551376,,48,,,
0.10749203711748123,169,,,,20,0.5486811399459839,0.2398487776517868,,49,,,
0.0030109805520623922,170,,,,20,0.011676948517560959,0.005610771011561155,,50,,,
0.029729587957262993,171,,,,20,0.3336890637874603,0.1209174394607544,,51,,,
0.07534636557102203,172,,,,20,0.1246662363409996,0.09014232456684113,,52,,,
0.016350338235497475,173,,,,20,0.08823738247156143,0.03791645169258118,,53,,,
0.026807043701410294,174,,,,20,0.09372997283935547,0.046883922070264816,,54,,,
0.002743292599916458,175,,,,20,0.013787545263767242,0.006056568585336208,,55,,,
0.2185445874929428,176,,,,20,0.34774723649024963,0.257305383682251,,56,,,
0.00628873985260725,177,,,,20,0.7909932732582092,0.24170011281967163,,57,,,
0.039592333137989044,178,,,,20,0.14732980728149414,0.07191357761621475,,58,,,
2.033046007156372,179,,,,20,1.2041683197021484,1.784382700920105,,59,,,
0.0011133907828480005,180,,,,20,1.01121187210083,0.30414292216300964,,60,,,
0.17160196602344513,181,,,,20,0.4502352476119995,0.25519195199012756,,61,,,
0.006217660382390022,182,,,,20,0.20236165821552277,0.06506086140871048,,62,,,
0.049375321716070175,183,,,,20,0.13524694740772247,0.07513681054115295,,63,,,
0.017725393176078796,184,,,,20,0.19446547329425812,0.07074742019176483,,64,,,
0.02095978893339634,185,,,,20,0.46552547812461853,0.15432949364185333,,65,,,
0.6184533834457397,186,,,,20,0.893422544002533,0.7009441256523132,,66,,,
0.03610101342201233,187,,,,20,0.09503034502267838,0.05377981439232826,,67,,,
0.004921702668070793,188,,,,20,0.21692419052124023,0.06852245330810547,,68,,,
0.028362957760691643,189,,,,20,0.11466080695390701,0.05425231158733368,,69,,,
0.4612603485584259,190,,,,20,1.2189282178878784,0.6885607242584229,,70,,,
0.06344038993120193,191,,,,20,0.25428661704063416,0.12069426476955414,,71,,,
0.0034868652001023293,192,,,,20,0.03261822834610939,0.012226274237036705,,72,,,
0.019275611266493797,193,,,,20,0.07136335223913193,0.0349019356071949,,73,,,
1.1185178756713867,194,,,,20,0.8957857489585876,1.0516982078552246,,74,,,
0.5432556867599487,195,,,,20,0.6774457097053528,0.5835126638412476,,75,,,
0.0034827073104679585,196,,,,20,0.08205492049455643,0.027054373174905777,,76,,,
0.07337606698274612,197,,,,20,0.29192423820495605,0.13894051313400269,,77,,,
0.003911227453500032,198,,,,20,0.021370694041252136,0.009149067103862762,,78,,,
0.3218127191066742,199,,,,20,0.4541904032230377,0.3615260124206543,,79,,,
0.009301777929067612,200,,,,20,0.2081965059041977,0.0689701959490776,,80,,,
0.0010069306008517742,201,,,,20,0.09947630763053894,0.030547743663191795,,81,,,
0.4889015555381775,202,,,,20,0.5503438115119934,0.5073342323303223,,82,,,
0.009628168307244778,203,,,,20,0.2007177621126175,0.06695505231618881,,83,,,
0.0650978833436966,204,,,,20,0.15890882909297943,0.09324117004871368,,84,,,
0.10085784643888474,205,,,,20,0.21611694991588593,0.1354355812072754,,85,,,
0.3335518538951874,206,,,,20,0.8099529147148132,0.4764721989631653,,86,,,
0.08801884949207306,207,,,,20,0.2831554710865021,0.14655983448028564,,87,,,
0.0021100416779518127,208,,,,20,0.050869930535554886,0.016738008707761765,,88,,,
0.09454230964183807,209,,,,20,0.5605193972587585,0.23433543741703033,,89,,,
0.001106127048842609,210,,,,20,0.08787856251001358,0.027137858793139458,,90,,,
0.0076359291560947895,211,,,,20,0.2996405065059662,0.09523730725049973,,91,,,
0.3397670090198517,212,,,,20,0.5988616347312927,0.41749539971351624,,92,,,
0.18179276585578918,213,,,,20,0.28111815452575684,0.21159037947654724,,93,,,
0.045474015176296234,214,,,,20,0.10805216431617737,0.06424745917320251,,94,,,
0.01342342421412468,215,,,,20,0.11350661516189575,0.04344838112592697,,95,,,
0.009799469262361526,216,,,,20,0.1093754693865776,0.03967227041721344,,96,,,
0.6465418338775635,217,,,,20,0.629779577255249,0.6415131688117981,,97,,,
0.003682381473481655,218,,,,20,0.028706759214401245,0.011189695447683334,,98,,,
0.008190141059458256,219,,,,20,0.0678245797753334,0.026080474257469177,,99,,,
0.05244463309645653,220,,,,20,0.29796186089515686,0.12609981000423431,,0,,,
0.011560238897800446,221,,,,20,0.03209403157234192,0.017720377072691917,,1,,,
0.15592709183692932,222,,,,20,0.35648298263549805,0.21609386801719666,,2,,,
0.49393606185913086,223,,,,20,0.7552559971809387,0.5723320245742798,,3,,,
0.04761618375778198,224,,,,20,0.4522714614868164,0.16901278495788574,,4,,,
1.071410894393921,225,,,,20,0.4171142578125,0.8751218914985657,,5,,,
0.01199709065258503,226,,,,20,0.09593238681554794,0.0371776819229126,,6,,,
1.2249174118041992,227,,,,20,0.7656371593475342,1.0871334075927734,,7,,,
0.0443689338862896,228,,,,20,0.1330203115940094,0.07096435129642487,,8,,,
0.004952663090080023,229,,,,20,0.036721497774124146,0.014483314007520676,,9,,,
0.052720606327056885,230,,,,20,0.10149949789047241,0.06735427677631378,,10,,,
0.3034583032131195,231,,,,20,0.3697335720062256,0.32334089279174805,,11,,,
0.05559307709336281,232,,,,20,0.1121082678437233,0.07254763692617416,,12,,,
0.25929537415504456,233,,,,20,0.3342435657978058,0.28177982568740845,,13,,,
0.004739242140203714,234,,,,20,0.020096082240343094,0.009346294216811657,,14,,,
0.05654727295041084,235,,,,20,0.12902329862117767,0.07829008251428604,,15,,,
0.005866807885468006,236,,,,20,0.13048557937145233,0.04325243830680847,,16,,,
0.20040594041347504,237,,,,20,0.3686179220676422,0.2508695423603058,,17,,,
0.006999732926487923,238,,,,20,0.035781458020210266,0.01563424989581108,,18,,,
0.015087534673511982,239,,,,20,0.1608944982290268,0.05882962793111801,,19,,,
1.7888810634613037,240,,,,20,1.1708600521087646,1.603474736213684,,20,,,
0.009057859890162945,241,,,,20,0.029097670689225197,0.015069803223013878,,21,,,
0.05335957184433937,242,,,,20,0.18581950664520264,0.09309755265712738,,22,,,
0.10620081424713135,243,,,,20,0.8624777793884277,0.3330839276313782,,23,,,
0.07552722096443176,244,,,,20,0.3394222557544708,0.15469573438167572,,24,,,
0.2091476023197174,245,,,,20,0.46199488639831543,0.2850017845630646,,25,,,
0.11356771737337112,246,,,,20,0.3610025942325592,0.18779818713665009,,26,,,
0.03784836828708649,247,,,,20,0.09907472878694534,0.0562162771821022,,27,,,
0.13392053544521332,248,,,,20,0.5236238837242126,0.2508315443992615,,28,,,
0.05343664437532425,249,,,,20,0.2998158037662506,0.12735038995742798,,29,,,
0.0406234972178936,250,,,,20,0.26801005005836487,0.10883946716785431,,30,,,
0.020409340038895607,251,,,,20,0.07877913862466812,0.037920281291007996,,31,,,
0.09984977543354034,252,,,,20,0.6000204682350159,0.24990099668502808,,32,,,
0.0037768001202493906,253,,,,20,0.2790440618991852,0.08635697513818741,,33,,,
0.04014366492629051,254,,,,20,1.0013948678970337,0.3285190463066101,,34,,,
0.46338385343551636,255,,,,20,0.3765617907047272,0.4373372197151184,,35,,,
0.08370989561080933,256,,,,20,0.17351393401622772,0.11065110564231873,,36,,,
0.041825100779533386,257,,,,20,0.10133722424507141,0.05967874079942703,,37,,,
2.4219722747802734,258,,,,20,1.035190224647522,2.0059375762939453,,38,,,
0.004687273874878883,259,,,,20,0.016210684552788734,0.008144296705722809,,39,,,
0.006697113625705242,260,,,,20,0.04200640693306923,0.01728990115225315,,40,,,
0.0010869554243981838,261,,,,20,0.3303503692150116,0.09986598044633865,,41,,,
0.45917007327079773,262,,,,20,0.409180611371994,0.44417324662208557,,42,,,
0.008091053925454617,263,,,,20,0.28895485401153564,0.09235019981861115,,43,,,
0.004604926332831383,264,,,,20,0.11627566814422607,0.038106150925159454,,44,,,
0.0862032100558281,265,,,,20,0.2405901402235031,0.13251928985118866,,45,,,
0.01360242534428835,266,,,,20,0.11032403260469437,0.04261890798807144,,46,,,
0.03983510285615921,267,,,,20,0.5863161683082581,0.2037794291973114,,47,,,
,,,,,20,,,,48,0.19192339479923248,0.8157894611358643,0.6717780828475952
0.03929804638028145,0,,,,21,0.12426876276731491,0.06478926539421082,,49,,,
0.08100732415914536,1,,,,21,0.26524320244789124,0.13627809286117554,,50,,,
0.7608197927474976,2,,,,21,0.6809226870536804,0.7368506193161011,,51,,,
0.0026033578906208277,3,,,,21,0.04629625380039215,0.01571122743189335,,52,,,
0.05975482985377312,4,,,,21,0.1419200897216797,0.08440440893173218,,53,,,
1.2386834621429443,5,,,,21,1.3944774866104126,1.2854217290878296,,54,,,
0.0059571098536252975,6,,,,21,0.22298192977905273,0.07106456160545349,,55,,,
0.07343621551990509,7,,,,21,0.37938156723976135,0.16521982848644257,,56,,,
0.0064905788749456406,8,,,,21,0.10814524441957474,0.036986980587244034,,57,,,
0.0005932478234171867,9,,,,21,0.07695863395929337,0.023502863943576813,,58,,,
0.10833777487277985,10,,,,21,0.8051226139068604,0.31737324595451355,,59,,,
0.004208399448543787,11,,,,21,0.013301429338753223,0.006936308462172747,,60,,,
0.037310127168893814,12,,,,21,0.0866183340549469,0.05210258811712265,,61,,,
0.000821014866232872,13,,,,21,0.028064748272299767,0.00899413600564003,,62,,,
0.01252240315079689,14,,,,21,0.20062823593616486,0.06895415484905243,,63,,,
0.037751488387584686,15,,,,21,0.07556455582380295,0.049095407128334045,,64,,,
0.06945547461509705,16,,,,21,0.1495007872581482,0.09346906840801239,,65,,,
0.12426887452602386,17,,,,21,0.2845921218395233,0.17236584424972534,,66,,,
0.006925033405423164,18,,,,21,0.021297065541148186,0.0112366434186697,,67,,,
0.241013765335083,19,,,,21,0.4908934533596039,0.31597769260406494,,68,,,
0.013048028573393822,20,,,,21,0.1241891011595726,0.0463903546333313,,69,,,
0.03200200945138931,21,,,,21,0.0858522355556488,0.04815707728266716,,70,,,
0.032392170280218124,22,,,,21,0.07560790330171585,0.04535689204931259,,71,,,
0.14962778985500336,23,,,,21,0.3041093051433563,0.1959722340106964,,72,,,
0.145683154463768,24,,,,21,0.24311614036560059,0.17491304874420166,,73,,,
0.07104019075632095,25,,,,21,0.13060127198696136,0.08890851587057114,,74,,,
0.12683816254138947,26,,,,21,0.5906578898429871,0.26598408818244934,,75,,,
0.033967308700084686,27,,,,21,0.0837845429778099,0.04891248047351837,,76,,,
0.3206929564476013,28,,,,21,0.36370849609375,0.3335976302623749,,77,,,
0.1024370864033699,29,,,,21,0.15304099023342133,0.11761826276779175,,78,,,
0.13719874620437622,30,,,,21,0.4355534017086029,0.2267051637172699,,79,,,
0.014581073075532913,31,,,,21,0.1702864170074463,0.061292678117752075,,80,,,
0.0010184821439906955,32,,,,21,0.015966277569532394,0.005502820946276188,,81,,,
0.01583114080131054,33,,,,21,0.5452805161476135,0.17466595768928528,,82,,,
0.22729447484016418,34,,,,21,0.9380972385406494,0.440535306930542,,83,,,
0.00813208520412445,35,,,,21,0.22689145803451538,0.07375989854335785,,84,,,
0.0378313809633255,36,,,,21,0.07241728901863098,0.048207152634859085,,85,,,
0.0011747133685275912,37,,,,21,0.027616478502750397,0.00910724326968193,,86,,,
0.1502380073070526,38,,,,21,0.25495976209640503,0.18165454268455505,,87,,,
0.05291961878538132,39,,,,21,0.194028839468956,0.0952523872256279,,88,,,
0.010511981323361397,40,,,,21,0.04413028433918953,0.02059747278690338,,89,,,
1.2821258306503296,41,,,,21,1.1403305530548096,1.2395873069763184,,90,,,
0.028013646602630615,42,,,,21,0.07991877943277359,0.04358518868684769,,91,,,
0.002856343751773238,43,,,,21,0.14166368544101715,0.04449854791164398,,92,,,
0.06566357612609863,44,,,,21,0.30856290459632874,0.13853338360786438,,93,,,
0.031208865344524384,45,,,,21,0.08429324626922607,0.04713417962193489,,94,,,
0.14416678249835968,46,,,,21,0.2505432665348053,0.17607972025871277,,95,,,
0.024534523487091064,47,,,,21,0.13822926580905914,0.05864294618368149,,96,,,
0.0071966941468417645,48,,,,21,0.09928134828805923,0.034822091460227966,,97,,,
0.002405965467914939,49,,,,21,0.19351613521575928,0.059739015996456146,,98,,,
0.2982950508594513,50,,,,21,0.37821367383003235,0.32227063179016113,,99,,,
0.008647613227367401,51,,,,21,0.42426371574401855,0.13333244621753693,,0,,,
0.0845935046672821,52,,,,21,0.1536375880241394,0.1053067296743393,,1,,,
0.007354566361755133,53,,,,21,0.2907899022102356,0.09238516539335251,,2,,,
0.1024283692240715,54,,,,21,0.1962592601776123,0.13057763874530792,,3,,,
2.3273017406463623,55,,,,21,1.504952073097229,2.080596923828125,,4,,,
0.06373481452465057,56,,,,21,0.1555284857749939,0.09127292037010193,,5,,,
0.011784225702285767,57,,,,21,0.4191155433654785,0.13398362696170807,,6,,,
0.007275041658431292,58,,,,21,0.16612525284290314,0.054930105805397034,,7,,,
0.03822627291083336,59,,,,21,0.09606579691171646,0.05557813122868538,,8,,,
0.14123313128948212,60,,,,21,0.31033965945243835,0.19196510314941406,,9,,,
0.08615454286336899,61,,,,21,0.7567331194877625,0.2873281240463257,,10,,,
0.006425198633223772,62,,,,21,0.1092681810259819,0.03727809712290764,,11,,,
0.12021131813526154,63,,,,21,0.3760206699371338,0.1969541311264038,,12,,,
0.09650526195764542,64,,,,21,0.18174363672733307,0.12207677960395813,,13,,,
0.18184852600097656,65,,,,21,0.50377357006073,0.27842605113983154,,14,,,
0.02349768951535225,66,,,,21,0.1886373907327652,0.07303960621356964,,15,,,
0.0019094583112746477,67,,,,21,0.06012734770774841,0.019374826923012733,,16,,,
0.004123874939978123,68,,,,21,0.03629310429096222,0.013774644583463669,,17,,,
0.07973172515630722,69,,,,21,0.15768112242221832,0.10311654210090637,,18,,,
0.1613520085811615,70,,,,21,0.2908708453178406,0.2002076655626297,,19,,,
0.5168330669403076,71,,,,21,1.073836088180542,0.6839339733123779,,20,,,
0.03635900095105171,72,,,,21,0.20171837508678436,0.0859668180346489,,21,,,
0.0737462118268013,73,,,,21,0.2733250558376312,0.13361987471580505,,22,,,
0.5924768447875977,74,,,,21,0.537139892578125,0.5758757591247559,,23,,,
0.2752622961997986,75,,,,21,0.44864901900291443,0.3272783160209656,,24,,,
0.007614279631525278,76,,,,21,0.8118600249290466,0.2488880157470703,,25,,,
0.007684077136218548,77,,,,21,0.18052493035793304,0.05953633412718773,,26,,,
0.008291110396385193,78,,,,21,0.02839715965092182,0.014322925359010696,,27,,,
0.007520459592342377,79,,,,21,0.03755049407482147,0.016529470682144165,,28,,,
0.001165783149190247,80,,,,21,0.3687993586063385,0.11145585775375366,,29,,,
0.01730240136384964,81,,,,21,0.2200326919555664,0.07812149077653885,,30,,,
0.001450082752853632,82,,,,21,0.061892688274383545,0.01958286575973034,,31,,,
0.4261891841888428,83,,,,21,1.0622743368148804,0.6170147657394409,,32,,,
0.0015568528324365616,84,,,,21,0.2186107039451599,0.06667301058769226,,33,,,
0.0028864170890301466,85,,,,21,0.06014489009976387,0.020063959062099457,,34,,,
0.17611442506313324,86,,,,21,0.4808080196380615,0.26752251386642456,,35,,,
0.3448319733142853,87,,,,21,0.23111581802368164,0.3107171058654785,,36,,,
0.01773195154964924,88,,,,21,0.06538794189691544,0.03202874958515167,,37,,,
0.1917697638273239,89,,,,21,0.1947549730539322,0.19266533851623535,,38,,,
0.00632510706782341,90,,,,21,0.13272948563098907,0.04424642026424408,,39,,,
0.0008415018673986197,91,,,,21,0.880958080291748,0.26487648487091064,,40,,,
0.016764121130108833,92,,,,21,0.08644670993089676,0.037668898701667786,,41,,,
0.003405368886888027,93,,,,21,0.15516115725040436,0.04893210530281067,,42,,,
0.14704997837543488,94,,,,21,0.37746503949165344,0.21617451310157776,,43,,,
0.008088333532214165,95,,,,21,0.055689338594675064,0.02236863598227501,,44,,,
0.016641024500131607,96,,,,21,0.1710823029279709,0.06297340989112854,,45,,,
0.4444746971130371,97,,,,21,0.4798583984375,0.455089807510376,,46,,,
0.07638540118932724,98,,,,21,0.18787653744220734,0.1098327487707138,,47,,,
0.029403096064925194,99,,,,21,0.09853110462427139,0.05014149844646454,,48,,,
0.013649581000208855,100,,,,21,0.07474377751350403,0.03197783976793289,,49,,,
0.01782645843923092,101,,,,21,0.3721781075000763,0.12413196265697479,,50,,,
0.0610111765563488,102,,,,21,0.08462733030319214,0.06809602677822113,,51,,,
0.8980392217636108,103,,,,21,0.9273523688316345,0.9068331718444824,,52,,,
0.017951516434550285,104,,,,21,0.13045251369476318,0.05170181393623352,,53,,,
0.007080818060785532,105,,,,21,0.0638933777809143,0.024124586954712868,,54,,,
0.008966183289885521,106,,,,21,0.01755809597671032,0.011543757282197475,,55,,,
0.00749218137934804,107,,,,21,0.07236748933792114,0.0269547738134861,,56,,,
0.003012882312759757,108,,,,21,0.25374966859817505,0.07823392748832703,,57,,,
0.024214591830968857,109,,,,21,0.4202761948108673,0.14303308725357056,,58,,,
0.010714621283113956,110,,,,21,0.024752646684646606,0.014926029369235039,,59,,,
0.072408527135849,111,,,,21,0.1402219831943512,0.09275256097316742,,60,,,
0.07483313977718353,112,,,,21,0.20997624099254608,0.1153760701417923,,61,,,
0.05141868814826012,113,,,,21,0.1355859637260437,0.0766688734292984,,62,,,
0.003334559267386794,114,,,,21,0.020764155313372612,0.008563438430428505,,63,,,
0.02989574521780014,115,,,,21,0.38731738924980164,0.137122243642807,,64,,,
0.00891904253512621,116,,,,21,0.08840609341859818,0.03276515752077103,,65,,,
0.07475791871547699,117,,,,21,0.27748703956604004,0.13557665050029755,,66,,,
0.000993116176687181,118,,,,21,0.10109449177980423,0.031023530289530754,,67,,,
0.08132937550544739,119,,,,21,0.25618088245391846,0.13378483057022095,,68,,,
0.007415034342557192,120,,,,21,0.11088057607412338,0.038454700261354446,,69,,,
0.006707770749926567,121,,,,21,0.1106729805469513,0.03789733350276947,,70,,,
0.019331621006131172,122,,,,21,0.16620701551437378,0.06339424103498459,,71,,,
0.01088998094201088,123,,,,21,0.06082939729094505,0.02587180770933628,,72,,,
0.10016549378633499,124,,,,21,0.9172564148902893,0.3452927768230438,,73,,,
0.14787207543849945,125,,,,21,0.4663400650024414,0.24341247975826263,,74,,,
0.018476169556379318,126,,,,21,0.17000313103199005,0.06393425911664963,,75,,,
2.570553779602051,127,,,,21,1.1419596672058105,2.1419754028320312,,76,,,
0.007891547866165638,128,,,,21,0.5090097188949585,0.15822701156139374,,77,,,
0.03141786903142929,129,,,,21,0.08537258952856064,0.047604285180568695,,78,,,
0.004270126111805439,130,,,,21,0.09037066251039505,0.03010028973221779,,79,,,
0.27465716004371643,131,,,,21,0.37723222374916077,0.30542969703674316,,80,,,
2.280470609664917,132,,,,21,1.1621079444885254,1.9449617862701416,,81,,,
0.4356994926929474,133,,,,21,0.2623973488807678,0.3837088346481323,,82,,,
0.014709827490150928,134,,,,21,0.046268951147794724,0.024177566170692444,,83,,,
0.5034664869308472,135,,,,21,0.5775785446166992,0.5257000923156738,,84,,,
0.011848432011902332,136,,,,21,0.05294125899672508,0.024176280945539474,,85,,,
0.449521005153656,137,,,,21,0.7292158007621765,0.5334294438362122,,86,,,
0.0012392468051984906,138,,,,21,0.02513965778052807,0.008409370668232441,,87,,,
0.00046850196667946875,139,,,,21,0.18033979833126068,0.05442989245057106,,88,,,
0.2799648344516754,140,,,,21,0.8000198006629944,0.4359813332557678,,89,,,
0.2115500271320343,141,,,,21,0.2352968454360962,0.21867406368255615,,90,,,
0.029930220916867256,142,,,,21,0.27190080285072327,0.1025213971734047,,91,,,
0.41861870884895325,143,,,,21,0.35774990916252136,0.40035808086395264,,92,,,
0.001953242812305689,144,,,,21,0.23478704690933228,0.07180339097976685,,93,,,
0.0918545350432396,145,,,,21,0.3475587069988251,0.1685657948255539,,94,,,
0.03677688166499138,146,,,,21,0.13240164518356323,0.0654643103480339,,95,,,
0.028348010033369064,147,,,,21,0.08014991134405136,0.043888580054044724,,96,,,
0.0033814890775829554,148,,,,21,0.033028990030288696,0.012275739572942257,,97,,,
0.07391096651554108,149,,,,21,0.19497652351856232,0.11023063957691193,,98,,,
0.0012659162748605013,150,,,,21,0.012767779640853405,0.004716475494205952,,99,,,
0.043182373046875,151,,,,21,0.44208917021751404,0.1628544181585312,,0,,,
0.00015829740732442588,152,,,,21,0.18755300343036652,0.056376710534095764,,1,,,
0.014107266440987587,153,,,,21,0.11515539884567261,0.04442170634865761,,2,,,
0.02620755136013031,154,,,,21,0.09942390769720078,0.04817245900630951,,3,,,
0.0014669859083369374,155,,,,21,0.1374983936548233,0.04227641224861145,,4,,,
0.017274867743253708,156,,,,21,0.1679019182920456,0.06246298551559448,,5,,,
0.004910551942884922,157,,,,21,0.023044362664222717,0.010350694879889488,,6,,,
0.018764950335025787,158,,,,21,0.11700481921434402,0.0482369139790535,,7,,,
0.02890557236969471,159,,,,21,0.11683403700590134,0.05528411269187927,,8,,,
0.3978707790374756,160,,,,21,0.49578237533569336,0.42724424600601196,,9,,,
0.04698343202471733,161,,,,21,0.15416087210178375,0.0791366696357727,,10,,,
0.031549323350191116,162,,,,21,0.0927637591958046,0.04991365596652031,,11,,,
0.005012327339500189,163,,,,21,0.03254249319434166,0.013271377421915531,,12,,,
0.09607252478599548,164,,,,21,0.13831563293933868,0.10874545574188232,,13,,,
0.0029276625718921423,165,,,,21,0.031505994498729706,0.011501163244247437,,14,,,
0.03601040318608284,166,,,,21,0.08334696292877197,0.05021136999130249,,15,,,
0.385001003742218,167,,,,21,0.34591376781463623,0.3732748329639435,,16,,,
0.04747886583209038,168,,,,21,0.15160895884037018,0.07871789485216141,,17,,,
0.006113637704402208,169,,,,21,0.023931868374347687,0.01145910657942295,,18,,,
0.18573330342769623,170,,,,21,0.9808494448661804,0.4242681562900543,,19,,,
0.00043644916149787605,171,,,,21,0.09141204506158829,0.027729129418730736,,20,,,
0.0022935771849006414,172,,,,21,0.030954083427786827,0.010891729965806007,,21,,,
0.0007186928996816278,173,,,,21,0.3970731794834137,0.1196250468492508,,22,,,
0.0032564965076744556,174,,,,21,0.05509397014975548,0.01880773901939392,,23,,,
0.24264833331108093,175,,,,21,0.5525720715522766,0.33562546968460083,,24,,,
0.005207308568060398,176,,,,21,0.023793712258338928,0.01078322995454073,,25,,,
0.0035388958640396595,177,,,,21,0.033790331333875656,0.012614326551556587,,26,,,
0.009877612814307213,178,,,,21,0.2808714807033539,0.09117577970027924,,27,,,
0.313659131526947,179,,,,21,0.5322549939155579,0.3792378902435303,,28,,,
0.1744057536125183,180,,,,21,0.2995232045650482,0.21194100379943848,,29,,,
0.008243583142757416,181,,,,21,0.06564914435148239,0.02546525187790394,,30,,,
0.011004826053977013,182,,,,21,0.14461125433444977,0.05108675733208656,,31,,,
0.02044367976486683,183,,,,21,0.1492801308631897,0.059094615280628204,,32,,,
0.18648158013820648,184,,,,21,0.3714565336704254,0.24197407066822052,,33,,,
1.1116197109222412,185,,,,21,0.8974693417549133,1.0473746061325073,,34,,,
0.026422012597322464,186,,,,21,0.16335533559322357,0.06750201433897018,,35,,,
0.4787014424800873,187,,,,21,0.48519158363342285,0.4806484580039978,,36,,,
0.0007594323833473027,188,,,,21,0.22534702718257904,0.06813570857048035,,37,,,
0.0014112761709839106,189,,,,21,0.03788399323821068,0.01235309150069952,,38,,,
0.05314459279179573,190,,,,21,0.28196462988853455,0.12179060280323029,,39,,,
0.003228810615837574,191,,,,21,0.021677421405911446,0.008763394318521023,,40,,,
0.003475104458630085,192,,,,21,0.056212279945611954,0.019296258687973022,,41,,,
0.024023396894335747,193,,,,21,0.07460737228393555,0.03919859230518341,,42,,,
0.021135695278644562,194,,,,21,0.0520813949406147,0.030419405549764633,,43,,,
0.01069138664752245,195,,,,21,0.5561993718147278,0.1743437945842743,,44,,,
0.0002603192115202546,196,,,,21,0.2632535696029663,0.07915829867124557,,45,,,
0.003417130559682846,197,,,,21,0.0124167175963521,0.00611700676381588,,46,,,
1.0705689191818237,198,,,,21,1.0209828615188599,1.0556931495666504,,47,,,
0.0032789534889161587,199,,,,21,0.03637934476137161,0.013209071010351181,,48,,,
0.7884663939476013,200,,,,21,0.6560603976249695,0.7487446069717407,,49,,,
0.0024361712858080864,201,,,,21,0.8140154480934143,0.24590995907783508,,50,,,
0.01476268656551838,202,,,,21,0.26744529604911804,0.09056746959686279,,51,,,
0.022048581391572952,203,,,,21,0.07088292390108109,0.03669888526201248,,52,,,
0.02853212133049965,204,,,,21,0.15227212011814117,0.06565412133932114,,53,,,
0.13032738864421844,205,,,,21,0.7626532912254333,0.32002514600753784,,54,,,
7.295342220459133e-05,206,,,,21,0.5630519986152649,0.16896666586399078,,55,,,
0.04265647754073143,207,,,,21,0.40877363085746765,0.15249162912368774,,56,,,
2.3562991619110107,208,,,,21,1.345307469367981,2.053001642227173,,57,,,
0.0031333896331489086,209,,,,21,0.1366901695728302,0.043200425803661346,,58,,,
0.13789543509483337,210,,,,21,0.3085886240005493,0.1891033947467804,,59,,,
0.5396411418914795,211,,,,21,0.784977376461029,0.6132420301437378,,60,,,
0.06191853806376457,212,,,,21,0.18183408677577972,0.09789320826530457,,61,,,
0.7859994173049927,213,,,,21,0.57233065366745,0.7218987941741943,,62,,,
0.004473559092730284,214,,,,21,0.02782050333917141,0.011477642692625523,,63,,,
0.30904555320739746,215,,,,21,0.4720039367675781,0.35793307423591614,,64,,,
0.18304572999477386,216,,,,21,0.42224347591400146,0.2548050582408905,,65,,,
0.03726166486740112,217,,,,21,0.5751320719718933,0.19862279295921326,,66,,,
0.00839407928287983,218,,,,21,0.13717252016067505,0.04702761396765709,,67,,,
0.07938063889741898,219,,,,21,0.17366550862789154,0.10766610503196716,,68,,,
0.06741467863321304,220,,,,21,0.4904114007949829,0.19431370496749878,,69,,,
0.10617658495903015,221,,,,21,0.9726333618164062,0.3661136031150818,,70,,,
0.06426741182804108,222,,,,21,0.1701318770647049,0.09602674841880798,,71,,,
0.19490627944469452,223,,,,21,0.36218178272247314,0.24508893489837646,,72,,,
0.013155215419828892,224,,,,21,0.06414061784744263,0.02845083549618721,,73,,,
0.20823471248149872,225,,,,21,0.5656635165214539,0.3154633641242981,,74,,,
0.017088552936911583,226,,,,21,0.14842407405376434,0.056489214301109314,,75,,,
0.010397905483841896,227,,,,21,0.07148102670907974,0.028722843155264854,,76,,,
0.026004426181316376,228,,,,21,0.11731245368719101,0.053396835923194885,,77,,,
0.04092826694250107,229,,,,21,0.39028680324554443,0.14573583006858826,,78,,,
0.02574142999947071,230,,,,21,1.5977263450622559,0.4973369240760803,,79,,,
0.16516216099262238,231,,,,21,0.2635429799556732,0.19467639923095703,,80,,,
0.04923052713274956,232,,,,21,0.13871236145496368,0.07607507705688477,,81,,,
0.29728978872299194,233,,,,21,0.4569226801395416,0.3451796770095825,,82,,,
0.004095857031643391,234,,,,21,0.025871073827147484,0.01062842272222042,,83,,,
0.028523432090878487,235,,,,21,0.14670510590076447,0.0639779344201088,,84,,,
0.005319725722074509,236,,,,21,0.04968665912747383,0.018629806116223335,,85,,,
0.24535679817199707,237,,,,21,0.34767261147499084,0.2760515511035919,,86,,,
0.04515216872096062,238,,,,21,0.14375296235084534,0.07473240792751312,,87,,,
0.007360719610005617,239,,,,21,0.04758596047759056,0.01942829228937626,,88,,,
0.003349529579281807,240,,,,21,0.026343949139118195,0.010247855447232723,,89,,,
0.06570979207754135,241,,,,21,0.690115213394165,0.2530314326286316,,90,,,
0.02624250389635563,242,,,,21,0.04660959541797638,0.03235263377428055,,91,,,
0.23219507932662964,243,,,,21,0.3094851076602936,0.25538209080696106,,92,,,
0.004749920219182968,244,,,,21,0.04182901978492737,0.015873650088906288,,93,,,
0.028771568089723587,245,,,,21,0.09368044137954712,0.048244230449199677,,94,,,
0.07733563333749771,246,,,,21,0.16753073036670685,0.10439416766166687,,95,,,
0.003091201651841402,247,,,,21,0.05207711458206177,0.01778697595000267,,96,,,
0.0851973220705986,248,,,,21,0.5589168071746826,0.22731317579746246,,97,,,
0.06050243228673935,249,,,,21,0.706371009349823,0.2542630136013031,,98,,,
0.031055061146616936,250,,,,21,0.04525960609316826,0.03531642258167267,,99,,,
0.007841518148779869,251,,,,21,0.05342640355229378,0.021516984328627586,,0,,,
0.000910344475414604,252,,,,21,0.01300628762692213,0.004539127461612225,,1,,,
0.0005626287311315536,253,,,,21,0.007671315222978592,0.002695234725251794,,2,,,
0.004546780604869127,254,,,,21,0.03792518377304077,0.014560301788151264,,3,,,
0.031139304861426353,255,,,,21,0.14093898236751556,0.06407921016216278,,4,,,
0.00918248388916254,256,,,,21,0.2891867756843567,0.09318377077579498,,5,,,
0.014301422983407974,257,,,,21,0.07815477252006531,0.033457428216934204,,6,,,
0.0011812621960416436,258,,,,21,0.10314500331878662,0.031770385801792145,,7,,,
0.0022142434027045965,259,,,,21,0.03064369224011898,0.010743078775703907,,8,,,
0.006903487257659435,260,,,,21,0.05151057615876198,0.02028561383485794,,9,,,
0.030822867527604103,261,,,,21,0.15214647352695465,0.06721995025873184,,10,,,
0.06140408664941788,262,,,,21,0.3078726828098297,0.13534466922283173,,11,,,
0.13073907792568207,263,,,,21,0.4977072775363922,0.24082952737808228,,12,,,
0.023426774889230728,264,,,,21,0.4518601596355438,0.15195679664611816,,13,,,
1.385127305984497,265,,,,21,1.1497420072555542,1.314511775970459,,14,,,
0.0017494149506092072,266,,,,21,0.025682538747787476,0.008929352276027203,,15,,,
0.032221462577581406,267,,,,21,0.24999944865703583,0.09755486249923706,,16,,,
,,,,,21,,,,17,0.18364804983139038,0.8157894611358643,0.6477128863334656
0.290842741727829,0,,,,22,0.989551842212677,0.5004554986953735,,18,,,
0.004115208517760038,1,,,,22,0.025055034086108208,0.010397156700491905,,19,,,
0.0014771036803722382,2,,,,22,0.01351607870310545,0.0050887963734567165,,20,,,
0.05049075186252594,3,,,,22,0.5604000687599182,0.20346355438232422,,21,,,
0.06270550191402435,4,,,,22,0.09698498249053955,0.07298934459686279,,22,,,
0.0018673378508538008,5,,,,22,0.09552789479494095,0.029965506866574287,,23,,,
0.025460002943873405,6,,,,22,0.1533544808626175,0.06382834911346436,,24,,,
0.023925168439745903,7,,,,22,0.040588077157735825,0.028924040496349335,,25,,,
0.019920876249670982,8,,,,22,0.08129439502954483,0.03833293169736862,,26,,,
0.02755996398627758,9,,,,22,0.264478474855423,0.09863551706075668,,27,,,
0.020440174266695976,10,,,,22,0.2832828760147095,0.09929299354553223,,28,,,
0.5853214263916016,11,,,,22,0.60710608959198,0.591856837272644,,29,,,
0.021034030243754387,12,,,,22,0.07891391962766647,0.03839799761772156,,30,,,
0.10676248371601105,13,,,,22,0.6053997874259949,0.2563536763191223,,31,,,
0.027255848050117493,14,,,,22,0.311405748128891,0.11250081658363342,,32,,,
0.0011300613405182958,15,,,,22,0.026410505175590515,0.008714195340871811,,33,,,
0.1573685109615326,16,,,,22,0.5071840882301331,0.26231318712234497,,34,,,
0.0005110388156026602,17,,,,22,0.006255436688661575,0.0022343583405017853,,35,,,
1.0007224082946777,18,,,,22,0.9272734522819519,0.9786877632141113,,36,,,
0.009452586993575096,19,,,,22,0.270031213760376,0.08762617409229279,,37,,,
0.3954737186431885,20,,,,22,0.8882716298103333,0.5433130860328674,,38,,,
0.06844383478164673,21,,,,22,0.17573456466197968,0.10063105821609497,,39,,,
0.02960425801575184,22,,,,22,0.2226380705833435,0.08751440048217773,,40,,,
0.021843327209353447,23,,,,22,0.26000866293907166,0.09329292923212051,,41,,,
0.002689674962311983,24,,,,22,0.1529446244239807,0.04776616021990776,,42,,,
0.025707736611366272,25,,,,22,0.318895548582077,0.11366408318281174,,43,,,
0.15044888854026794,26,,,,22,0.11988069862127304,0.1412784308195114,,44,,,
0.002283705398440361,27,,,,22,0.011666740290820599,0.005098615773022175,,45,,,
0.023007120937108994,28,,,,22,0.08178424090147018,0.04064025729894638,,46,,,
0.03292625769972801,29,,,,22,0.1608222872018814,0.07129506766796112,,47,,,
0.04533138871192932,30,,,,22,0.19009526073932648,0.08876055479049683,,48,,,
0.1412564218044281,31,,,,22,0.2845684587955475,0.18425002694129944,,49,,,
0.37093520164489746,32,,,,22,0.5622000694274902,0.4283146858215332,,50,,,
0.024400746449828148,33,,,,22,0.14408476650714874,0.06030595302581787,,51,,,
2.168025016784668,34,,,,22,1.2910078763961792,1.9049198627471924,,52,,,
0.04191861301660538,35,,,,22,0.11774574965238571,0.0646667554974556,,53,,,
0.0006696127820760012,36,,,,22,0.06257516890764236,0.01924128085374832,,54,,,
0.560415506362915,37,,,,22,0.6337551474571228,0.5824174284934998,,55,,,
0.028808053582906723,38,,,,22,0.2800026535987854,0.1041664332151413,,56,,,
0.01921457052230835,39,,,,22,0.2382366806268692,0.0849212035536766,,57,,,
0.10967731475830078,40,,,,22,0.3713337481021881,0.18817424774169922,,58,,,
0.0293167382478714,41,,,,22,0.0683709904551506,0.04103301465511322,,59,,,
0.1507066935300827,42,,,,22,0.4163796007633209,0.23040857911109924,,60,,,
0.22443771362304688,43,,,,22,0.36361372470855713,0.2661905288696289,,61,,,
0.13547906279563904,44,,,,22,0.3513756990432739,0.20024806261062622,,62,,,
0.02678510919213295,45,,,,22,0.06881161779165268,0.03939305990934372,,63,,,
0.06552357971668243,46,,,,22,0.14735619723796844,0.090073361992836,,64,,,
0.025696350261569023,47,,,,22,0.16928493976593018,0.06877292692661285,,65,,,
0.09120945632457733,48,,,,22,0.3190474212169647,0.15956085920333862,,66,,,
0.24912497401237488,49,,,,22,0.4035417139530182,0.29545000195503235,,67,,,
0.10231225937604904,50,,,,22,0.21137624979019165,0.13503146171569824,,68,,,
0.0028385131154209375,51,,,,22,0.028181036934256554,0.010441270656883717,,69,,,
0.0016809870721772313,52,,,,22,0.03719312325119972,0.012334628030657768,,70,,,
0.003789032343775034,53,,,,22,0.0798538476228714,0.026608478277921677,,71,,,
0.029669297859072685,54,,,,22,0.11063889414072037,0.053960178047418594,,72,,,
0.10322173684835434,55,,,,22,0.18552179634571075,0.1279117614030838,,73,,,
1.8246921300888062,56,,,,22,0.9051783680915833,1.5488380193710327,,74,,,
0.0071847401559352875,57,,,,22,0.05508669093251228,0.021555326879024506,,75,,,
0.11669430136680603,58,,,,22,0.9428501129150391,0.36454105377197266,,76,,,
0.03430072218179703,59,,,,22,0.09530258178710938,0.05260128155350685,,77,,,
0.05498938634991646,60,,,,22,0.2764225900173187,0.12141935527324677,,78,,,
0.2819978594779968,61,,,,22,0.7979046702384949,0.43676990270614624,,79,,,
0.0004514628672040999,62,,,,22,0.12431121617555618,0.037609390914440155,,80,,,
0.03207947686314583,63,,,,22,0.10974199324846268,0.05537823215126991,,81,,,
0.015897903591394424,64,,,,22,0.16217045485973358,0.05977967381477356,,82,,,
0.035761758685112,65,,,,22,0.7443504333496094,0.24833837151527405,,83,,,
1.0398728847503662,66,,,,22,0.7944560647010803,0.9662477970123291,,84,,,
0.10329785943031311,67,,,,22,0.19635479152202606,0.1312149465084076,,85,,,
0.02987757883965969,68,,,,22,0.1917949765920639,0.07845279574394226,,86,,,
0.007656868547201157,69,,,,22,0.07785505801439285,0.028716325759887695,,87,,,
0.03884796425700188,70,,,,22,0.10238340497016907,0.057908594608306885,,88,,,
0.04479590803384781,71,,,,22,0.1415807157754898,0.07383134961128235,,89,,,
0.17519746720790863,72,,,,22,0.22853220999240875,0.19119790196418762,,90,,,
0.019708406180143356,73,,,,22,0.06985849142074585,0.03475343436002731,,91,,,
0.27216818928718567,74,,,,22,0.92630535364151,0.46840932965278625,,92,,,
0.008325986564159393,75,,,,22,0.04143952950835228,0.01826005056500435,,93,,,
0.001065282616764307,76,,,,22,0.020470721647143364,0.00688691483810544,,94,,,
0.14673349261283875,77,,,,22,0.29986777901649475,0.19267377257347107,,95,,,
0.02360224723815918,78,,,,22,0.19421742856502533,0.07478680461645126,,96,,,
0.02750684879720211,79,,,,22,0.07862033694982529,0.04284089803695679,,97,,,
0.02416956052184105,80,,,,22,0.1285063475370407,0.05547059699892998,,98,,,
0.00654055830091238,81,,,,22,0.13005176186561584,0.04359392076730728,,99,,,
0.03415960818529129,82,,,,22,0.27476784586906433,0.10634207725524902,,0,,,
0.01697276346385479,83,,,,22,0.14723248779773712,0.056050680577754974,,1,,,
0.03817888721823692,84,,,,22,0.11507132649421692,0.06124662235379219,,2,,,
0.01727205514907837,85,,,,22,0.05162227526307106,0.027577120810747147,,3,,,
0.002283705398440361,86,,,,22,0.3846481740474701,0.11699305474758148,,4,,,
0.1098533496260643,87,,,,22,0.19515013694763184,0.13544239103794098,,5,,,
0.011653915978968143,88,,,,22,0.07130932062864304,0.02955053746700287,,6,,,
0.010978415608406067,89,,,,22,0.4023130238056183,0.12837880849838257,,7,,,
0.018968496471643448,90,,,,22,0.09573564678430557,0.041998643428087234,,8,,,
0.14961956441402435,91,,,,22,0.49278149008750916,0.2525681257247925,,9,,,
0.4040190875530243,92,,,,22,0.3608323037624359,0.39106306433677673,,10,,,
0.0003763920976780355,93,,,,22,0.058820825070142746,0.01790972240269184,,11,,,
0.061660896986722946,94,,,,22,0.11200187355279922,0.07676319777965546,,12,,,
0.07921325415372849,95,,,,22,0.18960732221603394,0.11233147978782654,,13,,,
0.547976016998291,96,,,,22,0.9305009245872498,0.6627334952354431,,14,,,
0.004412438720464706,97,,,,22,0.0556379109621048,0.019780080765485764,,15,,,
0.04379984736442566,98,,,,22,0.1064278781414032,0.06258825957775116,,16,,,
0.0002824861148837954,99,,,,22,0.2304726392030716,0.06933953613042831,,17,,,
0.004866778384894133,100,,,,22,0.04389629140496254,0.016575632616877556,,18,,,
0.0043863276951014996,101,,,,22,0.05811464786529541,0.020504824817180634,,19,,,
0.16284935176372528,102,,,,22,0.2665986120700836,0.19397413730621338,,20,,,
0.004213147796690464,103,,,,22,0.03744329884648323,0.014182193204760551,,21,,,
0.006006997544318438,104,,,,22,0.041021350771188736,0.016511304304003716,,22,,,
0.00787309743463993,105,,,,22,0.08363545686006546,0.030601806938648224,,23,,,
0.8918240070343018,106,,,,22,1.0000375509262085,0.9242880940437317,,24,,,
0.6576865315437317,107,,,,22,0.7818167805671692,0.6949256062507629,,25,,,
0.0011954312212765217,108,,,,22,0.7043680548667908,0.21214723587036133,,26,,,
0.015713561326265335,109,,,,22,0.07453098893165588,0.03335878998041153,,27,,,
1.8426434993743896,110,,,,22,0.9622669816017151,1.5785305500030518,,28,,,
0.023333610966801643,111,,,,22,0.3385063111782074,0.11788542568683624,,29,,,
0.0070119258016347885,112,,,,22,0.04055449739098549,0.017074698582291603,,30,,,
0.008534387685358524,113,,,,22,0.04723040387034416,0.020143192261457443,,31,,,
0.11463604867458344,114,,,,22,0.17474864423274994,0.1326698362827301,,32,,,
0.6199565529823303,115,,,,22,0.6046280264854431,0.6153579950332642,,33,,,
0.13828356564044952,116,,,,22,0.17096279561519623,0.14808733761310577,,34,,,
0.09014955908060074,117,,,,22,0.2042984962463379,0.1243942379951477,,35,,,
0.05500010773539543,118,,,,22,0.9876038432121277,0.3347812294960022,,36,,,
1.725785255432129,119,,,,22,1.2747820615768433,1.5904842615127563,,37,,,
0.006109965033829212,120,,,,22,0.10833370685577393,0.03677709028124809,,38,,,
0.04202720895409584,121,,,,22,0.24694566428661346,0.10350275039672852,,39,,,
1.5218393802642822,122,,,,22,1.141666054725647,1.4077874422073364,,40,,,
0.009345948696136475,123,,,,22,0.06037139520049095,0.024653583765029907,,41,,,
0.005373439285904169,124,,,,22,0.539264976978302,0.1655409038066864,,42,,,
0.3971497118473053,125,,,,22,0.4939499795436859,0.4261897802352905,,43,,,
0.003933550789952278,126,,,,22,0.0238322913646698,0.009903172962367535,,44,,,
0.07525382936000824,127,,,,22,0.43420135974884033,0.1829380840063095,,45,,,
0.015097398310899734,128,,,,22,0.3406080901622772,0.11275061219930649,,46,,,
0.00032729512895457447,129,,,,22,0.04756729304790497,0.014499294571578503,,47,,,
0.07000870257616043,130,,,,22,0.5890284776687622,0.22571463882923126,,48,,,
0.013819371350109577,131,,,,22,1.4327532052993774,0.43949955701828003,,49,,,
0.01673833094537258,132,,,,22,0.11494997888803482,0.04620182514190674,,50,,,
0.015743369236588478,133,,,,22,0.19260525703430176,0.06880193948745728,,51,,,
0.12287802249193192,134,,,,22,0.6770468354225159,0.2891286611557007,,52,,,
0.004866540897637606,135,,,,22,0.1458420604467392,0.04715919494628906,,53,,,
0.0017739288741722703,136,,,,22,0.2679756283760071,0.08163443952798843,,54,,,
0.014515398070216179,137,,,,22,0.0719941034913063,0.03175900876522064,,55,,,
0.01484197098761797,138,,,,22,0.5709822177886963,0.18168404698371887,,56,,,
0.0023982354905456305,139,,,,22,0.15040312707424164,0.04679970443248749,,57,,,
0.024799464270472527,140,,,,22,0.2782771587371826,0.10084277391433716,,58,,,
0.0024435443338006735,141,,,,22,0.02506077289581299,0.009228713810443878,,59,,,
0.006323567125946283,142,,,,22,0.2731112241744995,0.08635986596345901,,60,,,
0.02783488854765892,143,,,,22,0.15484943985939026,0.06593925505876541,,61,,,
0.058623045682907104,144,,,,22,0.24731047451496124,0.1152292788028717,,62,,,
0.4775242805480957,145,,,,22,0.5710880160331726,0.5055934190750122,,63,,,
0.04711388051509857,146,,,,22,0.16282165050506592,0.08182621002197266,,64,,,
0.0018032018560916185,147,,,,22,0.034317243844270706,0.011557414196431637,,65,,,
0.1502600610256195,148,,,,22,0.19674134254455566,0.1642044484615326,,66,,,
0.2596248984336853,149,,,,22,0.521618127822876,0.338222861289978,,67,,,
0.03397618234157562,150,,,,22,0.07017645984888077,0.044836267828941345,,68,,,
0.003356420435011387,151,,,,22,0.01628490723669529,0.0072349663823843,,69,,,
0.013528687879443169,152,,,,22,0.07344339042901993,0.0315030962228775,,70,,,
0.019227784126996994,153,,,,22,0.193429633975029,0.07148834317922592,,71,,,
0.16359813511371613,154,,,,22,0.37361273169517517,0.22660252451896667,,72,,,
0.0035813022404909134,155,,,,22,0.15949790179729462,0.05035628378391266,,73,,,
0.2783052623271942,156,,,,22,0.4248006045818329,0.32225388288497925,,74,,,
0.005714626982808113,157,,,,22,0.04092169925570488,0.016276748850941658,,75,,,
0.6606658697128296,158,,,,22,1.0247279405593872,0.769884467124939,,76,,,
0.01443655788898468,159,,,,22,0.35568347573280334,0.1168106347322464,,77,,,
0.0027528032660484314,160,,,,22,0.12396665662527084,0.039116960018873215,,78,,,
0.0010268182959407568,161,,,,22,0.23955322802066803,0.07258474081754684,,79,,,
0.03277767822146416,162,,,,22,0.14846764504909515,0.06748466938734055,,80,,,
0.009004934690892696,163,,,,22,0.037060901522636414,0.017421724274754524,,81,,,
0.36833643913269043,164,,,,22,1.0650880336761475,0.5773619413375854,,82,,,
0.050353262573480606,165,,,,22,0.11042206734418869,0.068373903632164,,83,,,
0.0010311054065823555,166,,,,22,0.04807121679186821,0.015143139287829399,,84,,,
0.0007620529504492879,167,,,,22,0.06806054711341858,0.02095160260796547,,85,,,
0.9042198061943054,168,,,,22,0.7425570487976074,0.8557209968566895,,86,,,
0.017934655770659447,169,,,,22,0.0975901260972023,0.04183129966259003,,87,,,
1.0018609762191772,170,,,,22,0.8132094740867615,0.945265531539917,,88,,,
0.014750353060662746,171,,,,22,0.08781018108129501,0.03666830062866211,,89,,,
0.251171350479126,172,,,,22,0.5825732946395874,0.3505919575691223,,90,,,
0.12096472084522247,173,,,,22,0.16713976860046387,0.1348172426223755,,91,,,
0.684394896030426,174,,,,22,0.9616803526878357,0.767580509185791,,92,,,
0.0024700628127902746,175,,,,22,0.02388302981853485,0.008893952704966068,,93,,,
0.0015654225135222077,176,,,,22,0.022815385833382607,0.007940411567687988,,94,,,
0.3314913511276245,177,,,,22,0.7923786640167236,0.4697575569152832,,95,,,
0.0020945770666003227,178,,,,22,0.8303030133247375,0.2505571246147156,,96,,,
0.013975026085972786,179,,,,22,0.04973899945616722,0.0247042179107666,,97,,,
0.04707134887576103,180,,,,22,0.4808104932308197,0.17719309031963348,,98,,,
0.02572028525173664,181,,,,22,0.06870616227388382,0.03861604630947113,,99,,,
0.003687251126393676,182,,,,22,0.03857617452740669,0.014153928495943546,,0,,,
0.015252267010509968,183,,,,22,0.2509494721889496,0.08596143126487732,,1,,,
0.013707906007766724,184,,,,22,0.033431198447942734,0.019624892622232437,,2,,,
0.03420879691839218,185,,,,22,0.39013585448265076,0.14098691940307617,,3,,,
0.10986039787530899,186,,,,22,0.8058705925941467,0.31866347789764404,,4,,,
0.40266549587249756,187,,,,22,0.5196886658668518,0.4377724528312683,,5,,,
0.06508101522922516,188,,,,22,0.1535324603319168,0.09161645174026489,,6,,,
0.008121324703097343,189,,,,22,0.026860594749450684,0.01374310627579689,,7,,,
0.17572760581970215,190,,,,22,0.4034671485424042,0.24404947459697723,,8,,,
0.006170152686536312,191,,,,22,0.022927692160010338,0.011197414249181747,,9,,,
0.0007188120507635176,192,,,,22,0.015087506733834743,0.005029420834034681,,10,,,
0.000713213172275573,193,,,,22,0.7291334271430969,0.2192392796278,,11,,,
0.005503739695996046,194,,,,22,0.015926538035273552,0.008630579337477684,,12,,,
0.13992361724376678,195,,,,22,0.48867735266685486,0.24454975128173828,,13,,,
0.037426114082336426,196,,,,22,0.4351644515991211,0.15674762427806854,,14,,,
0.009065302088856697,197,,,,22,0.043998975306749344,0.019545404240489006,,15,,,
2.3271801471710205,198,,,,22,0.9255900979042053,1.9067031145095825,,16,,,
0.04229361191391945,199,,,,22,0.20077089965343475,0.08983679860830307,,17,,,
0.06408674269914627,200,,,,22,0.2227833867073059,0.11169573664665222,,18,,,
0.0035922301467508078,201,,,,22,0.11017048358917236,0.035565707832574844,,19,,,
0.01945204846560955,202,,,,22,0.07320240139961243,0.03557715564966202,,20,,,
0.00791756808757782,203,,,,22,0.050616681575775146,0.020727302879095078,,21,,,
0.1834719032049179,204,,,,22,0.6215951442718506,0.314908891916275,,22,,,
0.003805777058005333,205,,,,22,0.021147621795535088,0.009008330292999744,,23,,,
0.011266893707215786,206,,,,22,0.33001700043678284,0.106891930103302,,24,,,
0.04549144208431244,207,,,,22,0.3728741705417633,0.14370626211166382,,25,,,
0.3400730788707733,208,,,,22,0.43906334042549133,0.3697701692581177,,26,,,
0.06862371414899826,209,,,,22,0.13794781267642975,0.08942094445228577,,27,,,
0.013041910715401173,210,,,,22,0.0631445124745369,0.028072692453861237,,28,,,
0.048571884632110596,211,,,,22,0.1431630402803421,0.07694923132658005,,29,,,
0.0034294859506189823,212,,,,22,0.25814124941825867,0.07984301447868347,,30,,,
5.686121585313231e-05,213,,,,22,0.5503460764884949,0.16514362394809723,,31,,,
0.011383110657334328,214,,,,22,0.06641823798418045,0.02789364755153656,,32,,,
1.5282601118087769,215,,,,22,1.0456780195236206,1.3834854364395142,,33,,,
0.08142003417015076,216,,,,22,0.40620002150535583,0.17885403335094452,,34,,,
0.00790952518582344,217,,,,22,0.07558857649564743,0.028213242068886757,,35,,,
0.10512331873178482,218,,,,22,0.12796323001384735,0.11197529733181,,36,,,
0.002162381773814559,219,,,,22,0.04447905346751213,0.014857384376227856,,37,,,
0.01653585210442543,220,,,,22,0.05523178353905678,0.028144631534814835,,38,,,
0.4879646897315979,221,,,,22,0.7131473422050476,0.5555194616317749,,39,,,
0.005467817187309265,222,,,,22,0.07596118748188019,0.026615828275680542,,40,,,
0.12845870852470398,223,,,,22,0.2701319456100464,0.1709606796503067,,41,,,
2.446793794631958,224,,,,22,1.1043816804885864,2.044070243835449,,42,,,
0.13777412474155426,225,,,,22,0.4567832052707672,0.23347684741020203,,43,,,
0.006066361907869577,226,,,,22,0.017975419759750366,0.009639078751206398,,44,,,
0.24288500845432281,227,,,,22,0.3966822624206543,0.2890241742134094,,45,,,
0.029400549829006195,228,,,,22,0.08373000472784042,0.04569938778877258,,46,,,
0.01355726644396782,229,,,,22,0.10962427407503128,0.042377371340990067,,47,,,
0.08358687162399292,230,,,,22,0.47688689827919006,0.20157688856124878,,48,,,
0.05055399611592293,231,,,,22,0.380317360162735,0.14948301017284393,,49,,,
0.057777389883995056,232,,,,22,0.9137886166572571,0.3145807683467865,,50,,,
0.031078174710273743,233,,,,22,0.23552437126636505,0.09241203218698502,,51,,,
0.0007470439304597676,234,,,,22,0.11054337024688721,0.033685941249132156,,52,,,
0.08250097185373306,235,,,,22,0.37353336811065674,0.1698106974363327,,53,,,
0.006441544275730848,236,,,,22,0.04713982343673706,0.018651029095053673,,54,,,
0.011859622783958912,237,,,,22,0.03409075364470482,0.01852896250784397,,55,,,
0.001374253653921187,238,,,,22,0.33516883850097656,0.10151263326406479,,56,,,
0.0036965152248740196,239,,,,22,0.030218085274100304,0.011652986519038677,,57,,,
0.0004687402688432485,240,,,,22,0.021138789132237434,0.006669755093753338,,58,,,
0.01176973432302475,241,,,,22,0.10899019241333008,0.04093587398529053,,59,,,
0.0006700892699882388,242,,,,22,0.045588668435811996,0.014145663939416409,,60,,,
0.004273212049156427,243,,,,22,0.015796929597854614,0.007730327546596527,,61,,,
0.2516966164112091,244,,,,22,0.30785664916038513,0.26854461431503296,,62,,,
0.021878434345126152,245,,,,22,0.07207486778497696,0.03693736344575882,,63,,,
0.017970366403460503,246,,,,22,0.05291690304875374,0.028454327955842018,,64,,,
0.0005726366653107107,247,,,,22,0.05678896978497505,0.017437536269426346,,65,,,
0.0026856327895075083,248,,,,22,0.020641641691327095,0.008072435855865479,,66,,,
0.1627001315355301,249,,,,22,0.9131741523742676,0.3878423273563385,,67,,,
0.013803498819470406,250,,,,22,0.07288279384374619,0.031527288258075714,,68,,,
0.012724753469228745,251,,,,22,0.07079821825027466,0.030146794393658638,,69,,,
0.0017755947774276137,252,,,,22,0.04640449211001396,0.015164264477789402,,70,,,
0.08205630630254745,253,,,,22,0.18468742072582245,0.11284564435482025,,71,,,
0.05883437767624855,254,,,,22,0.25436291098594666,0.11749294400215149,,72,,,
0.032215461134910583,255,,,,22,0.11364761739969254,0.05664511024951935,,73,,,
0.004235345870256424,256,,,,22,0.15171605348587036,0.048479560762643814,,74,,,
0.05240617319941521,257,,,,22,0.22874604165554047,0.10530813783407211,,75,,,
0.005405571311712265,258,,,,22,0.020194092765450478,0.009842127561569214,,76,,,
0.34697404503822327,259,,,,22,0.4960404336452484,0.39169394969940186,,77,,,
0.20700818300247192,260,,,,22,0.3244796693325043,0.24224963784217834,,78,,,
0.07535090297460556,261,,,,22,0.1632211059331894,0.10171196609735489,,79,,,
0.0038545848801732063,262,,,,22,0.16215012967586517,0.05134325101971626,,80,,,
0.10413403809070587,263,,,,22,0.2345494031906128,0.14325866103172302,,81,,,
0.0020283141639083624,264,,,,22,0.2399170845746994,0.07339494675397873,,82,,,
0.001057661371305585,265,,,,22,0.1849767565727234,0.056233394891023636,,83,,,
0.009636905044317245,266,,,,22,0.052164476364851,0.0223951768130064,,84,,,
0.13154365122318268,267,,,,22,0.1551671326160431,0.1386306881904602,,85,,,
,,,,,22,,,,86,0.1916799396276474,0.8157894611358643,0.6204952597618103
0.7789708375930786,0,,,,23,0.8872597813606262,0.8114575147628784,,87,,,
0.197036474943161,1,,,,23,0.8563101887702942,0.39481860399246216,,88,,,
0.03437593951821327,2,,,,23,0.24460972845554352,0.09744607657194138,,89,,,
1.9877796173095703,3,,,,23,1.0704909563064575,1.7125930786132812,,90,,,
0.005339527502655983,4,,,,23,0.5647000670433044,0.17314769327640533,,91,,,
0.011715774424374104,5,,,,23,0.07666801661252975,0.031201448291540146,,92,,,
0.02699410915374756,6,,,,23,0.10011500120162964,0.04893037676811218,,93,,,
0.02025596797466278,7,,,,23,0.12205904722213745,0.05079689249396324,,94,,,
0.028569310903549194,8,,,,23,0.0724758505821228,0.041741274297237396,,95,,,
0.10596741735935211,9,,,,23,0.9101983904838562,0.347236692905426,,96,,,
0.028092699125409126,10,,,,23,0.3764514625072479,0.132600337266922,,97,,,
0.5014281272888184,11,,,,23,0.570451557636261,0.5221351385116577,,98,,,
0.0001728385395836085,12,,,,23,0.17652954161167145,0.05307985097169876,,99,,,
0.049780428409576416,13,,,,23,0.12113344669342041,0.07118633389472961,,0,,,
0.04033912718296051,14,,,,23,0.0923217311501503,0.05593390762805939,,1,,,
0.05635754391551018,15,,,,23,0.20334231853485107,0.1004529744386673,,2,,,
0.03346029296517372,16,,,,23,0.06626216322183609,0.04330085217952728,,3,,,
0.046892665326595306,17,,,,23,0.12135350704193115,0.06923092156648636,,4,,,
0.006866903975605965,18,,,,23,0.01790904812514782,0.010179547592997551,,5,,,
0.9203232526779175,19,,,,23,1.0689769983291626,0.9649193286895752,,6,,,
0.004936056211590767,20,,,,23,0.019498487934470177,0.00930478610098362,,7,,,
0.18857786059379578,21,,,,23,0.28874829411506653,0.21862898766994476,,8,,,
0.058215659111738205,22,,,,23,0.24659089744091034,0.11472822725772858,,9,,,
0.006307930685579777,23,,,,23,0.03983411565423012,0.016365785151720047,,10,,,
0.19988512992858887,24,,,,23,0.3222080171108246,0.23658201098442078,,11,,,
0.059453047811985016,25,,,,23,0.32923951745033264,0.14038899540901184,,12,,,
1.7861257791519165,26,,,,23,1.2109137773513794,1.6135621070861816,,13,,,
0.0033167372457683086,27,,,,23,0.01861492358148098,0.007906192913651466,,14,,,
0.08921611309051514,28,,,,23,0.2427477091550827,0.13527558743953705,,15,,,
0.5961995124816895,29,,,,23,0.6903021931648254,0.6244302988052368,,16,,,
0.0016226709121838212,30,,,,23,0.12457382678985596,0.03850802034139633,,17,,,
0.011211138218641281,31,,,,23,0.3782609701156616,0.12132608890533447,,18,,,
0.06688599288463593,32,,,,23,0.3824951648712158,0.161568745970726,,19,,,
0.004104642663151026,33,,,,23,0.13747328519821167,0.04411523789167404,,20,,,
0.014851131476461887,34,,,,23,0.033013008534908295,0.020299695432186127,,21,,,
0.0019174300832673907,35,,,,23,0.6911543011665344,0.20868851244449615,,22,,,
0.11448020488023758,36,,,,23,0.23525245487689972,0.15071187913417816,,23,,,
0.007789237424731255,37,,,,23,0.052818577736616135,0.021298039704561234,,24,,,
0.24479159712791443,38,,,,23,0.3077671229839325,0.2636842727661133,,25,,,
0.005692817270755768,39,,,,23,0.07157387584447861,0.02545713633298874,,26,,,
0.0031484817154705524,40,,,,23,0.1121135950088501,0.03583801910281181,,27,,,
0.0025868306402117014,41,,,,23,0.024669572710990906,0.009211653843522072,,28,,,
0.03383225202560425,42,,,,23,0.2761826813220978,0.10653738677501678,,29,,,
0.012704862281680107,43,,,,23,0.04530492424964905,0.022484879940748215,,30,,,
2.2687408924102783,44,,,,23,1.0873531103134155,1.9143245220184326,,31,,,
0.22293142974376678,45,,,,23,0.396743506193161,0.2750750482082367,,32,,,
0.12971210479736328,46,,,,23,0.4033828675746918,0.2118133306503296,,33,,,
0.0016770598012953997,47,,,,23,0.014814908616244793,0.005618414841592312,,34,,,
0.008577883243560791,48,,,,23,0.06259363144636154,0.024782607331871986,,35,,,
0.05939081683754921,49,,,,23,0.3119133412837982,0.1351475715637207,,36,,,
0.12702086567878723,50,,,,23,0.23348642885684967,0.15896053612232208,,37,,,
0.014896232634782791,51,,,,23,0.2691068947315216,0.09115943312644958,,38,,,
0.0009321396937593818,52,,,,23,0.30972883105278015,0.09357114881277084,,39,,,
0.010185407474637032,53,,,,23,0.07277483493089676,0.028962235897779465,,40,,,
0.01479874737560749,54,,,,23,0.1395653635263443,0.05222873389720917,,41,,,
0.15807338058948517,55,,,,23,0.3408636152744293,0.212910458445549,,42,,,
0.09340906888246536,56,,,,23,0.35334619879722595,0.17139020562171936,,43,,,
0.4014913737773895,57,,,,23,0.5463659167289734,0.4449537396430969,,44,,,
0.000444551813416183,58,,,,23,0.22390629351139069,0.0674830824136734,,45,,,
0.03617459908127785,59,,,,23,0.8613325953483582,0.28372201323509216,,46,,,
0.1558680385351181,60,,,,23,0.45112547278404236,0.24444527924060822,,47,,,
0.026803910732269287,61,,,,23,0.16019569337368011,0.06682144850492477,,48,,,
0.27628397941589355,62,,,,23,0.6168180108070374,0.37844419479370117,,49,,,
0.006862405221909285,63,,,,23,0.0543864369392395,0.02111961506307125,,50,,,
0.3671341836452484,64,,,,23,0.2758355438709259,0.33974456787109375,,51,,,
0.011158326640725136,65,,,,23,0.1599055975675583,0.0557825081050396,,52,,,
0.013943050988018513,66,,,,23,0.03146195411682129,0.019198723137378693,,53,,,
0.026903249323368073,67,,,,23,0.18411143124103546,0.07406570017337799,,54,,,
0.18297812342643738,68,,,,23,0.779822587966919,0.3620314598083496,,55,,,
0.030835004523396492,69,,,,23,0.13763730227947235,0.06287569552659988,,56,,,
0.029561204835772514,70,,,,23,0.10366805642843246,0.051793262362480164,,57,,,
0.04711046814918518,71,,,,23,0.2547576129436493,0.10940461605787277,,58,,,
0.006171574350446463,72,,,,23,0.08432432264089584,0.029617398977279663,,59,,,
0.014879437163472176,73,,,,23,0.1730126291513443,0.062319397926330566,,60,,,
0.010196853429079056,74,,,,23,0.07799050211906433,0.030534949153661728,,61,,,
0.0744982585310936,75,,,,23,0.31537705659866333,0.14676189422607422,,62,,,
0.010427752509713173,76,,,,23,0.06983672827482224,0.028250446543097496,,63,,,
1.9686882495880127,77,,,,23,1.287164568901062,1.7642312049865723,,64,,,
0.0029313473496586084,78,,,,23,0.8791140913963318,0.26578620076179504,,65,,,
0.4212857782840729,79,,,,23,0.35237887501716614,0.4006136953830719,,66,,,
0.20598651468753815,80,,,,23,0.32364997267723083,0.2412855625152588,,67,,,
0.0029577340465039015,81,,,,23,0.20795153081417084,0.06445587426424026,,68,,,
0.015525431372225285,82,,,,23,0.05753365531563759,0.028127897530794144,,69,,,
0.0020673349499702454,83,,,,23,0.41174542903900146,0.12497076392173767,,70,,,
0.35385861992836,84,,,,23,0.5130292773246765,0.4016098380088806,,71,,,
0.01401863805949688,85,,,,23,0.08970651030540466,0.0367249995470047,,72,,,
0.20810827612876892,86,,,,23,0.5212746262550354,0.3020581901073456,,73,,,
0.008981424383819103,87,,,,23,0.024749470874667168,0.01371183805167675,,74,,,
0.07852359861135483,88,,,,23,0.2684682011604309,0.1355069875717163,,75,,,
0.0032360588666051626,89,,,,23,1.593647837638855,0.48035961389541626,,76,,,
0.17405273020267487,90,,,,23,0.5553977489471436,0.2884562313556671,,77,,,
0.08788937330245972,91,,,,23,0.17311187088489532,0.113456130027771,,78,,,
0.0034319807309657335,92,,,,23,0.05886929854750633,0.02006317675113678,,79,,,
0.03674505278468132,93,,,,23,0.12071242928504944,0.061935268342494965,,80,,,
0.013497051782906055,94,,,,23,0.0859297513961792,0.035226862877607346,,81,,,
0.004062733147293329,95,,,,23,0.026777535676956177,0.010877173393964767,,82,,,
0.004758699797093868,96,,,,23,0.041068609803915024,0.015651673078536987,,83,,,
0.03049176000058651,97,,,,23,0.2152675986289978,0.08592451363801956,,84,,,
0.019617116078734398,98,,,,23,0.07075978815555573,0.03495991975069046,,85,,,
0.5416577458381653,99,,,,23,0.7983148694038391,0.6186548471450806,,86,,,
0.048660002648830414,100,,,,23,0.12104851007461548,0.07037656009197235,,87,,,
0.00922795943915844,101,,,,23,0.0757383182644844,0.029181066900491714,,88,,,
0.0024791003670543432,102,,,,23,0.16037891805171967,0.049849048256874084,,89,,,
0.010584879666566849,103,,,,23,0.04271045699715614,0.020222553983330727,,90,,,
0.030892450362443924,104,,,,23,0.19450290501117706,0.07997559010982513,,91,,,
0.04045327380299568,105,,,,23,0.31657373905181885,0.12328942120075226,,92,,,
0.05187492072582245,106,,,,23,0.10464504361152649,0.06770595908164978,,93,,,
0.052845221012830734,107,,,,23,0.28652384877204895,0.12294881045818329,,94,,,
0.006503488402813673,108,,,,23,0.04961825907230377,0.019437920302152634,,95,,,
0.4719884395599365,109,,,,23,0.8690980076789856,0.5911213159561157,,96,,,
0.0011857867939397693,110,,,,23,0.017551761120557785,0.006095578894019127,,97,,,
0.008001298643648624,111,,,,23,0.24854029715061188,0.08016300201416016,,98,,,
1.7473623752593994,112,,,,23,1.3177402019500732,1.6184756755828857,,99,,,
0.43579331040382385,113,,,,23,0.8872039318084717,0.5712165236473083,,0,,,
0.07185995578765869,114,,,,23,0.3467264175415039,0.1543198972940445,,1,,,
0.013638762757182121,115,,,,23,0.04563331604003906,0.023237129673361778,,2,,,
0.0020241502206772566,116,,,,23,0.06469618529081345,0.020825760439038277,,3,,,
0.22068500518798828,117,,,,23,0.49722233414649963,0.3036462068557739,,4,,,
0.020960139110684395,118,,,,23,0.11881832033395767,0.05031759291887283,,5,,,
0.0015023384476080537,119,,,,23,0.10583275556564331,0.032801467925310135,,6,,,
0.0015091231325641274,120,,,,23,0.08205615729093552,0.025673234835267067,,7,,,
0.06747385114431381,121,,,,23,0.08062244206666946,0.07141843438148499,,8,,,
0.007532291114330292,122,,,,23,0.04024074226617813,0.017344826832413673,,9,,,
0.00011872540198964998,123,,,,23,0.2540605366230011,0.07630127668380737,,10,,,
0.0033102023880928755,124,,,,23,0.05766001343727112,0.01961514726281166,,11,,,
0.004432021174579859,125,,,,23,0.3186308443546295,0.0986916720867157,,12,,,
0.003170941025018692,126,,,,23,0.02624831348657608,0.010094152763485909,,13,,,
0.0018173621501773596,127,,,,23,0.28570112586021423,0.08698249608278275,,14,,,
0.0013060382334515452,128,,,,23,0.02847965992987156,0.00945812463760376,,15,,,
0.5067221522331238,129,,,,23,0.6473469138145447,0.548909604549408,,16,,,
0.13906767964363098,130,,,,23,0.27171188592910767,0.17886093258857727,,17,,,
0.020464234054088593,131,,,,23,0.43847715854644775,0.14586812257766724,,18,,,
0.007809700444340706,132,,,,23,0.04049462080001831,0.017615176737308502,,19,,,
0.23734082281589508,133,,,,23,0.34226617217063904,0.2688184380531311,,20,,,
0.003467263886705041,134,,,,23,0.02791782282292843,0.010802431963384151,,21,,,
0.4611016809940338,135,,,,23,0.46352505683898926,0.46182867884635925,,22,,,
0.04438718035817146,136,,,,23,0.4181056022644043,0.15650270879268646,,23,,,
0.0317605622112751,137,,,,23,0.3788103759288788,0.13587550818920135,,24,,,
0.5934926271438599,138,,,,23,0.596930980682373,0.5945241451263428,,25,,,
0.02074333466589451,139,,,,23,0.06905059516429901,0.035235513001680374,,26,,,
0.040343478322029114,140,,,,23,0.17459768056869507,0.08061973750591278,,27,,,
0.05231250450015068,141,,,,23,0.19105027616024017,0.0939338356256485,,28,,,
0.03388295695185661,142,,,,23,0.35904350876808167,0.13143113255500793,,29,,,
0.009133817628026009,143,,,,23,0.06010317802429199,0.024424627423286438,,30,,,
0.04734232276678085,144,,,,23,0.13674987852573395,0.07416458427906036,,31,,,
0.14323802292346954,145,,,,23,0.24569721519947052,0.17397578060626984,,32,,,
0.09265133738517761,146,,,,23,0.5088470578193665,0.21751005947589874,,33,,,
0.10053663700819016,147,,,,23,0.08971431851387024,0.09728994220495224,,34,,,
0.0037934263236820698,148,,,,23,0.04366716369986534,0.0157555490732193,,35,,,
0.010886207222938538,149,,,,23,0.22999979555606842,0.07662028074264526,,36,,,
0.015800515189766884,150,,,,23,0.20938454568386078,0.07387572526931763,,37,,,
0.011489885859191418,151,,,,23,0.048179879784584045,0.022496884688735008,,38,,,
0.07445410639047623,152,,,,23,0.23919272422790527,0.123875692486763,,39,,,
0.0006828360492363572,153,,,,23,0.0421300083398819,0.013116988353431225,,40,,,
0.14812839031219482,154,,,,23,0.2697561979293823,0.18461674451828003,,41,,,
0.0018516314448788762,155,,,,23,0.10952169448137283,0.03415264934301376,,42,,,
0.02648969553411007,156,,,,23,0.6464640498161316,0.2124820053577423,,43,,,
1.1952261924743652,157,,,,23,0.955399215221405,1.1232781410217285,,44,,,
0.05116206780076027,158,,,,23,0.5545302033424377,0.20217251777648926,,45,,,
0.018156399950385094,159,,,,23,0.05086657777428627,0.02796945348381996,,46,,,
0.00021419614495243877,160,,,,23,0.0063445083796978,0.002053289907053113,,47,,,
0.05019126459956169,161,,,,23,0.1970759481191635,0.09425666928291321,,48,,,
0.02804413251578808,162,,,,23,0.14629380404949188,0.06351903825998306,,49,,,
0.00019596086349338293,163,,,,23,0.5647217631340027,0.1695536971092224,,50,,,
0.5491600036621094,164,,,,23,0.5863109827041626,0.5603052973747253,,51,,,
0.11987987160682678,165,,,,23,0.20585013926029205,0.14567095041275024,,52,,,
0.07237415760755539,166,,,,23,0.36533045768737793,0.16026104986667633,,53,,,
0.004769852384924889,167,,,,23,0.03185488283634186,0.01289536152034998,,54,,,
0.5361393094062805,168,,,,23,1.1446481943130493,0.7186919450759888,,55,,,
0.026889557018876076,169,,,,23,0.33656108379364014,0.11979102343320847,,56,,,
0.003671692218631506,170,,,,23,0.09074445813894272,0.029793523252010345,,57,,,
0.02197348326444626,171,,,,23,0.05820183828473091,0.032841991633176804,,58,,,
0.014719224534928799,172,,,,23,0.06450224667787552,0.029654130339622498,,59,,,
0.10070167481899261,173,,,,23,0.22845111787319183,0.13902650773525238,,60,,,
0.013221215456724167,174,,,,23,0.3216783106327057,0.10575834661722183,,61,,,
0.016041738912463188,175,,,,23,0.10149777680635452,0.04167855158448219,,62,,,
0.0010044296504929662,176,,,,23,0.054665785282850266,0.017102835699915886,,63,,,
0.02811344712972641,177,,,,23,0.10029833763837814,0.04976891726255417,,64,,,
0.005091676488518715,178,,,,23,0.1801353245973587,0.057604774832725525,,65,,,
0.24529588222503662,179,,,,23,0.372422456741333,0.28343385457992554,,66,,,
0.14659029245376587,180,,,,23,0.4700222313404083,0.2436198890209198,,67,,,
0.007488749921321869,181,,,,23,0.02423597127199173,0.012512916699051857,,68,,,
0.005517729092389345,182,,,,23,0.07200705260038376,0.025464527308940887,,69,,,
0.0023047570139169693,183,,,,23,0.047131940722465515,0.01575291156768799,,70,,,
0.03711831942200661,184,,,,23,0.1725589781999588,0.07775051891803741,,71,,,
0.009254888631403446,185,,,,23,0.08400437980890274,0.03167973831295967,,72,,,
0.14941179752349854,186,,,,23,0.7997455596923828,0.3445119261741638,,73,,,
0.014265109784901142,187,,,,23,0.08562308549880981,0.03567250445485115,,74,,,
0.16675512492656708,188,,,,23,0.43751809000968933,0.24798402190208435,,75,,,
0.03418587148189545,189,,,,23,0.10468411445617676,0.05533534660935402,,76,,,
0.005459873471409082,190,,,,23,0.14017727971076965,0.04587509483098984,,77,,,
0.804889976978302,191,,,,23,0.6989920139312744,0.7731205821037292,,78,,,
0.0004602803383022547,192,,,,23,0.018536942079663277,0.005883278790861368,,79,,,
0.0025134659372270107,193,,,,23,0.68412846326828,0.20699797570705414,,80,,,
0.012174109928309917,194,,,,23,0.07007605582475662,0.02954469434916973,,81,,,
0.006329134572297335,195,,,,23,0.1428953856229782,0.047299012541770935,,82,,,
0.10144536197185516,196,,,,23,0.12058375030755997,0.10718688368797302,,83,,,
0.029376240447163582,197,,,,23,0.04766203835606575,0.034861981868743896,,84,,,
0.6365073919296265,198,,,,23,0.47727301716804504,0.5887370705604553,,85,,,
0.02671651542186737,199,,,,23,0.080024354159832,0.0427088662981987,,86,,,
0.007894149981439114,200,,,,23,0.24636079370975494,0.07943414151668549,,87,,,
0.0015101945027709007,201,,,,23,0.025776570662856102,0.008790107443928719,,88,,,
0.14263664186000824,202,,,,23,0.32829976081848145,0.19833558797836304,,89,,,
0.002630228642374277,203,,,,23,0.011709609068930149,0.00535404309630394,,90,,,
8.082063141046092e-05,204,,,,23,0.02646864950656891,0.00799716915935278,,91,,,
0.000912250077817589,205,,,,23,0.017748912796378136,0.005963249132037163,,92,,,
0.02045033685863018,206,,,,23,0.19795887172222137,0.07370290160179138,,93,,,
0.017636381089687347,207,,,,23,0.07572959363460541,0.035064347088336945,,94,,,
0.04101957753300667,208,,,,23,0.10407540202140808,0.05993632227182388,,95,,,
0.0001463782973587513,209,,,,23,0.24276214838027954,0.07293111830949783,,96,,,
0.010324167087674141,210,,,,23,0.13142985105514526,0.04665587469935417,,97,,,
0.004782309755682945,211,,,,23,0.021451205015182495,0.00978297833353281,,98,,,
0.0005402297829277813,212,,,,23,0.016094056889414787,0.005206378176808357,,99,,,
0.010464559309184551,213,,,,23,0.027612680569291115,0.015608996152877808,,0,,,
0.6454434394836426,214,,,,23,1.1155004501342773,0.7864605188369751,,1,,,
0.009426489472389221,215,,,,23,0.08583710342645645,0.03234967589378357,,2,,,
0.02646624483168125,216,,,,23,0.14058679342269897,0.06070240959525108,,3,,,
0.014324573799967766,217,,,,23,0.10899201780557632,0.04272481054067612,,4,,,
0.05716240778565407,218,,,,23,0.11794181913137436,0.07539623230695724,,5,,,
0.13061292469501495,219,,,,23,0.3834500014781952,0.20646405220031738,,6,,,
0.21370430290699005,220,,,,23,0.40457427501678467,0.2709653079509735,,7,,,
0.014586594887077808,221,,,,23,0.08361539244651794,0.03529523313045502,,8,,,
3.302042750874534e-05,222,,,,23,0.015010718256235123,0.004526330158114433,,9,,,
0.04408460482954979,223,,,,23,0.09396388381719589,0.05904838815331459,,10,,,
0.0006597249885089695,224,,,,23,0.04231392964720726,0.013155986554920673,,11,,,
0.0005651307292282581,225,,,,23,0.01643202267587185,0.005325198173522949,,12,,,
0.000964533886872232,226,,,,23,0.029195189476013184,0.009433730505406857,,13,,,
0.08117001503705978,227,,,,23,0.6508551239967346,0.25207555294036865,,14,,,
0.06285865604877472,228,,,,23,0.26524457335472107,0.12357443571090698,,15,,,
0.00040999590419232845,229,,,,23,0.011204332113265991,0.003648296929895878,,16,,,
0.0006295844214037061,230,,,,23,0.2473403662443161,0.07464282214641571,,17,,,
0.00386040355078876,231,,,,23,0.02939671464264393,0.011521297506988049,,18,,,
0.09291284531354904,232,,,,23,0.6681202054023743,0.2654750645160675,,19,,,
0.021011384204030037,233,,,,23,0.08236414194107056,0.03941721096634865,,20,,,
0.024617338553071022,234,,,,23,0.16899870336055756,0.06793174892663956,,21,,,
0.0464731864631176,235,,,,23,0.10552314668893814,0.06418818235397339,,22,,,
0.35957643389701843,236,,,,23,0.6239943504333496,0.43890181183815,,23,,,
0.10373887419700623,237,,,,23,0.14709891378879547,0.11674688756465912,,24,,,
0.5495184659957886,238,,,,23,0.5561547875404358,0.5515093803405762,,25,,,
0.0009142747730948031,239,,,,23,0.19707220792770386,0.0597616583108902,,26,,,
0.16125735640525818,240,,,,23,0.5078833699226379,0.2652451694011688,,27,,,
0.007690819911658764,241,,,,23,0.042359501123428345,0.01809142529964447,,28,,,
0.01327662356197834,242,,,,23,0.08757878094911575,0.0355672724545002,,29,,,
0.9414502382278442,243,,,,23,1.0926951169967651,0.9868237376213074,,30,,,
0.0042296480387449265,244,,,,23,0.14658600091934204,0.046936552971601486,,31,,,
0.0013313962845131755,245,,,,23,0.05555753782391548,0.017599239945411682,,32,,,
0.7353379726409912,246,,,,23,0.602624237537384,0.6955238580703735,,33,,,
0.04497234523296356,247,,,,23,0.220834419131279,0.09773097187280655,,34,,,
3.4111456871032715,248,,,,23,1.4456838369369507,2.821506977081299,,35,,,
0.19443519413471222,249,,,,23,0.24417410790920258,0.2093568742275238,,36,,,
1.3217768669128418,250,,,,23,0.9809125065803528,1.2195175886154175,,37,,,
0.0001793938863556832,251,,,,23,0.13026294112205505,0.03920445963740349,,38,,,
0.20090727508068085,252,,,,23,0.3111170530319214,0.23397020995616913,,39,,,
0.00486001605167985,253,,,,23,0.026692090556025505,0.01140963938087225,,40,,,
0.02192508429288864,254,,,,23,0.040740977972745895,0.027569852769374847,,41,,,
0.03113006055355072,255,,,,23,0.07389289885759354,0.043958913534879684,,42,,,
0.0024097710847854614,256,,,,23,0.08081552386283875,0.025931498035788536,,43,,,
0.060860879719257355,257,,,,23,0.22725294530391693,0.11077850311994553,,44,,,
0.0006755692302249372,258,,,,23,0.07210654765367508,0.022104863077402115,,45,,,
0.004836526699364185,259,,,,23,0.019021354615688324,0.009091975167393684,,46,,,
0.7530919313430786,260,,,,23,0.589493989944458,0.7040125131607056,,47,,,
0.010207591578364372,261,,,,23,0.0341389961540699,0.017387013882398605,,48,,,
0.3182399868965149,262,,,,23,0.5656210780143738,0.3924543261528015,,49,,,
0.003721100278198719,263,,,,23,0.02093505859375,0.008885287679731846,,50,,,
0.006569337099790573,264,,,,23,0.03709869086742401,0.015728143975138664,,51,,,
0.04077240079641342,265,,,,23,0.11467228084802628,0.06294236332178116,,52,,,
0.004477357026189566,266,,,,23,0.07902466505765915,0.026841551065444946,,53,,,
0.0006087357178330421,267,,,,23,0.05250943824648857,0.016178946942090988,,54,,,
,,,,,23,,,,55,0.18721327185630798,0.8421052694320679,0.590142548084259
0.00409455131739378,0,,,,24,0.039346057921648026,0.01467000413686037,,56,,,
0.0223957858979702,1,,,,24,0.046868424862623215,0.029737576842308044,,57,,,
0.004439379554241896,2,,,,24,0.02944243513047695,0.011940296739339828,,58,,,
0.030545871704816818,3,,,,24,0.07526745647192001,0.043962348252534866,,59,,,
0.023341646417975426,4,,,,24,0.5209029316902161,0.17261004447937012,,60,,,
0.016366170719265938,5,,,,24,0.31935837864875793,0.10726383328437805,,61,,,
0.06257259100675583,6,,,,24,0.2579072415828705,0.12117299437522888,,62,,,
0.009419050067663193,7,,,,24,0.11278452724218369,0.04042869433760643,,63,,,
0.017218507826328278,8,,,,24,0.17656534910202026,0.06502256542444229,,64,,,
0.43523943424224854,9,,,,24,0.7949003577232361,0.5431377291679382,,65,,,
0.021982695907354355,10,,,,24,0.06787335127592087,0.0357498936355114,,66,,,
0.1669042408466339,11,,,,24,0.22269678115844727,0.18364199995994568,,67,,,
0.10988229513168335,12,,,,24,0.6525658965110779,0.2726873755455017,,68,,,
0.005545707419514656,13,,,,24,0.10652557760477066,0.03583966940641403,,69,,,
0.479951411485672,14,,,,24,1.1721742153167725,0.6876182556152344,,70,,,
0.0006641327636316419,15,,,,24,0.3316247761249542,0.099952332675457,,71,,,
0.020503593608736992,16,,,,24,0.036633361130952835,0.02534252405166626,,72,,,
0.4452155828475952,17,,,,24,1.2704474925994873,0.6927851438522339,,73,,,
0.08163583278656006,18,,,,24,0.3422130346298218,0.15980899333953857,,74,,,
0.014143467880785465,19,,,,24,0.10384847968816757,0.041054971516132355,,75,,,
0.12324546277523041,20,,,,24,0.7072789072990417,0.29845550656318665,,76,,,
0.08152157068252563,21,,,,24,0.13964538276195526,0.09895871579647064,,77,,,
0.031506698578596115,22,,,,24,0.08938423544168472,0.04886996001005173,,78,,,
0.028678668662905693,23,,,,24,1.1932865381240845,0.37806105613708496,,79,,,
0.14850075542926788,24,,,,24,0.3204897940158844,0.2000974714756012,,80,,,
0.003694971324875951,25,,,,24,0.011769074015319347,0.006117202341556549,,81,,,
0.019647156819701195,26,,,,24,0.11730962991714478,0.04894590377807617,,82,,,
0.0038936531636863947,27,,,,24,0.028190644457936287,0.011182751506567001,,83,,,
0.12817591428756714,28,,,,24,0.33195337653160095,0.18930914998054504,,84,,,
0.0019733496010303497,29,,,,24,0.11935120075941086,0.03718670830130577,,85,,,
0.011271019466221333,30,,,,24,0.13117176294326782,0.047241244465112686,,86,,,
0.00013195598148740828,31,,,,24,0.26451072096824646,0.07944559305906296,,87,,,
0.01737808622419834,32,,,,24,0.10638105869293213,0.04407897964119911,,88,,,
0.15130837261676788,33,,,,24,0.6864913105964661,0.3118632435798645,,89,,,
0.04464201256632805,34,,,,24,0.7155686020851135,0.24591998755931854,,90,,,
0.5191789269447327,35,,,,24,0.5363509058952332,0.5243304967880249,,91,,,
0.0002611534437164664,36,,,,24,0.03696781024336815,0.011273151263594627,,92,,,
0.000758955895435065,37,,,,24,0.042931023985147476,0.013410576619207859,,93,,,
0.014507761225104332,38,,,,24,0.11152178794145584,0.04361196979880333,,94,,,
0.003068978199735284,39,,,,24,0.5711261630058289,0.1734861433506012,,95,,,
0.2320837378501892,40,,,,24,0.4345906674861908,0.2928358316421509,,96,,,
0.02450358122587204,41,,,,24,0.16857074201107025,0.06772373616695404,,97,,,
0.002049728063866496,42,,,,24,0.032658081501722336,0.011232234537601471,,98,,,
0.044578053057193756,43,,,,24,0.09440187364816666,0.059525199234485626,,99,,,
0.2784262001514435,44,,,,24,0.906318187713623,0.46679380536079407,,0,,,
0.0043597412295639515,45,,,,24,0.05011768266558647,0.018087124451994896,,1,,,
0.1746518313884735,46,,,,24,0.41927507519721985,0.24803881347179413,,2,,,
0.007203085348010063,47,,,,24,0.05120657756924629,0.020404133945703506,,3,,,
0.003886884544044733,48,,,,24,0.040160100907087326,0.014768850058317184,,4,,,
0.05561867356300354,49,,,,24,0.10431530326604843,0.07022766768932343,,5,,,
0.004706851206719875,50,,,,24,0.013511882163584232,0.0073483604937791824,,6,,,
0.0002671123365871608,51,,,,24,0.05392436683177948,0.016364289447665215,,7,,,
0.027082638815045357,52,,,,24,0.24056406319141388,0.09112706780433655,,8,,,
0.04900399222970009,53,,,,24,0.09501277655363083,0.0628066286444664,,9,,,
0.0022559924982488155,54,,,,24,0.050397589802742004,0.016698472201824188,,10,,,
0.010450875386595726,55,,,,24,0.02854042313992977,0.015877740457654,,11,,,
0.02630636841058731,56,,,,24,0.09820959717035294,0.04787733778357506,,12,,,
0.15021225810050964,57,,,,24,0.7481177449226379,0.32958391308784485,,13,,,
0.1343698352575302,58,,,,24,0.26813164353370667,0.17449837923049927,,14,,,
0.059021275490522385,59,,,,24,0.26391008496284485,0.12048792093992233,,15,,,
0.009644933976233006,60,,,,24,0.055234987288713455,0.023321950808167458,,16,,,
0.03254969045519829,61,,,,24,0.09342794865369797,0.05081316828727722,,17,,,
0.3158544600009918,62,,,,24,0.45476487278938293,0.35752761363983154,,18,,,
0.0036374852061271667,63,,,,24,0.0209055095911026,0.008817892521619797,,19,,,
0.058053918182849884,64,,,,24,0.36863040924072266,0.15122686326503754,,20,,,
0.038701292127370834,65,,,,24,0.152102530002594,0.07272166013717651,,21,,,
0.03849369287490845,66,,,,24,0.09470033645629883,0.05535568669438362,,22,,,
0.014046614989638329,67,,,,24,0.12618575990200043,0.047688357532024384,,23,,,
0.043384209275245667,68,,,,24,0.17297697067260742,0.08226203918457031,,24,,,
0.021932082250714302,69,,,,24,0.10781221836805344,0.04769612476229668,,25,,,
0.003178665181621909,70,,,,24,0.11454668641090393,0.03658907115459442,,26,,,
0.03227132931351662,71,,,,24,0.0821499228477478,0.047234907746315,,27,,,
0.051204878836870193,72,,,,24,0.28139200806617737,0.12026101350784302,,28,,,
0.0009171332349069417,73,,,,24,0.0808458924293518,0.024895761162042618,,29,,,
0.001647664001211524,74,,,,24,0.006512865889817476,0.003107224591076374,,30,,,
0.04634948447346687,75,,,,24,0.19674284756183624,0.0914674922823906,,31,,,
0.17687472701072693,76,,,,24,0.3803189694881439,0.2379080057144165,,32,,,
0.14427576959133148,77,,,,24,0.15093323588371277,0.14627301692962646,,33,,,
2.197347640991211,78,,,,24,1.3802261352539062,1.9522111415863037,,34,,,
0.044463351368904114,79,,,,24,0.1410740613937378,0.07344656437635422,,35,,,
0.03276671841740608,80,,,,24,0.09955521672964096,0.052803270518779755,,36,,,
0.005171374883502722,81,,,,24,0.026669487357139587,0.011620809324085712,,37,,,
0.09865665435791016,82,,,,24,0.1385623961687088,0.11062837392091751,,38,,,
0.025791967287659645,83,,,,24,0.32400408387184143,0.11525560915470123,,39,,,
0.0022743092849850655,84,,,,24,0.390575647354126,0.1187647134065628,,40,,,
0.3999905288219452,85,,,,24,1.0408333539962769,0.5922433733940125,,41,,,
0.1296025812625885,86,,,,24,0.23128634691238403,0.16010771691799164,,42,,,
0.03845985606312752,87,,,,24,0.19770248234272003,0.08623264729976654,,43,,,
0.046287909150123596,88,,,,24,0.27093008160591125,0.11368055641651154,,44,,,
0.15276873111724854,89,,,,24,0.34329721331596375,0.2099272757768631,,45,,,
0.015010031871497631,90,,,,24,0.06615421175956726,0.030353285372257233,,46,,,
0.12574253976345062,91,,,,24,0.24288976192474365,0.1608867049217224,,47,,,
0.0010176486102864146,92,,,,24,0.026091262698173523,0.008539732545614243,,48,,,
0.010416898876428604,93,,,,24,0.14333857595920563,0.05029340088367462,,49,,,
0.1953878253698349,94,,,,24,0.3013644814491272,0.22718080878257751,,50,,,
0.09296499192714691,95,,,,24,0.1764531284570694,0.11801142990589142,,51,,,
0.11678265780210495,96,,,,24,0.2924807369709015,0.16949208080768585,,52,,,
0.032154396176338196,97,,,,24,0.06847818195819855,0.04305153340101242,,53,,,
0.014131479896605015,98,,,,24,0.10263990610837936,0.040684010833501816,,54,,,
0.009440778754651546,99,,,,24,0.029360691085457802,0.01541675254702568,,55,,,
0.014648506417870522,100,,,,24,0.15186892449855804,0.05581463500857353,,56,,,
0.673774003982544,101,,,,24,0.6864129900932312,0.6775656938552856,,57,,,
0.4088795483112335,102,,,,24,0.48240330815315247,0.43093669414520264,,58,,,
0.0011974553344771266,103,,,,24,0.08125277608633041,0.025214051827788353,,59,,,
0.053101297467947006,104,,,,24,0.1682078242301941,0.08763325959444046,,60,,,
0.011658393777906895,105,,,,24,0.10478287935256958,0.03959573805332184,,61,,,
0.023605506867170334,106,,,,24,0.04964913800358772,0.03141859546303749,,62,,,
0.09506763517856598,107,,,,24,0.43368324637413025,0.19665232300758362,,63,,,
0.25560668110847473,108,,,,24,0.5585429072380066,0.34648755192756653,,64,,,
0.001968828495591879,109,,,,24,1.0580819845199585,0.31880277395248413,,65,,,
0.015078728087246418,110,,,,24,0.09096777439117432,0.037845443934202194,,66,,,
0.000646501372102648,111,,,,24,0.030218088999390602,0.009517977945506573,,67,,,
0.03736720234155655,112,,,,24,0.34307143092155457,0.1290784776210785,,68,,,
0.3580302298069,113,,,,24,0.514154851436615,0.40486764907836914,,69,,,
0.1915406435728073,114,,,,24,0.2721026837825775,0.21570925414562225,,70,,,
0.01717972382903099,115,,,,24,0.07279524952173233,0.03386438265442848,,71,,,
0.04658856987953186,116,,,,24,0.16202086210250854,0.08121825754642487,,72,,,
0.08374563604593277,117,,,,24,0.17553679645061493,0.11128298938274384,,73,,,
0.09369588643312454,118,,,,24,0.19219504296779633,0.12324563413858414,,74,,,
0.03051025979220867,119,,,,24,0.10850679129362106,0.053909219801425934,,75,,,
0.004303955007344484,120,,,,24,0.30040740966796875,0.09313499182462692,,76,,,
0.010075188241899014,121,,,,24,0.12245448678731918,0.04378897696733475,,77,,,
0.32168087363243103,122,,,,24,1.0704231262207031,0.5463035106658936,,78,,,
0.006092192139476538,123,,,,24,0.1409158855676651,0.0465392991900444,,79,,,
0.0006783091812394559,124,,,,24,0.840777575969696,0.2527081072330475,,80,,,
0.0030291646253317595,125,,,,24,0.03072541393339634,0.011338040232658386,,81,,,
0.044073425233364105,126,,,,24,0.7608132362365723,0.25909537076950073,,82,,,
0.005121445283293724,127,,,,24,0.2268836498260498,0.07165011018514633,,83,,,
0.019695665687322617,128,,,,24,0.608967661857605,0.1964772790670395,,84,,,
0.21496804058551788,129,,,,24,0.6685813069343567,0.35105204582214355,,85,,,
0.003089419100433588,130,,,,24,0.11331102252006531,0.03615590184926987,,86,,,
0.00013672371278516948,131,,,,24,0.09294936060905457,0.027980515733361244,,87,,,
0.05931656062602997,132,,,,24,0.3010709881782532,0.13184289634227753,,88,,,
0.011648967862129211,133,,,,24,0.07007190585136414,0.029175851494073868,,89,,,
0.01219566073268652,134,,,,24,0.06115022301673889,0.026882030069828033,,90,,,
0.042124588042497635,135,,,,24,0.3124813139438629,0.12323160469532013,,91,,,
0.0011822147062048316,136,,,,24,0.02752704918384552,0.009085665456950665,,92,,,
0.015227846801280975,137,,,,24,0.692166268825531,0.21830937266349792,,93,,,
0.9087568521499634,138,,,,24,0.9682406783103943,0.9266020059585571,,94,,,
0.2565847933292389,139,,,,24,0.4898921549320221,0.32657700777053833,,95,,,
0.006184843368828297,140,,,,24,0.13158594071865082,0.04380517452955246,,96,,,
0.015568388625979424,141,,,,24,0.1924036294221878,0.06861896067857742,,97,,,
0.6783804893493652,142,,,,24,0.7120639681816101,0.6884855031967163,,98,,,
0.3423108756542206,143,,,,24,0.4189765751361847,0.3653106093406677,,99,,,
0.02587897703051567,144,,,,24,0.07861495763063431,0.04169977456331253,,0,,,
0.0012584156356751919,145,,,,24,0.2612975239753723,0.0792701467871666,,1,,,
0.0003383779258001596,146,,,,24,0.06373473256826401,0.019357286393642426,,2,,,
0.11478730291128159,147,,,,24,0.3113115727901459,0.1737445890903473,,3,,,
0.025466278195381165,148,,,,24,0.2532941699028015,0.09381464868783951,,4,,,
1.7158750295639038,149,,,,24,1.20156729221344,1.5615826845169067,,5,,,
0.004219201859086752,150,,,,24,0.027471503242850304,0.011194892227649689,,6,,,
0.027218494564294815,151,,,,24,0.2908949851989746,0.10632144659757614,,7,,,
0.3285839259624481,152,,,,24,0.39769136905670166,0.34931617975234985,,8,,,
0.9950069189071655,153,,,,24,0.6534585356712341,0.8925424218177795,,9,,,
0.0004895919119007885,154,,,,24,0.037365999072790146,0.011552514508366585,,10,,,
0.06788026541471481,155,,,,24,0.4626043736934662,0.18629750609397888,,11,,,
0.000514017534442246,156,,,,24,0.010094261728227139,0.003388090990483761,,12,,,
0.12256138026714325,157,,,,24,0.2019108682870865,0.14636622369289398,,13,,,
0.13784381747245789,158,,,,24,0.49346113204956055,0.24452900886535645,,14,,,
0.0013861581683158875,159,,,,24,0.019926900044083595,0.0069483807310462,,15,,,
0.0008648469229228795,160,,,,24,0.019559508189558983,0.006473245564848185,,16,,,
1.2333590984344482,161,,,,24,0.9433867335319519,1.1463673114776611,,17,,,
0.040378741919994354,162,,,,24,0.7936708331108093,0.2663663625717163,,18,,,
0.029758863151073456,163,,,,24,0.1035771295428276,0.0519043430685997,,19,,,
0.008626694791018963,164,,,,24,0.05196729302406311,0.02162887528538704,,20,,,
0.0005938435206189752,165,,,,24,0.2422996163368225,0.0731055811047554,,21,,,
9.035655966727063e-05,166,,,,24,0.18654917180538177,0.05602800101041794,,22,,,
0.012089313939213753,167,,,,24,0.1501162052154541,0.05349738150835037,,23,,,
0.0004981707315891981,168,,,,24,0.19524888694286346,0.05892338976264,,24,,,
0.0073356325738132,169,,,,24,0.052112262696027756,0.020768623799085617,,25,,,
0.016329815611243248,170,,,,24,0.07361967116594315,0.0335167720913887,,26,,,
0.003968460485339165,171,,,,24,0.03496798872947693,0.013268318958580494,,27,,,
0.00019500737835187465,172,,,,24,0.24405907094478607,0.07335422933101654,,28,,,
0.1485043466091156,173,,,,24,0.41464200615882874,0.22834564745426178,,29,,,
0.07632730156183243,174,,,,24,0.10451266914606094,0.0847829133272171,,30,,,
0.08346778899431229,175,,,,24,0.3116771876811981,0.15193061530590057,,31,,,
0.7019051313400269,176,,,,24,0.7255681157112122,0.7090040445327759,,32,,,
0.03169820085167885,177,,,,24,0.08779203146696091,0.048526350408792496,,33,,,
0.019526518881320953,178,,,,24,0.06626414507627487,0.03354780748486519,,34,,,
0.004615487065166235,179,,,,24,0.2718903422355652,0.0847979485988617,,35,,,
0.00032026408007368445,180,,,,24,0.02349756471812725,0.0072734542191028595,,36,,,
0.003426278242841363,181,,,,24,0.03963693603873253,0.014289475977420807,,37,,,
0.0013438966125249863,182,,,,24,0.031240040436387062,0.010312740691006184,,38,,,
0.004356417804956436,183,,,,24,0.10504808276891708,0.03456391766667366,,39,,,
0.17203795909881592,184,,,,24,0.281650185585022,0.2049216330051422,,40,,,
0.0038903281092643738,185,,,,24,0.03979125991463661,0.014660608023405075,,41,,,
0.009162167087197304,186,,,,24,0.04634851589798927,0.02031807228922844,,42,,,
0.002961418591439724,187,,,,24,0.01846686564385891,0.007613052614033222,,43,,,
0.015246162191033363,188,,,,24,0.06517765671014786,0.030225612223148346,,44,,,
0.00017593742813915014,189,,,,24,0.023011209443211555,0.007026519160717726,,45,,,
0.025430019944906235,190,,,,24,0.12872551381587982,0.05641866847872734,,46,,,
0.10985089093446732,191,,,,24,0.2830364406108856,0.16180655360221863,,47,,,
0.004970693029463291,192,,,,24,0.09706920385360718,0.032600246369838715,,48,,,
0.000380324519937858,193,,,,24,0.09038562327623367,0.027381915599107742,,49,,,
0.8781663179397583,194,,,,24,1.0821164846420288,0.9393513798713684,,50,,,
0.02451707422733307,195,,,,24,0.07479967921972275,0.03960185497999191,,51,,,
0.0008759237825870514,196,,,,24,0.15544234216213226,0.047245848923921585,,52,,,
0.0025176277849823236,197,,,,24,0.16955667734146118,0.052629344165325165,,53,,,
0.005092980805784464,198,,,,24,0.015941428020596504,0.008347515016794205,,54,,,
0.0005222387262620032,199,,,,24,0.10469925403594971,0.0317753441631794,,55,,,
0.006237918511033058,200,,,,24,0.08607623726129532,0.03018941543996334,,56,,,
0.0048501696437597275,201,,,,24,0.016352228820323944,0.008300787769258022,,57,,,
0.573403537273407,202,,,,24,0.5311976075172424,0.5607417821884155,,58,,,
0.0005781171494163573,203,,,,24,0.01264620665460825,0.004198544193059206,,59,,,
0.001982629531994462,204,,,,24,0.011932910420000553,0.004967713728547096,,60,,,
0.030392544344067574,205,,,,24,0.08279185742139816,0.046112339943647385,,61,,,
0.004312976263463497,206,,,,24,0.06290896236896515,0.021891772747039795,,62,,,
0.03459913656115532,207,,,,24,0.08310353010892868,0.04915045574307442,,63,,,
0.010939269326627254,208,,,,24,0.07846516370773315,0.031197039410471916,,64,,,
0.08783970028162003,209,,,,24,0.49952617287635803,0.21134565770626068,,65,,,
0.006035199388861656,210,,,,24,0.044000934809446335,0.017424920573830605,,66,,,
0.00047231485950760543,211,,,,24,0.18701697885990143,0.0564357154071331,,67,,,
0.06522755324840546,212,,,,24,0.29962944984436035,0.13554812967777252,,68,,,
0.6659355759620667,213,,,,24,0.7396805286407471,0.6880590915679932,,69,,,
0.006908459588885307,214,,,,24,0.0636041983962059,0.02391718327999115,,70,,,
0.12344051897525787,215,,,,24,0.5196080803871155,0.24229079484939575,,71,,,
0.006191715132445097,216,,,,24,0.0365387424826622,0.015295824036002159,,72,,,
0.8744791746139526,217,,,,24,0.8191177248954773,0.8578707575798035,,73,,,
0.002059483202174306,218,,,,24,0.02042342908680439,0.007568667642772198,,74,,,
0.07798079401254654,219,,,,24,0.27808645367622375,0.13801249861717224,,75,,,
0.04786917194724083,220,,,,24,0.4133913218975067,0.15752582252025604,,76,,,
0.004080541897565126,221,,,,24,0.16334135830402374,0.05185879021883011,,77,,,
0.34226980805397034,222,,,,24,0.47704362869262695,0.38270193338394165,,78,,,
0.03899793699383736,223,,,,24,0.5254170894622803,0.1849236935377121,,79,,,
1.8155083656311035,224,,,,24,1.1756640672683716,1.6235549449920654,,80,,,
0.0010207447921857238,225,,,,24,0.1140151396393776,0.03491906449198723,,81,,,
0.29493916034698486,226,,,,24,0.3849426209926605,0.32194018363952637,,82,,,
0.03703274205327034,227,,,,24,0.4646824598312378,0.16532766819000244,,83,,,
0.029187999665737152,228,,,,24,0.26445743441581726,0.09976883232593536,,84,,,
0.02364148385822773,229,,,,24,0.7295804023742676,0.23542316257953644,,85,,,
0.00814863946288824,230,,,,24,0.03593975305557251,0.016485974192619324,,86,,,
0.8020802736282349,231,,,,24,0.48266077041625977,0.7062544226646423,,87,,,
0.043418221175670624,232,,,,24,0.1467665284872055,0.07442271709442139,,88,,,
0.0009093916742131114,233,,,,24,0.013702371157705784,0.004747285973280668,,89,,,
0.004113546572625637,234,,,,24,0.029849788174033165,0.011834419332444668,,90,,,
0.00605569826439023,235,,,,24,0.1510436236858368,0.049552079290151596,,91,,,
2.665100574493408,236,,,,24,1.1098026037216187,2.1985111236572266,,92,,,
0.02330414578318596,237,,,,24,0.13613265752792358,0.057152699679136276,,93,,,
0.04281878471374512,238,,,,24,0.2485060691833496,0.10452497005462646,,94,,,
0.008232705295085907,239,,,,24,0.07306152582168579,0.02768135257065296,,95,,,
0.012741702608764172,240,,,,24,0.07388610392808914,0.031085021793842316,,96,,,
0.03479960188269615,241,,,,24,0.10841971635818481,0.05688563734292984,,97,,,
0.15422451496124268,242,,,,24,0.5944040417671204,0.2862783670425415,,98,,,
0.036630481481552124,243,,,,24,0.16963261365890503,0.07653112709522247,,99,,,
0.09494026005268097,244,,,,24,0.14224527776241302,0.10913176834583282,,0,,,
0.014421987347304821,245,,,,24,0.17629718780517578,0.06298454850912094,,1,,,
0.0036069590132683516,246,,,,24,0.20392920076847076,0.06370363384485245,,2,,,
0.012788663618266582,247,,,,24,0.08585748821496964,0.03470931202173233,,3,,,
0.03809867799282074,248,,,,24,0.18324406445026398,0.08164229989051819,,4,,,
0.007254330907016993,249,,,,24,0.18100635707378387,0.059379942715168,,5,,,
0.0241041611880064,250,,,,24,0.1482553482055664,0.06134951859712601,,6,,,
0.01676388643682003,251,,,,24,0.035655394196510315,0.02243134006857872,,7,,,
0.002469349419698119,252,,,,24,0.012977500446140766,0.005621795076876879,,8,,,
0.11690834909677505,253,,,,24,0.29017147421836853,0.16888728737831116,,9,,,
0.09670040756464005,254,,,,24,0.4633726179599762,0.2067020684480667,,10,,,
0.19084203243255615,255,,,,24,0.37731897830963135,0.24678510427474976,,11,,,
0.00606695469468832,256,,,,24,0.0321783684194088,0.013900378718972206,,12,,,
1.537314772605896,257,,,,24,1.0497790575027466,1.3910541534423828,,13,,,
0.25225794315338135,258,,,,24,0.33636274933815,0.27748939394950867,,14,,,
4.4225667807040736e-05,259,,,,24,0.5563687086105347,0.1669415831565857,,15,,,
0.25389358401298523,260,,,,24,0.33134105801582336,0.27712783217430115,,16,,,
0.00272843218408525,261,,,,24,0.10220212489366531,0.03257054090499878,,17,,,
8.928377064876258e-05,262,,,,24,0.014168533496558666,0.004313059151172638,,18,,,
0.22860366106033325,263,,,,24,0.3765370547771454,0.2729836702346802,,19,,,
0.1167699322104454,264,,,,24,0.28986838459968567,0.1686994731426239,,20,,,
0.11693135648965836,265,,,,24,0.49732455611228943,0.2310493290424347,,21,,,
0.016438879072666168,266,,,,24,1.1518758535385132,0.3570699691772461,,22,,,
0.08300402760505676,267,,,,24,0.19544059038162231,0.11673499643802643,,23,,,
,,,,,24,,,,24,0.17222200334072113,0.7631579041481018,0.8908126950263977
1.492248773574829,0,,,,25,1.1317226886749268,1.3840909004211426,,25,,,
0.005001058802008629,1,,,,25,0.03610813990235329,0.014333182945847511,,26,,,
0.09702242165803909,2,,,,25,0.37625014781951904,0.1807907521724701,,27,,,
0.008809038437902927,3,,,,25,1.342850685119629,0.4090215563774109,,28,,,
0.01939592882990837,4,,,,25,0.4472080171108246,0.14773955941200256,,29,,,
0.04505234584212303,5,,,,25,0.15405119955539703,0.0777520090341568,,30,,,
0.22514387965202332,6,,,,25,0.5184893608093262,0.31314754486083984,,31,,,
0.09104055911302567,7,,,,25,0.163939967751503,0.11291038990020752,,32,,,
0.10930100083351135,8,,,,25,0.43698620796203613,0.20760656893253326,,33,,,
0.12202856689691544,9,,,,25,0.4134603440761566,0.2094581127166748,,34,,,
0.004601603839546442,10,,,,25,0.1560341715812683,0.050031378865242004,,35,,,
0.0003808011533692479,11,,,,25,0.1412929743528366,0.042654454708099365,,36,,,
0.0008093419019132853,12,,,,25,0.027280375361442566,0.008750651963055134,,37,,,
0.018136147409677505,13,,,,25,0.06262032687664032,0.03148140013217926,,38,,,
0.004385971464216709,14,,,,25,0.0627601146697998,0.021898213773965836,,39,,,
0.018278608098626137,15,,,,25,0.09941932559013367,0.04262082278728485,,40,,,
0.0057265982031822205,16,,,,25,0.1458004117012024,0.04774874076247215,,41,,,
0.05164264142513275,17,,,,25,0.17552854120731354,0.08880841732025146,,42,,,
0.48737645149230957,18,,,,25,0.7416582107543945,0.5636609792709351,,43,,,
0.21536169946193695,19,,,,25,0.23859255015850067,0.2223309576511383,,44,,,
0.00800236314535141,20,,,,25,0.06943122297525406,0.026431022211909294,,45,,,
0.0003343261778354645,21,,,,25,0.06492585688829422,0.01971178688108921,,46,,,
1.2289583683013916,22,,,,25,1.0400580167770386,1.1722882986068726,,47,,,
0.07936643064022064,23,,,,25,0.23821921646595,0.12702226638793945,,48,,,
2.778907299041748,24,,,,25,0.8360135555267334,2.1960391998291016,,49,,,
0.5496674180030823,25,,,,25,0.59945148229599,0.5646026134490967,,50,,,
0.06078628450632095,26,,,,25,0.532126247882843,0.20218828320503235,,51,,,
1.1491379737854004,27,,,,25,0.7715536952018738,1.035862684249878,,52,,,
0.002515130676329136,28,,,,25,0.38651803135871887,0.11771600693464279,,53,,,
0.0017071687616407871,29,,,,25,0.1275278627872467,0.039453376084566116,,54,,,
0.0007676515378989279,30,,,,25,0.17532145977020264,0.05313379317522049,,55,,,
0.0007089247228577733,31,,,,25,0.0562722384929657,0.01737792044878006,,56,,,
0.02432512491941452,32,,,,25,0.15791979432106018,0.06440352648496628,,57,,,
0.010424803011119366,33,,,,25,0.057605188339948654,0.024578917771577835,,58,,,
0.05681456997990608,34,,,,25,0.12985555827617645,0.0787268653512001,,59,,,
0.04793030768632889,35,,,,25,0.15556038916110992,0.0802193358540535,,60,,,
0.21428841352462769,36,,,,25,0.3286590278148651,0.2485995888710022,,61,,,
0.031015537679195404,37,,,,25,0.09514728933572769,0.05025506392121315,,62,,,
0.023754175752401352,38,,,,25,0.06607653945684433,0.036450885236263275,,63,,,
0.031266290694475174,39,,,,25,0.1898876428604126,0.07885269820690155,,64,,,
0.4246458411216736,40,,,,25,0.447844535112381,0.4316054582595825,,65,,,
0.007975281216204166,41,,,,25,0.04618028178811073,0.019436782225966454,,66,,,
0.0024335552006959915,42,,,,25,0.1526082307100296,0.04748595878481865,,67,,,
0.0356607660651207,43,,,,25,0.17340928316116333,0.07698532193899155,,68,,,
0.005033677443861961,44,,,,25,0.041476327925920486,0.015966473147273064,,69,,,
0.01587502285838127,45,,,,25,0.1726565957069397,0.06290949881076813,,70,,,
0.026061221957206726,46,,,,25,0.09006679058074951,0.0452628955245018,,71,,,
0.006202259100973606,47,,,,25,0.1558409333229065,0.05109386146068573,,72,,,
0.4281914532184601,48,,,,25,0.5000924468040466,0.4497617483139038,,73,,,
0.00248540285974741,49,,,,25,0.012530449777841568,0.0054989168420434,,74,,,
0.014760102145373821,50,,,,25,0.05439550057053566,0.026650723069906235,,75,,,
0.011375213973224163,51,,,,25,0.14440637826919556,0.05128456652164459,,76,,,
0.010994568467140198,52,,,,25,0.09194701910018921,0.03528030589222908,,77,,,
0.004580956418067217,53,,,,25,0.017478303983807564,0.00845016073435545,,78,,,
0.11489070951938629,54,,,,25,0.25964218378067017,0.15831616520881653,,79,,,
0.0001941730733960867,55,,,,25,0.03397470340132713,0.010328331962227821,,80,,,
0.04799143970012665,56,,,,25,0.09452653676271439,0.06195197254419327,,81,,,
0.003559564705938101,57,,,,25,0.01220200676470995,0.006152297370135784,,82,,,
0.007812775671482086,58,,,,25,0.030039025470614433,0.014480650424957275,,83,,,
0.2710456848144531,59,,,,25,0.913457453250885,0.46376919746398926,,84,,,
0.0009326160652562976,60,,,,25,0.14434202015399933,0.04395543783903122,,85,,,
0.012432456947863102,61,,,,25,0.07522215694189072,0.031269367784261703,,86,,,
0.0020808966364711523,62,,,,25,0.05984816327691078,0.019411077722907066,,87,,,
0.024613965302705765,63,,,,25,0.22141633927822113,0.08365467935800552,,88,,,
0.015256259590387344,64,,,,25,0.17732380330562592,0.06387652456760406,,89,,,
1.70925772190094,65,,,,25,0.9670553803443909,1.4865970611572266,,90,,,
0.02137715183198452,66,,,,25,0.07446425408124924,0.03730328381061554,,91,,,
0.006190056446939707,67,,,,25,0.024584544822573662,0.011708403006196022,,92,,,
2.18620228767395,68,,,,25,1.0960311889648438,1.859151005744934,,93,,,
0.020674793049693108,69,,,,25,0.29703643918037415,0.10358329117298126,,94,,,
0.0031177031341940165,70,,,,25,0.05861148238182068,0.019765837118029594,,95,,,
0.017673978582024574,71,,,,25,0.05975036695599556,0.030296895653009415,,96,,,
0.015908345580101013,72,,,,25,0.09912969917058945,0.04087475314736366,,97,,,
0.0004226268210913986,73,,,,25,0.12737804651260376,0.03850925713777542,,98,,,
0.0005891970940865576,74,,,,25,0.01653962954878807,0.005374327301979065,,99,,,
0.9742347002029419,75,,,,25,1.3897404670715332,1.098886489868164,,0,,,
3.361645576660521e-05,76,,,,25,0.07741702347993851,0.023248638957738876,,1,,,
0.12820151448249817,77,,,,25,0.560736894607544,0.2579621374607086,,2,,,
0.016121506690979004,78,,,,25,0.07186038047075272,0.03284316882491112,,3,,,
0.0006378046819008887,79,,,,25,0.3204110562801361,0.09656978398561478,,4,,,
0.02319023758172989,80,,,,25,0.10622343420982361,0.048100195825099945,,5,,,
0.07423774898052216,81,,,,25,0.359096884727478,0.15969549119472504,,6,,,
0.1839929074048996,82,,,,25,0.419801265001297,0.25473541021347046,,7,,,
0.05393883213400841,83,,,,25,0.10094242542982101,0.0680399090051651,,8,,,
0.3447578251361847,84,,,,25,0.8841316103935242,0.5065699815750122,,9,,,
0.07183543592691422,85,,,,25,0.15032422542572021,0.09538207203149796,,10,,,
0.007250661961734295,86,,,,25,0.02171396277844906,0.011589651927351952,,11,,,
0.2844729721546173,87,,,,25,0.4696162939071655,0.3400159478187561,,12,,,
0.2825603783130646,88,,,,25,0.421823114156723,0.32433921098709106,,13,,,
0.009094953536987305,89,,,,25,0.3796466886997223,0.12026047706604004,,14,,,
0.018561946228146553,90,,,,25,0.25487151741981506,0.08945481479167938,,15,,,
0.009498522616922855,91,,,,25,0.302459716796875,0.09738688170909882,,16,,,
0.01504514366388321,92,,,,25,0.10628938674926758,0.04241841658949852,,17,,,
0.027537118643522263,93,,,,25,0.10999313741922379,0.05227392539381981,,18,,,
0.053152166306972504,94,,,,25,0.15810279548168182,0.0846373587846756,,19,,,
0.03564880043268204,95,,,,25,0.10867476463317871,0.05755659192800522,,20,,,
0.09836627542972565,96,,,,25,0.0815742090344429,0.09332865476608276,,21,,,
0.019040314480662346,97,,,,25,0.10522494465112686,0.044895704835653305,,22,,,
0.004753954242914915,98,,,,25,0.05785924568772316,0.02068554237484932,,23,,,
0.39222580194473267,99,,,,25,0.6089720726013184,0.4572497010231018,,24,,,
0.0007024919614195824,100,,,,25,0.7772641181945801,0.23367097973823547,,25,,,
7.497983460780233e-05,101,,,,25,0.5216391086578369,0.15654422342777252,,26,,,
0.025782672688364983,102,,,,25,0.058628443628549576,0.035636402666568756,,27,,,
0.0012178155593574047,103,,,,25,0.06038549542427063,0.018968120217323303,,28,,,
0.3645172417163849,104,,,,25,0.44019678235054016,0.387221097946167,,29,,,
0.0020267677027732134,105,,,,25,0.0362979918718338,0.012308135628700256,,30,,,
0.010316734202206135,106,,,,25,0.04443326219916344,0.020551692694425583,,31,,,
0.08510897308588028,107,,,,25,0.5346067547798157,0.21995830535888672,,32,,,
0.14707066118717194,108,,,,25,0.20875926315784454,0.1655772477388382,,33,,,
0.019943196326494217,109,,,,25,0.032100263983011246,0.023590316995978355,,34,,,
0.11183266341686249,110,,,,25,0.15724727511405945,0.1254570484161377,,35,,,
0.041579727083444595,111,,,,25,0.09434466809034348,0.05740921199321747,,36,,,
0.07810020446777344,112,,,,25,0.20315933227539062,0.11561794579029083,,37,,,
0.007009676657617092,113,,,,25,0.08553416281938553,0.030567023903131485,,38,,,
0.011015555821359158,114,,,,25,0.02496020495891571,0.015198950655758381,,39,,,
0.07809942960739136,115,,,,25,0.43547511100769043,0.18531213700771332,,40,,,
0.07537709921598434,116,,,,25,0.4303722381591797,0.18187564611434937,,41,,,
0.023650914430618286,117,,,,25,0.20326028764247894,0.07753372937440872,,42,,,
0.300016313791275,118,,,,25,0.6252196431159973,0.39757734537124634,,43,,,
0.009038249962031841,119,,,,25,0.08466342836618423,0.03172580525279045,,44,,,
0.014722278341650963,120,,,,25,0.11118403822183609,0.043660808354616165,,45,,,
0.0038463911041617393,121,,,,25,0.025453245267271996,0.010328447446227074,,46,,,
0.0007572882459498942,122,,,,25,0.012188424356281757,0.004186629317700863,,47,,,
0.0032873896416276693,123,,,,25,0.025503942742943764,0.009952356107532978,,48,,,
0.10858548432588577,124,,,,25,0.3709814250469208,0.1873042732477188,,49,,,
0.00919630378484726,125,,,,25,0.09669625014066696,0.03544628992676735,,50,,,
0.0848727896809578,126,,,,25,0.16742974519729614,0.10963988304138184,,51,,,
0.16782166063785553,127,,,,25,0.3899674415588379,0.23446539044380188,,52,,,
0.0002991705550812185,128,,,,25,0.0051333303563296795,0.0017494185594841838,,53,,,
0.06784217059612274,129,,,,25,0.767235279083252,0.2776601016521454,,54,,,
0.02048514038324356,130,,,,25,0.05430832505226135,0.03063209541141987,,55,,,
0.038388270884752274,131,,,,25,0.1495346873998642,0.07173219323158264,,56,,,
0.2723948359489441,132,,,,25,0.7277958393096924,0.40901511907577515,,57,,,
0.09089743345975876,133,,,,25,0.5114536881446838,0.21706432104110718,,58,,,
0.5176887512207031,134,,,,25,0.5048949122428894,0.5138505697250366,,59,,,
0.8269175291061401,135,,,,25,0.85382479429245,0.8349897265434265,,60,,,
0.015780918300151825,136,,,,25,0.06706609576940536,0.031166471540927887,,61,,,
0.00019143179815728217,137,,,,25,0.3014490604400635,0.09056872129440308,,62,,,
0.0031474120914936066,138,,,,25,0.2773098647594452,0.08539614826440811,,63,,,
0.0012056708801537752,139,,,,25,0.8369371294975281,0.25192511081695557,,64,,,
0.02303624525666237,140,,,,25,0.16039018332958221,0.06424243003129959,,65,,,
0.001029200037010014,141,,,,25,0.01776937022805214,0.006051251199096441,,66,,,
0.001810817513614893,142,,,,25,0.008154265582561493,0.003713852260261774,,67,,,
0.40118613839149475,143,,,,25,0.8535550236701965,0.536896824836731,,68,,,
0.007505078334361315,144,,,,25,0.5073233246803284,0.15745055675506592,,69,,,
0.0034168928395956755,145,,,,25,0.031280118972063065,0.01177586056292057,,70,,,
0.0018857807153835893,146,,,,25,0.038561806082725525,0.012888588942587376,,71,,,
0.005643743555992842,147,,,,25,0.1196574792265892,0.03984786570072174,,72,,,
0.0007470439304597676,148,,,,25,0.020112697035074234,0.006556740030646324,,73,,,
0.0029841200448572636,149,,,,25,0.06940122693777084,0.02290925197303295,,74,,,
0.025151178240776062,150,,,,25,0.3804876506328583,0.1317521184682846,,75,,,
0.0017207353375852108,151,,,,25,0.010733060538768768,0.004424433223903179,,76,,,
0.00439321156591177,152,,,,25,0.03175376355648041,0.012601377442479134,,77,,,
0.0004742213059216738,153,,,,25,0.025811029598116875,0.008075264282524586,,78,,,
0.0009763241396285594,154,,,,25,0.015569127164781094,0.0053541650995612144,,79,,,
0.012344857677817345,155,,,,25,0.33199572563171387,0.10824012011289597,,80,,,
0.5621469020843506,156,,,,25,0.5625134110450745,0.5622568726539612,,81,,,
0.05577799305319786,157,,,,25,0.34132373332977295,0.1414417177438736,,82,,,
0.004179552663117647,158,,,,25,0.3038477599620819,0.09408001601696014,,83,,,
0.0006063529872335494,159,,,,25,0.18901844322681427,0.057129982858896255,,84,,,
0.0008684201166033745,160,,,,25,0.014564012177288532,0.004977098200470209,,85,,,
0.6538225412368774,161,,,,25,0.5020314455032349,0.6082851886749268,,86,,,
0.0005349873681552708,162,,,,25,0.6030520796775818,0.18129011988639832,,87,,,
0.2837885320186615,163,,,,25,0.5444837808609009,0.361997127532959,,88,,,
0.00912094209343195,164,,,,25,0.023359904065728188,0.013392630964517593,,89,,,
0.025564588606357574,165,,,,25,0.2473798543214798,0.09210917353630066,,90,,,
0.010166055522859097,166,,,,25,0.057138171046972275,0.024257689714431763,,91,,,
0.027261881157755852,167,,,,25,0.0670848861336708,0.03920878469944,,92,,,
0.09086586534976959,168,,,,25,0.18688148260116577,0.1196705549955368,,93,,,
0.0008642514003440738,169,,,,25,0.019252344965934753,0.006380679551512003,,94,,,
0.02897968888282776,170,,,,25,0.13534577190876007,0.06088951602578163,,95,,,
0.019135983660817146,171,,,,25,0.1429740935564041,0.05628741532564163,,96,,,
0.0010696887038648129,172,,,,25,0.04623235762119293,0.014618489891290665,,97,,,
0.027332987636327744,173,,,,25,0.1317300945520401,0.0586521215736866,,98,,,
0.001073022955097258,174,,,,25,0.277264803647995,0.08393055945634842,,99,,,
0.020338205620646477,175,,,,25,0.1060793325304985,0.04606054723262787,,0,,,
0.00127948890440166,176,,,,25,0.06438427418470383,0.020210925489664078,,1,,,
0.024714453145861626,177,,,,25,0.07285536080598831,0.039156727492809296,,2,,,
0.09803096950054169,178,,,,25,0.2427411526441574,0.14144402742385864,,3,,,
0.03288773074746132,179,,,,25,0.14064544439315796,0.06521505117416382,,4,,,
0.10382580757141113,180,,,,25,0.49357664585113525,0.2207510769367218,,5,,,
0.012885639443993568,181,,,,25,0.24505575001239777,0.08253667503595352,,6,,,
0.0019696613308042288,182,,,,25,0.021021446213126183,0.007685197051614523,,7,,,
0.04453780874609947,183,,,,25,0.298158198595047,0.12062393128871918,,8,,,
0.013412132859230042,184,,,,25,0.028021275997161865,0.01779487542808056,,9,,,
2.447222948074341,185,,,,25,1.5072168111801147,2.1652212142944336,,10,,,
0.003124239156022668,186,,,,25,0.021149685606360435,0.008531873114407063,,11,,,
0.0005789510905742645,187,,,,25,0.010638427920639515,0.0035967943258583546,,12,,,
0.19749146699905396,188,,,,25,0.33132097125053406,0.23764032125473022,,13,,,
0.34683847427368164,189,,,,25,0.9007132649421692,0.5130009055137634,,14,,,
0.21819597482681274,190,,,,25,0.3783482611179352,0.2662416696548462,,15,,,
0.0006845038151368499,191,,,,25,0.0065040974877774715,0.002430381951853633,,16,,,
0.0013673489447683096,192,,,,25,0.05441589280962944,0.0172819122672081,,17,,,
0.0015635181916877627,193,,,,25,0.1951836794614792,0.059649571776390076,,18,,,
0.029299257323145866,194,,,,25,1.352025032043457,0.4261170029640198,,19,,,
0.015040211379528046,195,,,,25,0.05217120051383972,0.02617950737476349,,20,,,
0.021679094061255455,196,,,,25,0.09888283163309097,0.044840216636657715,,21,,,
0.0002821285743266344,197,,,,25,0.05119454488158226,0.015555853955447674,,22,,,
0.5977487564086914,198,,,,25,0.5436174273490906,0.5815093517303467,,23,,,
0.004730699583888054,199,,,,25,0.28374385833740234,0.08843465149402618,,24,,,
0.02313595823943615,200,,,,25,0.06352513283491135,0.03525271266698837,,25,,,
0.018491733819246292,201,,,,25,0.07531353831291199,0.03553827479481697,,26,,,
0.8286818265914917,202,,,,25,0.8474481701850891,0.8343117237091064,,27,,,
0.01631585881114006,203,,,,25,0.23476922512054443,0.08185186982154846,,28,,,
0.006487144157290459,204,,,,25,0.021525712683796883,0.010998714715242386,,29,,,
0.003438514657318592,205,,,,25,0.04537970945239067,0.016020873561501503,,30,,,
0.0004992430913262069,206,,,,25,0.08430296927690506,0.02564036101102829,,31,,,
0.00824192725121975,207,,,,25,0.029200667515397072,0.014529550448060036,,32,,,
0.0015236446633934975,208,,,,25,0.03495681658387184,0.011553596705198288,,33,,,
6.282132380874828e-05,209,,,,25,0.23809830844402313,0.07147347182035446,,34,,,
0.03058992326259613,210,,,,25,0.24575288593769073,0.09513881802558899,,35,,,
0.038169361650943756,211,,,,25,0.08614948391914368,0.05256339907646179,,36,,,
0.14895504713058472,212,,,,25,0.45840755105018616,0.2417908012866974,,37,,,
0.025024808943271637,213,,,,25,0.09363999217748642,0.04560936242341995,,38,,,
0.012249831110239029,214,,,,25,0.06554436683654785,0.028238192200660706,,39,,,
0.030319804325699806,215,,,,25,0.14815805852413177,0.06567128002643585,,40,,,
0.10854227840900421,216,,,,25,0.23626446723937988,0.14685893058776855,,41,,,
0.005118361674249172,217,,,,25,0.1319834142923355,0.043177880346775055,,42,,,
0.014652971178293228,218,,,,25,0.050953611731529236,0.02554316446185112,,43,,,
0.010314256884157658,219,,,,25,0.1657489687204361,0.056944675743579865,,44,,,
0.013204039074480534,220,,,,25,0.23629947006702423,0.08013267070055008,,45,,,
0.5921507477760315,221,,,,25,0.6237165331840515,0.6016204953193665,,46,,,
0.010478833690285683,222,,,,25,0.03887145593762398,0.018996620550751686,,47,,,
0.0004903068183921278,223,,,,25,0.00869280006736517,0.002951054833829403,,48,,,
0.08798086643218994,224,,,,25,0.31227967143058777,0.155270516872406,,49,,,
0.02407914213836193,225,,,,25,0.15925200283527374,0.06463100016117096,,50,,,
0.3372291624546051,226,,,,25,0.39264631271362305,0.35385429859161377,,51,,,
0.005998940207064152,227,,,,25,0.0459747314453125,0.017991676926612854,,52,,,
0.06213466078042984,228,,,,25,0.4833458364009857,0.18849802017211914,,53,,,
0.14024455845355988,229,,,,25,0.20233523845672607,0.15887176990509033,,54,,,
0.003230830654501915,230,,,,25,0.08896059542894363,0.028949759900569916,,55,,,
0.014048848301172256,231,,,,25,0.17421941459178925,0.06210001930594444,,56,,,
0.0002051381452474743,232,,,,25,0.1382990926504135,0.04163332283496857,,57,,,
0.20108795166015625,233,,,,25,0.5283627510070801,0.2992703914642334,,58,,,
0.211652472615242,234,,,,25,0.38466861844062805,0.2635573148727417,,59,,,
0.012359339743852615,235,,,,25,0.47072088718414307,0.14986781775951385,,60,,,
0.005743547808378935,236,,,,25,0.09259849786758423,0.0318000353872776,,61,,,
0.05123104155063629,237,,,,25,0.06518254429101944,0.05541649088263512,,62,,,
0.26608332991600037,238,,,,25,0.6178521513938904,0.3716139793395996,,63,,,
1.4284465312957764,239,,,,25,0.8792333602905273,1.2636826038360596,,64,,,
0.01519356295466423,240,,,,25,0.09378036856651306,0.03876960650086403,,65,,,
0.004420390352606773,241,,,,25,0.24604113399982452,0.07690661400556564,,66,,,
0.10380668193101883,242,,,,25,0.34805479645729065,0.1770811229944229,,67,,,
0.010398141108453274,243,,,,25,0.07369010895490646,0.029385730624198914,,68,,,
0.12045948952436447,244,,,,25,0.27988019585609436,0.16828569769859314,,69,,,
0.02946050837635994,245,,,,25,0.1006670668721199,0.05082247778773308,,70,,,
0.13527332246303558,246,,,,25,0.3024090528488159,0.18541404604911804,,71,,,
0.014614320360124111,247,,,,25,0.10158271342515945,0.040704838931560516,,72,,,
0.09233323484659195,248,,,,25,0.395114541053772,0.18316763639450073,,73,,,
0.02573457546532154,249,,,,25,0.08808260411024094,0.044438984245061874,,74,,,
0.03244490921497345,250,,,,25,0.701714038848877,0.23322565853595734,,75,,,
0.13196736574172974,251,,,,25,1.0020341873168945,0.3929874300956726,,76,,,
0.003769793314859271,252,,,,25,0.03729987516999245,0.013828817754983902,,77,,,
0.03260911628603935,253,,,,25,0.09738332778215408,0.05204138159751892,,78,,,
0.47419750690460205,254,,,,25,0.45113882422447205,0.46727991104125977,,79,,,
0.005195449572056532,255,,,,25,0.038080986589193344,0.015061111189424992,,80,,,
0.003793188836425543,256,,,,25,0.4023309051990509,0.12335450947284698,,81,,,
0.6737081408500671,257,,,,25,0.7377989888191223,0.6929354071617126,,82,,,
0.002848022850230336,258,,,,25,0.027770163491368294,0.01032466534525156,,83,,,
0.006220266688615084,259,,,,25,0.02454070746898651,0.01171639934182167,,84,,,
0.29089584946632385,260,,,,25,0.695765495300293,0.41235673427581787,,85,,,
0.5656102299690247,261,,,,25,0.9588565230369568,0.6835840940475464,,86,,,
0.5935952067375183,262,,,,25,0.5830571055412292,0.5904337763786316,,87,,,
0.10716770589351654,263,,,,25,0.2809669077396393,0.15930746495723724,,88,,,
0.3704316020011902,264,,,,25,0.33334505558013916,0.35930562019348145,,89,,,
0.03739028424024582,265,,,,25,0.11097753793001175,0.05946645885705948,,90,,,
0.059962328523397446,266,,,,25,0.2521570026874542,0.11762072890996933,,91,,,
0.00300860358402133,267,,,,25,0.045248132199048996,0.0156804621219635,,92,,,
,,,,,25,,,,93,0.17625436186790466,0.7631579041481018,0.8295930624008179
0.0004704084130935371,0,,,,26,0.49318647384643555,0.14828523993492126,,94,,,
0.042050525546073914,1,,,,26,0.10431914776563644,0.06073111295700073,,95,,,
0.0120460893958807,2,,,,26,0.6203655004501343,0.19454193115234375,,96,,,
0.007608009502291679,3,,,,26,0.29711586236953735,0.0944603681564331,,97,,,
0.0491255521774292,4,,,,26,0.16743600368499756,0.08461868762969971,,98,,,
0.00295452494174242,5,,,,26,0.36630234122276306,0.11195887625217438,,99,,,
0.03531618043780327,6,,,,26,0.267072468996048,0.10484306514263153,,0,,,
0.006378648336976767,7,,,,26,0.3766441345214844,0.1174582988023758,,1,,,
0.0021898592822253704,8,,,,26,0.012514385394752026,0.005287216976284981,,2,,,
0.010006147436797619,9,,,,26,0.026901235803961754,0.015074674040079117,,3,,,
0.0001387499796692282,10,,,,26,0.3248872458934784,0.09756330400705338,,4,,,
0.003971191123127937,11,,,,26,0.04220344126224518,0.015440867282450199,,5,,,
0.0005459486856125295,12,,,,26,0.012078042142093182,0.004005576949566603,,6,,,
0.1462324559688568,13,,,,26,0.5493108034133911,0.2671559751033783,,7,,,
0.1617727130651474,14,,,,26,0.13080868124961853,0.1524835079908371,,8,,,
0.04895983636379242,15,,,,26,0.10985171794891357,0.06722740083932877,,9,,,
0.0005746620590798557,16,,,,26,0.19724935293197632,0.05957707390189171,,10,,,
0.09980597347021103,17,,,,26,0.5180403590202332,0.22527629137039185,,11,,,
2.1105897426605225,18,,,,26,1.137511134147644,1.8186662197113037,,12,,,
0.21050450205802917,19,,,,26,0.9152593612670898,0.4219309687614441,,13,,,
0.000161038784426637,20,,,,26,0.0630737915635109,0.019034866243600845,,14,,,
0.03627887740731239,21,,,,26,0.3721783459186554,0.13704872131347656,,15,,,
0.005988038145005703,22,,,,26,0.05153042450547218,0.01965075358748436,,16,,,
0.14542272686958313,23,,,,26,0.3009316027164459,0.19207538664340973,,17,,,
0.22541281580924988,24,,,,26,0.6664318442344666,0.3577185273170471,,18,,,
0.015111254528164864,25,,,,26,0.14095625281333923,0.05286475270986557,,19,,,
0.036637723445892334,26,,,,26,0.08077429234981537,0.049878694117069244,,20,,,
0.005614819936454296,27,,,,26,0.048029884696006775,0.018339339643716812,,21,,,
0.004848746117204428,28,,,,26,0.030275190249085426,0.012476679868996143,,22,,,
0.00548358540982008,29,,,,26,0.0815863311290741,0.028314409777522087,,23,,,
0.0029517910443246365,30,,,,26,0.04113706573843956,0.01440737396478653,,24,,,
0.4222918748855591,31,,,,26,0.5489273071289062,0.46028250455856323,,25,,,
0.03697415441274643,32,,,,26,0.21655885875225067,0.09084957093000412,,26,,,
0.13802576065063477,33,,,,26,0.2872021496295929,0.18277868628501892,,27,,,
0.005075427703559399,34,,,,26,0.09991512447595596,0.03352733701467514,,28,,,
0.014505410566926003,35,,,,26,0.1423208862543106,0.05285005271434784,,29,,,
3.0397906812140718e-05,36,,,,26,0.5948114395141602,0.17846471071243286,,30,,,
0.023750683292746544,37,,,,26,0.3699532747268677,0.1276114583015442,,31,,,
0.0026927662547677755,38,,,,26,0.02591130882501602,0.0096583291888237,,32,,,
0.02232281118631363,39,,,,26,0.2284061461687088,0.08414781838655472,,33,,,
0.022684484720230103,40,,,,26,0.08320305496454239,0.04084005951881409,,34,,,
0.013809259980916977,41,,,,26,0.19652855396270752,0.06862504780292511,,35,,,
0.707105278968811,42,,,,26,0.7613697052001953,0.7233846187591553,,36,,,
0.0006591292913071811,43,,,,26,0.07446020841598511,0.022799452766776085,,37,,,
0.08574629575014114,44,,,,26,0.18893440067768097,0.11670272797346115,,38,,,
0.0014486543368548155,45,,,,26,0.023613005876541138,0.00809795968234539,,39,,,
1.2608897686004639,46,,,,26,0.964393138885498,1.171940803527832,,40,,,
0.006129751447588205,47,,,,26,0.1511683613061905,0.049641337245702744,,41,,,
0.0007913556764833629,48,,,,26,0.6250659823417664,0.1880737543106079,,42,,,
0.03315865620970726,49,,,,26,0.08592734485864639,0.04898926243185997,,43,,,
0.41592007875442505,50,,,,26,0.264171302318573,0.3703954219818115,,44,,,
0.003116871230304241,51,,,,26,0.06434870511293411,0.021486422047019005,,45,,,
0.28771671652793884,52,,,,26,0.34221628308296204,0.30406659841537476,,46,,,
0.03855104744434357,53,,,,26,0.18971003592014313,0.08389874547719955,,47,,,
0.06666286289691925,54,,,,26,1.2705870866775513,0.42784014344215393,,48,,,
0.006365855690091848,55,,,,26,0.4151668846607208,0.12900616228580475,,49,,,
0.04763130098581314,56,,,,26,0.3953985273838043,0.15196147561073303,,50,,,
0.007838916033506393,57,,,,26,0.07399889081716537,0.027686908841133118,,51,,,
0.0297976266592741,58,,,,26,0.2624424397945404,0.09959107637405396,,52,,,
0.010501600801944733,59,,,,26,0.047764912247657776,0.021680595353245735,,53,,,
0.006518885027617216,60,,,,26,0.0721670463681221,0.026213334873318672,,54,,,
0.002051393734291196,61,,,,26,0.06529343873262405,0.021024007350206375,,55,,,
0.016378719359636307,62,,,,26,0.04886259511113167,0.026123881340026855,,56,,,
0.0019444384379312396,63,,,,26,0.2765083312988281,0.08431360870599747,,57,,,
0.0015958918957039714,64,,,,26,0.1150471642613411,0.03563127666711807,,58,,,
0.16976988315582275,65,,,,26,0.32305821776390076,0.2157563865184784,,59,,,
0.0015835139201954007,66,,,,26,0.08013686537742615,0.025149520486593246,,60,,,
0.017457515001296997,67,,,,26,0.10203143209218979,0.042829692363739014,,61,,,
0.0035038527566939592,68,,,,26,0.044422585517168045,0.01577947288751602,,62,,,
0.0036632593255490065,69,,,,26,0.3769126236438751,0.11563806980848312,,63,,,
0.010065393522381783,70,,,,26,0.06467897444963455,0.02644946798682213,,64,,,
0.004443296231329441,71,,,,26,0.06631716340780258,0.02300545573234558,,65,,,
0.053060486912727356,72,,,,26,0.16461297869682312,0.08652623742818832,,66,,,
0.00956523697823286,73,,,,26,0.07646767050027847,0.029635967686772346,,67,,,
0.042740434408187866,74,,,,26,0.29520031809806824,0.11847840249538422,,68,,,
2.153143882751465,75,,,,26,1.0062353610992432,1.8090713024139404,,69,,,
0.0036649219691753387,76,,,,26,0.023007214069366455,0.009467609226703644,,70,,,
2.4866130352020264,77,,,,26,1.6432008743286133,2.2335894107818604,,71,,,
0.24237819015979767,78,,,,26,0.4629286229610443,0.30854332447052,,72,,,
0.0007018963224254549,79,,,,26,0.022198326885700226,0.007150826044380665,,73,,,
0.006152262445539236,80,,,,26,0.1342484951019287,0.044581133872270584,,74,,,
0.019474612548947334,81,,,,26,0.14457909762859344,0.05700595676898956,,75,,,
0.2987481355667114,82,,,,26,0.29761195182800293,0.29840725660324097,,76,,,
0.09436247497797012,83,,,,26,0.22978436946868896,0.13498905301094055,,77,,,
0.0005125877796672285,84,,,,26,0.16119886934757233,0.04871847480535507,,78,,,
0.0033621233887970448,85,,,,26,0.026935311034321785,0.01043407991528511,,79,,,
0.06237258017063141,86,,,,26,0.27984246611595154,0.12761354446411133,,80,,,
8.475421054754406e-05,87,,,,26,0.176134392619133,0.05289964750409126,,81,,,
0.0003796095261350274,88,,,,26,0.016126416623592377,0.005103651899844408,,82,,,
0.3609207272529602,89,,,,26,0.4783512353897095,0.3961498737335205,,83,,,
0.08590339869260788,90,,,,26,0.7616659998893738,0.28863218426704407,,84,,,
0.025800796225667,91,,,,26,0.06249247491359711,0.03680830076336861,,85,,,
0.010945754125714302,92,,,,26,0.10379769653081894,0.03880133852362633,,86,,,
0.05506283789873123,93,,,,26,0.15704844892024994,0.08565852046012878,,87,,,
0.14422395825386047,94,,,,26,0.6209544539451599,0.287243127822876,,88,,,
0.07827791571617126,95,,,,26,0.30026760697364807,0.14487482607364655,,89,,,
0.013371552340686321,96,,,,26,0.23057790100574493,0.07853345572948456,,90,,,
0.026255393400788307,97,,,,26,1.0065175294876099,0.3203340470790863,,91,,,
0.32097509503364563,98,,,,26,0.5103190541267395,0.3777782917022705,,92,,,
0.0002037079248111695,99,,,,26,0.14846380054950714,0.04468173906207085,,93,,,
0.0676184743642807,100,,,,26,0.35410547256469727,0.15356457233428955,,94,,,
0.012676259502768517,101,,,,26,0.24183271825313568,0.08142320066690445,,95,,,
0.005621813703328371,102,,,,26,0.016213366761803627,0.008799279108643532,,96,,,
0.05421653389930725,103,,,,26,0.07465258240699768,0.06034734845161438,,97,,,
0.03432249277830124,104,,,,26,0.0791039690375328,0.04775693640112877,,98,,,
0.0011386347468942404,105,,,,26,0.03081735037267208,0.010042250156402588,,99,,,
0.038926735520362854,106,,,,26,0.691277801990509,0.23463205993175507,,0,,,
0.0024530577939003706,107,,,,26,0.013347756117582321,0.005721467547118664,,1,,,
0.09238475561141968,108,,,,26,0.24655340611934662,0.13863535225391388,,2,,,
0.48228079080581665,109,,,,26,0.5069030523300171,0.48966747522354126,,3,,,
0.020707137882709503,110,,,,26,0.05809633806347847,0.03192389756441116,,4,,,
0.036038000136613846,111,,,,26,0.23252634704113007,0.0949845090508461,,5,,,
0.006857077591121197,112,,,,26,0.07426691800355911,0.027080031111836433,,6,,,
0.016467373818159103,113,,,,26,0.6291377544403076,0.20026850700378418,,7,,,
0.007244981359690428,114,,,,26,0.07573670148849487,0.027792498469352722,,8,,,
0.006386466324329376,115,,,,26,0.07837390154600143,0.027982696890830994,,9,,,
0.03239874914288521,116,,,,26,0.24076931178569794,0.0949099212884903,,10,,,
0.13511493802070618,117,,,,26,0.22692835330963135,0.1626589596271515,,11,,,
0.00847126916050911,118,,,,26,0.08799222856760025,0.0323275588452816,,12,,,
0.27496886253356934,119,,,,26,0.37312832474708557,0.304416686296463,,13,,,
0.009197012521326542,120,,,,26,0.03429807350039482,0.016727332025766373,,14,,,
0.16605886816978455,121,,,,26,0.3194980323314667,0.2120906263589859,,15,,,
0.23205538094043732,122,,,,26,0.27864059805870056,0.24603095650672913,,16,,,
0.02015269547700882,123,,,,26,0.3472926914691925,0.11829469352960587,,17,,,
0.005849504843354225,124,,,,26,0.02959863282740116,0.012974243611097336,,18,,,
0.00042715485324151814,125,,,,26,0.010309790261089802,0.0033919455017894506,,19,,,
0.8823721408843994,126,,,,26,0.8645716309547424,0.8770319223403931,,20,,,
0.026020454242825508,127,,,,26,0.07415562123060226,0.04046100378036499,,21,,,
0.00010406429646536708,128,,,,26,0.38138386607170105,0.11448800563812256,,22,,,
0.03465832397341728,129,,,,26,0.19267423450946808,0.08206309378147125,,23,,,
0.016919083893299103,130,,,,26,0.04410042241215706,0.02507348544895649,,24,,,
0.0018410414922982454,131,,,,26,0.009564051404595375,0.004157944582402706,,25,,,
0.04808494448661804,132,,,,26,0.43742772936820984,0.16488778591156006,,26,,,
0.1081048771739006,133,,,,26,0.37184593081474304,0.18722718954086304,,27,,,
0.024755971506237984,134,,,,26,0.09478205442428589,0.04576379805803299,,28,,,
0.7542218565940857,135,,,,26,0.6361992359161377,0.7188150882720947,,29,,,
0.024662815034389496,136,,,,26,0.06437527388334274,0.03657655417919159,,30,,,
0.0032933305483311415,137,,,,26,0.03890166059136391,0.013975829817354679,,31,,,
0.08016697317361832,138,,,,26,0.7927234768867493,0.2939339280128479,,32,,,
0.014710649847984314,139,,,,26,0.06108657643198967,0.02862342819571495,,33,,,
0.005325180012732744,140,,,,26,0.021421171724796295,0.010153977200388908,,34,,,
0.0009085579658858478,141,,,,26,0.30632612109184265,0.09253382682800293,,35,,,
2.171590805053711,142,,,,26,1.5977989435195923,1.9994533061981201,,36,,,
0.005567757412791252,143,,,,26,0.05605556443333626,0.02071410045027733,,37,,,
0.00907900556921959,144,,,,26,0.028596261516213417,0.014934182167053223,,38,,,
0.03406386449933052,145,,,,26,0.1544429510831833,0.0701775923371315,,39,,,
0.007133727427572012,146,,,,26,0.01892717368900776,0.010671760886907578,,40,,,
0.001566017628647387,147,,,,26,0.10981228947639465,0.034039899706840515,,41,,,
0.007347347680479288,148,,,,26,0.1632893681526184,0.0541299544274807,,42,,,
0.4258841574192047,149,,,,26,0.6794102191925049,0.501941978931427,,43,,,
0.0008091036579571664,150,,,,26,0.06024603545665741,0.01864018477499485,,44,,,
0.012264315038919449,151,,,,26,0.17420177161693573,0.06084555387496948,,45,,,
0.0014261561445891857,152,,,,26,0.019788766279816628,0.006934939417988062,,46,,,
0.10496427118778229,153,,,,26,0.5050700306892395,0.22499600052833557,,47,,,
0.015216341242194176,154,,,,26,0.09256092458963394,0.03841971606016159,,48,,,
0.024889934808015823,155,,,,26,0.22819501161575317,0.08588145673274994,,49,,,
0.009857192635536194,156,,,,26,0.21749550104141235,0.07214868813753128,,50,,,
0.11691990494728088,157,,,,26,0.3757842481136322,0.19457921385765076,,51,,,
0.005287353415042162,158,,,,26,0.1356685310602188,0.044401708990335464,,52,,,
0.03011045791208744,159,,,,26,0.10546218603849411,0.0527159757912159,,53,,,
0.145697683095932,160,,,,26,0.5349847674369812,0.2624838054180145,,54,,,
0.0013627061853185296,161,,,,26,0.006978447083383799,0.0030474285595119,,55,,,
0.019635234028100967,162,,,,26,0.08959352970123291,0.04062272608280182,,56,,,
0.061766695231199265,163,,,,26,0.3700403869152069,0.15424880385398865,,57,,,
0.00047779586748220026,164,,,,26,0.034504640847444534,0.01068584993481636,,58,,,
0.17972682416439056,165,,,,26,0.6565279960632324,0.3227671980857849,,59,,,
0.010843873955309391,166,,,,26,0.03738250210881233,0.01880546286702156,,60,,,
0.0043079908937215805,167,,,,26,0.05697932839393616,0.0201093927025795,,61,,,
0.2994900047779083,168,,,,26,0.7057659029960632,0.42137277126312256,,62,,,
0.0037797691766172647,169,,,,26,0.29906001687049866,0.09236384183168411,,63,,,
0.0008669908274896443,170,,,,26,0.15773899853229523,0.047928597778081894,,64,,,
0.0032949938904494047,171,,,,26,0.04424355551600456,0.01557956263422966,,65,,,
0.0008187517523765564,172,,,,26,0.09558210521936417,0.02924775891005993,,66,,,
0.2430165559053421,173,,,,26,0.4054616391658783,0.29175007343292236,,67,,,
0.10144514590501785,174,,,,26,0.20362281799316406,0.13209845125675201,,68,,,
0.015891801565885544,175,,,,26,0.05488857626914978,0.027590833604335785,,69,,,
0.13057996332645416,176,,,,26,0.2915986478328705,0.1788855791091919,,70,,,
0.02255057729780674,177,,,,26,0.051356393843889236,0.031192321330308914,,71,,,
0.0019143365789204836,178,,,,26,0.02531130425632,0.008933426812291145,,72,,,
0.020046023651957512,179,,,,26,0.06239227578043938,0.03274989873170853,,73,,,
0.004434632603079081,180,,,,26,0.08382046222686768,0.028250383213162422,,74,,,
0.0020688814111053944,181,,,,26,0.029674747958779335,0.010350641794502735,,75,,,
0.007199771236628294,182,,,,26,0.0384611040353775,0.016578171402215958,,76,,,
0.00024863966973498464,183,,,,26,0.05847563222050667,0.01771673746407032,,77,,,
0.0026038335636258125,184,,,,26,0.11226972192525864,0.035503603518009186,,78,,,
0.002994103590026498,185,,,,26,0.20014633238315582,0.06213977187871933,,79,,,
0.21159903705120087,186,,,,26,0.5655326247215271,0.3177791237831116,,80,,,
0.19811728596687317,187,,,,26,0.40431952476501465,0.25997796654701233,,81,,,
0.014005943201482296,188,,,,26,0.24469172954559326,0.08321168273687363,,82,,,
0.10379915684461594,189,,,,26,0.36549946665763855,0.18230925500392914,,83,,,
0.015503951348364353,190,,,,26,0.10966169834136963,0.04375127702951431,,84,,,
0.002463046694174409,191,,,,26,0.04205286130309105,0.01433999091386795,,85,,,
0.002837918698787689,192,,,,26,0.010619178414344788,0.005172296427190304,,86,,,
0.00010871296399272978,193,,,,26,0.6676422953605652,0.20036879181861877,,87,,,
0.037706028670072556,194,,,,26,0.17396922409534454,0.07858499139547348,,88,,,
0.10903828591108322,195,,,,26,0.6287371516227722,0.26494795083999634,,89,,,
0.0003638797497842461,196,,,,26,0.01802467554807663,0.005662118550390005,,90,,,
0.011136163957417011,197,,,,26,0.1806667000055313,0.06199532747268677,,91,,,
0.006970374844968319,198,,,,26,0.0974058136343956,0.034101009368896484,,92,,,
0.0008116050157696009,199,,,,26,0.7590615153312683,0.22828657925128937,,93,,,
0.0009789442410692573,200,,,,26,0.009048727340996265,0.0033998792059719563,,94,,,
6.615896563744172e-05,201,,,,26,0.0017929213354364038,0.0005841877427883446,,95,,,
0.012430572882294655,202,,,,26,0.8046585917472839,0.2500990033149719,,96,,,
0.029328547418117523,203,,,,26,0.0845724418759346,0.045901715755462646,,97,,,
0.4316723942756653,204,,,,26,0.6358281970024109,0.4929191470146179,,98,,,
0.0002196785935666412,205,,,,26,0.1579148769378662,0.04752824082970619,,99,,,
0.04971770569682121,206,,,,26,0.24693818390369415,0.10888385027647018,,0,,,
0.2169472575187683,207,,,,26,0.8745084404945374,0.414215624332428,,1,,,
0.11491323262453079,208,,,,26,0.3162633180618286,0.17531827092170715,,2,,,
0.0007893307483755052,209,,,,26,0.011015254072844982,0.0038571078330278397,,3,,,
0.0450742244720459,210,,,,26,0.1618880182504654,0.08011836558580399,,4,,,
0.00028427375946193933,211,,,,26,0.022003913298249245,0.006800165865570307,,5,,,
0.6519164443016052,212,,,,26,0.5472628474235535,0.6205203533172607,,6,,,
0.036965999752283096,213,,,,26,0.14089623093605042,0.06814507395029068,,7,,,
0.02774839662015438,214,,,,26,0.2859516143798828,0.1052093654870987,,8,,,
0.006188279017806053,215,,,,26,0.0689212828874588,0.025008181110024452,,9,,,
0.09365659207105637,216,,,,26,0.20418648421764374,0.1268155574798584,,10,,,
0.01175595074892044,217,,,,26,0.12833429872989655,0.04672945663332939,,11,,,
0.015753695741295815,218,,,,26,0.09504041075706482,0.03953970968723297,,12,,,
0.04255537688732147,219,,,,26,0.3058973252773285,0.12155796587467194,,13,,,
0.010367820970714092,220,,,,26,0.1347801238298416,0.04769151657819748,,14,,,
0.001660398324020207,221,,,,26,0.044647324830293655,0.014556476846337318,,15,,,
0.0010870745172724128,222,,,,26,0.04171748831868172,0.013276198878884315,,16,,,
0.19263379275798798,223,,,,26,0.5460068583488464,0.2986457049846649,,17,,,
0.012354865670204163,224,,,,26,0.09732519835233688,0.03784596547484398,,18,,,
0.04098856821656227,225,,,,26,0.09257068485021591,0.05646320432424545,,19,,,
0.004697715397924185,226,,,,26,0.3094353675842285,0.09611901640892029,,20,,,
0.0006165986997075379,227,,,,26,0.02559840865433216,0.008111141622066498,,21,,,
2.034066915512085,228,,,,26,1.1121035814285278,1.7574779987335205,,22,,,
0.026012904942035675,229,,,,26,0.139154314994812,0.059955328702926636,,23,,,
0.07808289676904678,230,,,,26,0.31851083040237427,0.15021127462387085,,24,,,
0.029576828703284264,231,,,,26,0.23674266040325165,0.09172657877206802,,25,,,
0.01311533059924841,232,,,,26,0.0528474897146225,0.025034978985786438,,26,,,
0.07226215302944183,233,,,,26,0.1386287659406662,0.09217213839292526,,27,,,
0.4815000891685486,234,,,,26,0.6853846907615662,0.5426654815673828,,28,,,
0.009695109911262989,235,,,,26,0.04908387362957001,0.021511739119887352,,29,,,
0.003070404287427664,236,,,,26,0.04144490882754326,0.014582755975425243,,30,,,
0.0025516352616250515,237,,,,26,0.015504937618970871,0.006437625735998154,,31,,,
0.016646182164549828,238,,,,26,0.07716701179742813,0.03480243310332298,,32,,,
0.06395301222801208,239,,,,26,0.3184530735015869,0.14030303061008453,,33,,,
0.0028933114372193813,240,,,,26,0.01774553395807743,0.00734897842630744,,34,,,
0.0014143711887300014,241,,,,26,0.03722776845097542,0.012158391065895557,,35,,,
0.00034481301554478705,242,,,,26,0.033685024827718735,0.010346876457333565,,36,,,
0.15428970754146576,243,,,,26,0.2693975269794464,0.18882206082344055,,37,,,
0.015535290353000164,244,,,,26,0.3016773462295532,0.10137791186571121,,38,,,
0.010762385092675686,245,,,,26,0.23091751337051392,0.07680892944335938,,39,,,
0.004410421010106802,246,,,,26,1.7450531721115112,0.5266032814979553,,40,,,
2.15712833404541,247,,,,26,1.161042332649231,1.8583025932312012,,41,,,
0.6712865233421326,248,,,,26,0.7419062256813049,0.6924724578857422,,42,,,
1.2723373174667358,249,,,,26,1.2728489637374878,1.2724907398223877,,43,,,
0.023780949413776398,250,,,,26,0.09177947044372559,0.044180504977703094,,44,,,
0.11211712658405304,251,,,,26,0.37523242831230164,0.19105172157287598,,45,,,
0.019113996997475624,252,,,,26,0.06053197756409645,0.03153939172625542,,46,,,
0.009296699427068233,253,,,,26,0.0815911591053009,0.030985038727521896,,47,,,
0.0713387131690979,254,,,,26,0.1408803015947342,0.09220118820667267,,48,,,
0.005044352263212204,255,,,,26,0.057014476507902145,0.020635390654206276,,49,,,
0.4369010031223297,256,,,,26,1.0935559272766113,0.6338974833488464,,50,,,
0.06715677678585052,257,,,,26,0.13319942355155945,0.08696956932544708,,51,,,
0.002316531492397189,258,,,,26,0.02907087653875351,0.010342835448682308,,52,,,
0.0676560252904892,259,,,,26,0.17613035440444946,0.10019832849502563,,53,,,
0.011842070147395134,260,,,,26,0.027905618771910667,0.016661133617162704,,54,,,
0.03354041278362274,261,,,,26,0.5048021674156189,0.17491893470287323,,55,,,
0.04020114988088608,262,,,,26,0.49823418259620667,0.17761105298995972,,56,,,
0.15926317870616913,263,,,,26,0.7123311161994934,0.32518357038497925,,57,,,
2.729855441430118e-05,264,,,,26,0.11592570692300797,0.0347968228161335,,58,,,
0.000601349223870784,265,,,,26,0.1626838594675064,0.049226101487874985,,59,,,
0.00656921835616231,266,,,,26,0.015869880095124245,0.009359417483210564,,60,,,
0.2555311620235443,267,,,,26,0.3945317268371582,0.2972313165664673,,61,,,
,,,,,26,,,,62,0.16772650182247162,0.7631579041481018,0.9572528004646301
4.2437604861333966e-05,0,,,,27,0.022036314010620117,0.006640600971877575,,63,,,
1.280236005783081,1,,,,27,0.40724530816078186,1.0183387994766235,,64,,,
0.00045110538485459983,2,,,,27,0.017375975847244263,0.0055285668931901455,,65,,,
0.0005634627304971218,3,,,,27,0.22868752479553223,0.06900068372488022,,66,,,
0.018741901963949203,4,,,,27,0.13199850916862488,0.052718885242938995,,67,,,
0.01718534715473652,5,,,,27,0.06164593994617462,0.030523525550961494,,68,,,
0.05936958268284798,6,,,,27,0.26428571343421936,0.12084442377090454,,69,,,
0.0006512666586786509,7,,,,27,0.09009041637182236,0.0274830125272274,,70,,,
0.007086381781846285,8,,,,27,0.04228847101330757,0.01764700934290886,,71,,,
0.008744991384446621,9,,,,27,0.1883067637681961,0.06261352449655533,,72,,,
0.013387431390583515,10,,,,27,0.0763007178902626,0.03226141631603241,,73,,,
0.0005723983631469309,11,,,,27,0.0250110924243927,0.007904007099568844,,74,,,
0.2791454792022705,12,,,,27,0.6059262156486511,0.37717968225479126,,75,,,
0.0005191409145481884,13,,,,27,0.015300091356039047,0.00495342630892992,,76,,,
0.008269947953522205,14,,,,27,0.04772057756781578,0.020105138421058655,,77,,,
0.06271513551473618,15,,,,27,0.2025090605020523,0.10465331375598907,,78,,,
0.009328705258667469,16,,,,27,0.09345557540655136,0.034566767513751984,,79,,,
2.5016872882843018,17,,,,27,1.1042290925979614,2.0824499130249023,,80,,,
0.2862955927848816,18,,,,27,1.0587255954742432,0.5180245637893677,,81,,,
0.23122136294841766,19,,,,27,0.3015575110912323,0.2523221969604492,,82,,,
0.09536666423082352,20,,,,27,0.4655061662197113,0.2064085155725479,,83,,,
0.09957830607891083,21,,,,27,0.2341364175081253,0.13994574546813965,,84,,,
0.08655288815498352,22,,,,27,0.46276262402534485,0.19941581785678864,,85,,,
0.005005803424865007,23,,,,27,0.04750731587409973,0.017756257206201553,,86,,,
0.11205212026834488,24,,,,27,0.2360791712999344,0.1492602378129959,,87,,,
0.002682304009795189,25,,,,27,0.02779785357415676,0.010216969065368176,,88,,,
0.011221983470022678,26,,,,27,0.07496944069862366,0.03034622222185135,,89,,,
0.01021939143538475,27,,,,27,0.276449054479599,0.09008829295635223,,90,,,
0.0531044639647007,28,,,,27,0.7894506454467773,0.2740083336830139,,91,,,
0.02182210050523281,29,,,,27,0.08572111278772354,0.040991805493831635,,92,,,
0.003886884544044733,30,,,,27,0.17800027132034302,0.05612090229988098,,93,,,
0.00389246572740376,31,,,,27,0.1310795396566391,0.04204858839511871,,94,,,
0.010809557512402534,32,,,,27,0.06863555312156677,0.02815735712647438,,95,,,
0.113008052110672,33,,,,27,0.557949423789978,0.246490478515625,,96,,,
0.3337610363960266,34,,,,27,0.4741051495075226,0.37586426734924316,,97,,,
0.00010966652916977182,35,,,,27,0.0351804755628109,0.010630909353494644,,98,,,
0.008479424752295017,36,,,,27,0.03178180381655693,0.015470138750970364,,99,,,
0.04867760092020035,37,,,,27,0.3514733612537384,0.13951632380485535,,0,,,
1.614474892616272,38,,,,27,1.00914466381073,1.4328758716583252,,1,,,
0.01463382225483656,39,,,,27,0.11100661754608154,0.043545663356781006,,2,,,
0.0015687552513554692,40,,,,27,0.2622300088405609,0.0797671303153038,,3,,,
0.13700522482395172,41,,,,27,0.08492368459701538,0.1213807612657547,,4,,,
0.0026430694852024317,42,,,,27,0.04069169983267784,0.014057659544050694,,5,,,
0.04290604218840599,43,,,,27,0.13185904920101166,0.0695919468998909,,6,,,
0.07407569885253906,44,,,,27,0.3858863413333893,0.16761890053749084,,7,,,
0.0003741279651876539,45,,,,27,0.03611074015498161,0.011095112189650536,,8,,,
4.660974445869215e-05,46,,,,27,0.022061288356781006,0.006651013623923063,,9,,,
0.417321115732193,47,,,,27,0.6244762539863586,0.4794676601886749,,10,,,
0.3430141806602478,48,,,,27,1.34636390209198,0.6440191268920898,,11,,,
0.0023286626674234867,49,,,,27,0.1725480556488037,0.05339448153972626,,12,,,
1.2560772895812988,50,,,,27,1.2092934846878052,1.2420421838760376,,13,,,
0.00664051016792655,51,,,,27,0.024429842829704285,0.011977310292422771,,14,,,
0.4793911278247833,52,,,,27,0.5161766409873962,0.49042677879333496,,15,,,
0.5942426919937134,53,,,,27,0.47011053562164307,0.5570030212402344,,16,,,
0.5576444268226624,54,,,,27,0.4958518445491791,0.5391066670417786,,17,,,
0.034738462418317795,55,,,,27,0.16414515674114227,0.07356047630310059,,18,,,
6.12716976320371e-05,56,,,,27,0.5313459038734436,0.15944665670394897,,19,,,
0.1074027493596077,57,,,,27,0.18942934274673462,0.13201072812080383,,20,,,
0.035210076719522476,58,,,,27,0.3913210332393646,0.1420433670282364,,21,,,
0.02889978140592575,59,,,,27,0.10109946131706238,0.05055968463420868,,22,,,
0.0236124936491251,60,,,,27,0.11809881776571274,0.051958389580249786,,23,,,
0.014750822447240353,61,,,,27,0.13925513625144958,0.052102118730545044,,24,,,
0.008011586964130402,62,,,,27,0.12234500795602798,0.042311616241931915,,25,,,
0.0772894024848938,63,,,,27,0.500049889087677,0.204117551445961,,26,,,
0.024588145315647125,64,,,,27,0.13220465183258057,0.05687309801578522,,27,,,
0.002354232594370842,65,,,,27,0.008477113209664822,0.004191096872091293,,28,,,
0.0005816913326270878,66,,,,27,0.07623649388551712,0.0232781320810318,,29,,,
0.2640863358974457,67,,,,27,0.4748121500015259,0.32730409502983093,,30,,,
0.0899350494146347,68,,,,27,0.25026339292526245,0.13803355395793915,,31,,,
1.0964608192443848,69,,,,27,1.1095448732376099,1.1003860235214233,,32,,,
0.39543259143829346,70,,,,27,0.48836877942085266,0.4233134388923645,,33,,,
1.4921989440917969,71,,,,27,1.0947743654251099,1.372971534729004,,34,,,
0.0024873053189367056,72,,,,27,0.017520112916827202,0.00699714757502079,,35,,,
0.04511023312807083,73,,,,27,0.1845119148492813,0.08693073689937592,,36,,,
0.0068799271248281,74,,,,27,0.049384813755750656,0.019631393253803253,,37,,,
0.006490341853350401,75,,,,27,0.04929305240511894,0.019331155344843864,,38,,,
0.0005553610390052199,76,,,,27,0.011017377488315105,0.0036939659621566534,,39,,,
0.001524715917184949,77,,,,27,0.048792023211717606,0.015704907476902008,,40,,,
0.09889284521341324,78,,,,27,0.26124122738838196,0.14759737253189087,,41,,,
0.01754009909927845,79,,,,27,0.08116193860769272,0.036626651883125305,,42,,,
0.03351493552327156,80,,,,27,0.12489154189825058,0.060927920043468475,,43,,,
0.009573619812726974,81,,,,27,0.11369254440069199,0.04080929607152939,,44,,,
0.002811172278597951,82,,,,27,0.05836141109466553,0.01947624608874321,,45,,,
0.00208934280090034,83,,,,27,0.0619012713432312,0.02003292180597782,,46,,,
0.032859355211257935,84,,,,27,0.127488374710083,0.0612480603158474,,47,,,
0.005856852978467941,85,,,,27,0.028052814304828644,0.012515641748905182,,48,,,
0.004580956418067217,86,,,,27,0.041267942637205124,0.015587052330374718,,49,,,
0.0010286045726388693,87,,,,27,0.1423570066690445,0.043427128344774246,,50,,,
0.024145472794771194,88,,,,27,0.06728675216436386,0.037087857723236084,,51,,,
0.000321336614433676,89,,,,27,0.018592992797493935,0.005802833940833807,,52,,,
0.2289695143699646,90,,,,27,0.4425041377544403,0.29302990436553955,,53,,,
0.02893267199397087,91,,,,27,0.052420664578676224,0.03597906976938248,,54,,,
0.10364193469285965,92,,,,27,0.18857534229755402,0.12912195920944214,,55,,,
0.006211144383996725,93,,,,27,0.07460477203130722,0.02672923356294632,,56,,,
0.08189057558774948,94,,,,27,0.19487369060516357,0.11578550934791565,,57,,,
0.006323922425508499,95,,,,27,0.03502435237169266,0.014934051781892776,,58,,,
0.06045743450522423,96,,,,27,0.18953587114810944,0.09918096661567688,,59,,,
0.00883066188544035,97,,,,27,0.05230331048369408,0.02187245711684227,,60,,,
0.07045819610357285,98,,,,27,0.12229961156845093,0.08601061999797821,,61,,,
0.013817372731864452,99,,,,27,0.06254108250141144,0.02843448705971241,,62,,,
0.05359698832035065,100,,,,27,0.15428835153579712,0.08380439877510071,,63,,,
0.0006307758158072829,101,,,,27,0.022216716781258583,0.007106558419764042,,64,,,
0.04022954776883125,102,,,,27,0.16380633413791656,0.07730259001255035,,65,,,
0.0032151455525308847,103,,,,27,0.12105115503072739,0.038565948605537415,,66,,,
0.7523243427276611,104,,,,27,0.7461331486701965,0.7504669427871704,,67,,,
0.020489929243922234,105,,,,27,0.02708439715206623,0.022468268871307373,,68,,,
0.0246454868465662,106,,,,27,0.24803097546100616,0.09166114032268524,,69,,,
0.00522497808560729,107,,,,27,0.018158841878175735,0.009105137549340725,,70,,,
0.009728401899337769,108,,,,27,0.16267342865467072,0.05561191216111183,,71,,,
0.20726613700389862,109,,,,27,0.5013737082481384,0.29549840092658997,,72,,,
0.0017232344252988696,110,,,,27,0.017178647220134735,0.006359858438372612,,73,,,
0.1899290382862091,111,,,,27,0.6745850443840027,0.33532583713531494,,74,,,
0.016494108363986015,112,,,,27,0.2865036427974701,0.09749697148799896,,75,,,
0.002675289288163185,113,,,,27,0.3300391733646393,0.10088445991277695,,76,,,
0.00043823651503771544,114,,,,27,0.1557828038930893,0.04704160988330841,,77,,,
0.003071355167776346,115,,,,27,0.0136467469856143,0.006243973039090633,,78,,,
0.04491604119539261,116,,,,27,0.068768709897995,0.052071839570999146,,79,,,
0.000734178873244673,117,,,,27,0.950416088104248,0.2856387495994568,,80,,,
0.09814520180225372,118,,,,27,0.2512650787830353,0.14408117532730103,,81,,,
0.01716800592839718,119,,,,27,0.09695989638566971,0.04110557585954666,,82,,,
0.012384066358208656,120,,,,27,0.9429123401641846,0.29154255986213684,,83,,,
0.020352106541395187,121,,,,27,0.07610394805669785,0.037077657878398895,,84,,,
0.0037473472766578197,122,,,,27,0.07370655983686447,0.024735111743211746,,85,,,
0.009559687227010727,123,,,,27,0.0852978304028511,0.03228113055229187,,86,,,
0.37134554982185364,124,,,,27,0.7428767681121826,0.48280489444732666,,87,,,
0.28622522950172424,125,,,,27,0.8437342047691345,0.4534779191017151,,88,,,
0.0005688241217285395,126,,,,27,0.18405281007289886,0.05561402440071106,,89,,,
0.005337749142199755,127,,,,27,0.08533187955617905,0.02933599054813385,,90,,,
0.05763931944966316,128,,,,27,0.2404962182044983,0.11249639093875885,,91,,,
0.023185230791568756,129,,,,27,0.4309098422527313,0.14550261199474335,,92,,,
0.1123594343662262,130,,,,27,0.4501332938671112,0.2136915922164917,,93,,,
0.00019822540343739092,131,,,,27,0.17188914120197296,0.051705505698919296,,94,,,
0.0010187203297391534,132,,,,27,0.010792083106935024,0.003950729500502348,,95,,,
0.0032222752925008535,133,,,,27,0.03612988814711571,0.01309455931186676,,96,,,
0.06520465761423111,134,,,,27,1.1742222309112549,0.397909939289093,,97,,,
0.0005467826849780977,135,,,,27,0.0186473298817873,0.005976947024464607,,98,,,
0.004833323881030083,136,,,,27,0.020968683063983917,0.009673931635916233,,99,,,
0.002170351566746831,137,,,,27,0.05381877347826958,0.01766487956047058,,0,,,
0.018672754988074303,138,,,,27,0.04734526574611664,0.02727450802922249,,1,,,
0.024371661245822906,139,,,,27,0.039052173495292664,0.028775814920663834,,2,,,
0.1267145574092865,140,,,,27,0.2653816044330597,0.16831466555595398,,3,,,
0.06369029730558395,141,,,,27,0.3750951588153839,0.1571117639541626,,4,,,
0.008037603460252285,142,,,,27,0.12967246770858765,0.044528063386678696,,5,,,
0.002628326416015625,143,,,,27,0.043323785066604614,0.014836965128779411,,6,,,
0.19616252183914185,144,,,,27,0.47474512457847595,0.27973729372024536,,7,,,
0.06804989278316498,145,,,,27,0.7003290057182312,0.25773364305496216,,8,,,
0.035908859223127365,146,,,,27,0.3618578612804413,0.13369356095790863,,9,,,
0.002344123786315322,147,,,,27,0.009590095840394497,0.0045179156586527824,,10,,,
0.14158520102500916,148,,,,27,0.6008955836296082,0.27937832474708557,,11,,,
0.0034493254497647285,149,,,,27,0.06810663640499115,0.022846519947052002,,12,,,
0.4018314480781555,150,,,,27,0.6022726893424988,0.46196383237838745,,13,,,
0.01593439094722271,151,,,,27,0.07308740168809891,0.033080294728279114,,14,,,
9.822363062994555e-05,152,,,,27,0.3947981894016266,0.11850821226835251,,15,,,
0.001166140311397612,153,,,,27,0.37805071473121643,0.11423151940107346,,16,,,
0.22196106612682343,154,,,,27,0.7838899493217468,0.3905397355556488,,17,,,
0.003955517895519733,155,,,,27,0.037196654826402664,0.01392786018550396,,18,,,
0.0005752577562816441,156,,,,27,0.06989400088787079,0.02137088030576706,,19,,,
0.00034171465085819364,157,,,,27,0.014100140891969204,0.004469242878258228,,20,,,
0.08220849931240082,158,,,,27,0.10862339287996292,0.09013296663761139,,21,,,
0.014085639268159866,159,,,,27,0.0322919599711895,0.019547536969184875,,22,,,
0.0019509821431711316,160,,,,27,0.07336356490850449,0.023374758660793304,,23,,,
0.009579287841916084,161,,,,27,0.14741140604019165,0.05092892423272133,,24,,,
0.011555171571671963,162,,,,27,0.049063075333833694,0.022807542234659195,,25,,,
0.01976018399000168,163,,,,27,0.12831060588359833,0.05232531204819679,,26,,,
0.01193772442638874,164,,,,27,0.10447373241186142,0.0396985299885273,,27,,,
0.008973035961389542,165,,,,27,0.0364062674343586,0.01720300503075123,,28,,,
0.0006922471220605075,166,,,,27,0.04576988145709038,0.01421553734689951,,29,,,
0.14008373022079468,167,,,,27,0.5652577877044678,0.26763594150543213,,30,,,
0.006207945756614208,168,,,,27,0.11131707578897476,0.03774068504571915,,31,,,
0.015063932165503502,169,,,,27,0.1638084501028061,0.059687286615371704,,32,,,
0.008294656872749329,170,,,,27,0.578902542591095,0.1794770359992981,,33,,,
0.03937861695885658,171,,,,27,0.5300694704055786,0.18658587336540222,,34,,,
0.05735839903354645,172,,,,27,0.29441365599632263,0.12847498059272766,,35,,,
0.3294302225112915,173,,,,27,0.47289249300956726,0.37246888875961304,,36,,,
0.0359104685485363,174,,,,27,0.33187273144721985,0.12469915300607681,,37,,,
0.0017823775997385383,175,,,,27,0.37046077847480774,0.11238590627908707,,38,,,
0.012554777786135674,176,,,,27,0.14653559029102325,0.05274902284145355,,39,,,
0.013775868341326714,177,,,,27,0.05730794742703438,0.026835491880774498,,40,,,
0.022016864269971848,178,,,,27,0.2515924870967865,0.09088955074548721,,41,,,
0.018296632915735245,179,,,,27,0.04467765614390373,0.02621094137430191,,42,,,
0.010020900517702103,180,,,,27,0.11661414057016373,0.04199887067079544,,43,,,
0.0009441685397177935,181,,,,27,0.023543551564216614,0.0077239833772182465,,44,,,
0.053526367992162704,182,,,,27,0.44732561707496643,0.17166614532470703,,45,,,
0.0013180625392124057,183,,,,27,0.4333764612674713,0.13093559443950653,,46,,,
0.19394081830978394,184,,,,27,0.8863654136657715,0.4016681909561157,,47,,,
0.003716705832630396,185,,,,27,0.4355471432209015,0.13326585292816162,,48,,,
0.004011916927993298,186,,,,27,0.5136116743087769,0.1568918526172638,,49,,,
0.013723427429795265,187,,,,27,0.3707673251628876,0.12083660066127777,,50,,,
0.3109390437602997,188,,,,27,0.378949910402298,0.33134230971336365,,51,,,
0.13387183845043182,189,,,,27,0.19915878772735596,0.15345792472362518,,52,,,
0.008793440647423267,190,,,,27,0.04165422171354294,0.018651675432920456,,53,,,
0.011040786281228065,191,,,,27,0.0678216814994812,0.02807505615055561,,54,,,
0.034373752772808075,192,,,,27,0.8109812140464783,0.2673560082912445,,55,,,
0.001513408264145255,193,,,,27,0.11880483478307724,0.036700837314128876,,56,,,
0.014283442869782448,194,,,,27,0.14243829250335693,0.05272990092635155,,57,,,
0.009425663389265537,195,,,,27,0.06983703374862671,0.027549074962735176,,58,,,
0.02271641604602337,196,,,,27,0.14994846284389496,0.06088603287935257,,59,,,
0.02333407662808895,197,,,,27,0.19530445337295532,0.07492519170045853,,60,,,
0.0016091029392555356,198,,,,27,0.09710264950990677,0.030257167294621468,,61,,,
0.43899887800216675,199,,,,27,0.794849157333374,0.5457539558410645,,62,,,
0.004255881533026695,200,,,,27,0.22145259380340576,0.0694148987531662,,63,,,
0.10445302724838257,201,,,,27,0.4334668219089508,0.20315715670585632,,64,,,
0.1329297125339508,202,,,,27,0.3561093807220459,0.1998836100101471,,65,,,
0.02904905378818512,203,,,,27,0.11849475651979446,0.0558827668428421,,66,,,
0.1447630226612091,204,,,,27,0.2272001951932907,0.16949418187141418,,67,,,
0.010773942805826664,205,,,,27,0.23005269467830658,0.07655756920576096,,68,,,
0.01460398267954588,206,,,,27,0.459452360868454,0.14805850386619568,,69,,,
0.1732981950044632,207,,,,27,0.2547297477722168,0.19772766530513763,,70,,,
0.41506192088127136,208,,,,27,0.734569251537323,0.510914146900177,,71,,,
0.6278783082962036,209,,,,27,1.0019415616989136,0.7400972843170166,,72,,,
0.0005297449533827603,210,,,,27,0.015796111896634102,0.005109655205160379,,73,,,
0.0002397011558059603,211,,,,27,0.020535046234726906,0.006328304763883352,,74,,,
0.02351096272468567,212,,,,27,0.31858471035957336,0.11203308403491974,,75,,,
0.1565810889005661,213,,,,27,0.2741568386554718,0.1918538212776184,,76,,,
0.04138324409723282,214,,,,27,0.2303173989057541,0.09806349873542786,,77,,,
0.5303467512130737,215,,,,27,0.6341214776039124,0.5614792108535767,,78,,,
0.017372462898492813,216,,,,27,0.37932088971138,0.12595699727535248,,79,,,
0.0028736984822899103,217,,,,27,0.17743873596191406,0.05524321272969246,,80,,,
0.0015195977175608277,218,,,,27,0.011420920491218567,0.00448999460786581,,81,,,
0.0112127885222435,219,,,,27,0.06934454292058945,0.028652315959334373,,82,,,
0.2764850854873657,220,,,,27,0.30655908584594727,0.28550729155540466,,83,,,
0.13004890084266663,221,,,,27,0.22162248194217682,0.15752097964286804,,84,,,
0.022074703127145767,222,,,,27,0.2633250653743744,0.09444981813430786,,85,,,
0.000532842765096575,223,,,,27,0.015746120363473892,0.005096826236695051,,86,,,
0.04153924435377121,224,,,,27,0.3202977776527405,0.12516680359840393,,87,,,
0.004425731021910906,225,,,,27,0.04943500831723213,0.017928514629602432,,88,,,
0.029686540365219116,226,,,,27,0.1400178074836731,0.06278592348098755,,89,,,
0.00874250940978527,227,,,,27,0.18501512706279755,0.061624299734830856,,90,,,
0.0032669526990503073,228,,,,27,0.02614089846611023,0.010129136964678764,,91,,,
0.0871230810880661,229,,,,27,0.4497718811035156,0.19591772556304932,,92,,,
0.0005332001601345837,230,,,,27,0.014745131134986877,0.004796779714524746,,93,,,
0.000694153131917119,231,,,,27,0.3435790538787842,0.10355962812900543,,94,,,
0.0002571013756096363,232,,,,27,0.05146397650241852,0.01561916433274746,,95,,,
0.014494836330413818,233,,,,27,0.06696883589029312,0.03023703582584858,,96,,,
0.00129341846331954,234,,,,27,0.01992887631058693,0.006884056143462658,,97,,,
0.00529079232364893,235,,,,27,0.05937282368540764,0.02151540294289589,,98,,,
0.004845543298870325,236,,,,27,0.030327819287776947,0.0124902268871665,,99,,,
0.033312369138002396,237,,,,27,0.0731264129281044,0.045256584882736206,,0,,,
0.03129783272743225,238,,,,27,0.5530986189842224,0.18783806264400482,,1,,,
0.3518279492855072,239,,,,27,0.6896243691444397,0.4531669020652771,,2,,,
0.007959552109241486,240,,,,27,0.3100266456604004,0.09857968240976334,,3,,,
0.7208058834075928,241,,,,27,0.7100915908813477,0.7175915837287903,,4,,,
0.04113410413265228,242,,,,27,0.5311605334281921,0.18814203143119812,,5,,,
0.02842668630182743,243,,,,27,0.10785283893346786,0.052254535257816315,,6,,,
0.0034165363758802414,244,,,,27,0.03699825331568718,0.013491051271557808,,7,,,
0.024989347904920578,245,,,,27,0.47853946685791016,0.16105438768863678,,8,,,
0.0011616155970841646,246,,,,27,0.17266349494457245,0.05261218175292015,,9,,,
0.9276962876319885,247,,,,27,0.6844375133514404,0.8547186851501465,,10,,,
0.001856866991147399,248,,,,27,0.05822575092315674,0.01876753196120262,,11,,,
0.23187559843063354,249,,,,27,1.021445870399475,0.4687466621398926,,12,,,
1.314186692237854,250,,,,27,0.8847252726554871,1.1853482723236084,,13,,,
0.00025960413040593266,251,,,,27,0.814081609249115,0.24440620839595795,,14,,,
0.017785588279366493,252,,,,27,0.40351033210754395,0.1335030198097229,,15,,,
0.001705264556221664,253,,,,27,0.014408293180167675,0.00551617331802845,,16,,,
0.00468217208981514,254,,,,27,0.05387851968407631,0.01944107562303543,,17,,,
0.013153920881450176,255,,,,27,0.050017159432172775,0.024212893098592758,,18,,,
0.01051233522593975,256,,,,27,1.5481287240982056,0.47179728746414185,,19,,,
0.00031263710116036236,257,,,,27,0.008112643845379353,0.0026526390574872494,,20,,,
1.0572186708450317,258,,,,27,0.7052476406097412,0.9516273736953735,,21,,,
0.012519224546849728,259,,,,27,0.16934871673583984,0.05956807732582092,,22,,,
0.0032825181260704994,260,,,,27,0.025012796744704247,0.009801601991057396,,23,,,
0.0327482596039772,261,,,,27,0.14415019750595093,0.06616884469985962,,24,,,
0.00029762129997834563,262,,,,27,0.21408291161060333,0.06443320959806442,,25,,,
0.056839458644390106,263,,,,27,0.1889842301607132,0.09648288786411285,,26,,,
0.00018380382971372455,264,,,,27,0.29994264245033264,0.09011145681142807,,27,,,
0.0031180595979094505,265,,,,27,0.044958095997571945,0.01567007042467594,,28,,,
0.08937529474496841,266,,,,27,0.25299084186553955,0.1384599506855011,,29,,,
0.010725589469075203,267,,,,27,0.5928805470466614,0.18537206947803497,,30,,,
,,,,,27,,,,31,0.16000697016716003,0.7368420958518982,0.9613195657730103
0.007758719846606255,0,,,,28,1.327155590057373,0.4035778045654297,,32,,,
0.0029856651090085506,1,,,,28,0.11479227989912033,0.03652765229344368,,33,,,
0.00282187107950449,2,,,,28,0.0511263944208622,0.01731322892010212,,34,,,
3.6238969187252223e-05,3,,,,28,0.09003600478172302,0.027036169543862343,,35,,,
0.026986682787537575,4,,,,28,0.10319796949625015,0.04985006898641586,,36,,,
0.21496035158634186,5,,,,28,0.5753603577613831,0.3230803608894348,,37,,,
0.004852423910051584,6,,,,28,0.11366014927625656,0.03749474510550499,,38,,,
0.3781678080558777,7,,,,28,0.49951550364494324,0.4145721197128296,,39,,,
0.03945574164390564,8,,,,28,0.360195517539978,0.13567768037319183,,40,,,
0.007207345683127642,9,,,,28,0.4060088098049164,0.1268477886915207,,41,,,
0.0020028548315167427,10,,,,28,0.022163525223731995,0.008051056414842606,,42,,,
0.002423565834760666,11,,,,28,0.4193800985813141,0.12751053273677826,,43,,,
7.211902266135439e-05,12,,,,28,0.14149677753448486,0.042499519884586334,,44,,,
0.12742604315280914,13,,,,28,0.20382611453533173,0.1503460705280304,,45,,,
0.005828883498907089,14,,,,28,0.09316428750753403,0.03202950581908226,,46,,,
0.05549586936831474,15,,,,28,0.3421316146850586,0.14148660004138947,,47,,,
0.3341487646102905,16,,,,28,0.5928682684898376,0.41176462173461914,,48,,,
0.6043082475662231,17,,,,28,0.6300119161605835,0.6120193600654602,,49,,,
9.381330892210826e-05,18,,,,28,0.01290654856711626,0.00393763417378068,,50,,,
0.028769830241799355,19,,,,28,0.13202130794525146,0.05974527448415756,,51,,,
1.1927886009216309,20,,,,28,0.9618037343025208,1.1234931945800781,,52,,,
0.0041077290661633015,21,,,,28,0.2290978878736496,0.07160478085279465,,53,,,
0.09784722328186035,22,,,,28,0.09235451370477676,0.0961994081735611,,54,,,
0.008231405168771744,23,,,,28,0.7236363887786865,0.2228529006242752,,55,,,
0.002271335804834962,24,,,,28,0.029407551512122154,0.010412201285362244,,56,,,
0.0002426806604489684,25,,,,28,0.08160489797592163,0.02465134672820568,,57,,,
0.019586605951189995,26,,,,28,0.1924460530281067,0.07144444435834885,,58,,,
0.002270027529448271,27,,,,28,0.03457833454012871,0.011962519958615303,,59,,,
0.011260529048740864,28,,,,28,0.10487169027328491,0.039343878626823425,,60,,,
0.005431418772786856,29,,,,28,0.5328366756439209,0.16365300118923187,,61,,,
0.03298081457614899,30,,,,28,0.3577045202255249,0.13039793074131012,,62,,,
0.7102499008178711,31,,,,28,1.1073694229125977,0.8293857574462891,,63,,,
0.011196049861609936,32,,,,28,0.48217201232910156,0.1524888426065445,,64,,,
0.0002786724944598973,33,,,,28,0.10918685048818588,0.032951127737760544,,65,,,
0.011218447238206863,34,,,,28,0.11399024724960327,0.042049989104270935,,66,,,
0.10846303403377533,35,,,,28,0.17621420323848724,0.12878838181495667,,67,,,
0.03192095458507538,36,,,,28,0.09189967066049576,0.04991456866264343,,68,,,
0.6814192533493042,37,,,,28,0.8000515103340149,0.7170089483261108,,69,,,
0.010128411464393139,38,,,,28,0.26023221015930176,0.0851595550775528,,70,,,
0.05016598105430603,39,,,,28,0.1706942468881607,0.08632446080446243,,71,,,
0.004750275984406471,40,,,,28,0.016969861462712288,0.008416151627898216,,72,,,
0.0009282094542868435,41,,,,28,0.019309505820274353,0.006442598532885313,,73,,,
0.1973375380039215,42,,,,28,0.3930470645427704,0.2560504078865051,,74,,,
3.135155202471651e-05,43,,,,28,0.6368899345397949,0.1910889446735382,,75,,,
0.012632117606699467,44,,,,28,0.20268116891384125,0.06964683532714844,,76,,,
0.005453945603221655,45,,,,28,0.058990225195884705,0.021514829248189926,,77,,,
0.21174094080924988,46,,,,28,1.2297680377960205,0.5171490907669067,,78,,,
0.02615935727953911,47,,,,28,0.336511492729187,0.11926500499248505,,79,,,
0.23450860381126404,48,,,,28,0.43608590960502625,0.29498177766799927,,80,,,
0.0003812778159044683,49,,,,28,0.009476892650127411,0.0031099624466151,,81,,,
0.0002810560108628124,50,,,,28,0.03124735690653324,0.009570946916937828,,82,,,
0.3610704243183136,51,,,,28,0.4678882360458374,0.393115758895874,,83,,,
0.03318045288324356,52,,,,28,0.374375581741333,0.1355389952659607,,84,,,
0.03706881403923035,53,,,,28,0.14684726297855377,0.07000234723091125,,85,,,
0.011257464066147804,54,,,,28,0.04014897719025612,0.019924918189644814,,86,,,
0.002011896576732397,55,,,,28,0.05403066799044609,0.01761752925813198,,87,,,
0.0004930472350679338,56,,,,28,0.15526437759399414,0.04692444950342178,,88,,,
0.01185302622616291,57,,,,28,0.06220753863453865,0.026959381997585297,,89,,,
0.023668726906180382,58,,,,28,0.11616984754800797,0.05141906440258026,,90,,,
0.00019727191829588264,59,,,,28,0.2976081371307373,0.08942053467035294,,91,,,
0.009088220074772835,60,,,,28,0.9685961604118347,0.2969406247138977,,92,,,
0.010317678563296795,61,,,,28,0.12262136489152908,0.044008783996105194,,93,,,
0.04321867972612381,62,,,,28,0.12776844203472137,0.06858360767364502,,94,,,
0.002597531769424677,63,,,,28,0.05688578262925148,0.01888400688767433,,95,,,
0.01042150054126978,64,,,,28,0.026335932314395905,0.015195829793810844,,96,,,
0.023373089730739594,65,,,,28,0.17357885837554932,0.06843481957912445,,97,,,
0.0014732946874573827,66,,,,28,0.02553035132586956,0.008690412156283855,,98,,,
0.0014635338447988033,67,,,,28,0.5473416447639465,0.16522696614265442,,99,,,
0.006948947440832853,68,,,,28,0.09033145755529404,0.03196370229125023,,0,,,
0.1053818091750145,69,,,,28,0.18878626823425293,0.13040314614772797,,1,,,
0.06208480894565582,70,,,,28,0.19152532517910004,0.10091696679592133,,2,,,
0.0035260666627436876,71,,,,28,0.04413517192006111,0.01570879854261875,,3,,,
0.0032940434757620096,72,,,,28,0.04030976817011833,0.014398761093616486,,4,,,
0.0003351603518240154,73,,,,28,0.14680202305316925,0.04427522048354149,,5,,,
0.00039569655200466514,74,,,,28,0.17278915643692017,0.05211373418569565,,6,,,
0.058220718055963516,75,,,,28,0.20971548557281494,0.10366915166378021,,7,,,
0.011251098476350307,76,,,,28,0.165598526597023,0.05755532532930374,,8,,,
0.012182824313640594,77,,,,28,1.0521368980407715,0.3241690397262573,,9,,,
0.22468826174736023,78,,,,28,0.5104163885116577,0.31040671467781067,,10,,,
0.13579964637756348,79,,,,28,0.35661569237709045,0.20204445719718933,,11,,,
0.02418084628880024,80,,,,28,0.2635255753993988,0.09598427265882492,,12,,,
0.0201314315199852,81,,,,28,0.13591109216213226,0.05486533045768738,,13,,,
0.03968559950590134,82,,,,28,0.17906348407268524,0.08149896562099457,,14,,,
0.006707297172397375,83,,,,28,0.056114718317985535,0.02152952365577221,,15,,,
1.6350722312927246,84,,,,28,0.8736513257026672,1.4066460132598877,,16,,,
1.808760166168213,85,,,,28,1.0740599632263184,1.5883500576019287,,17,,,
0.05720248818397522,86,,,,28,0.42270994186401367,0.16685473918914795,,18,,,
0.0021604786161333323,87,,,,28,0.04449665546417236,0.01486133225262165,,19,,,
0.0025669739115983248,88,,,,28,0.10648047178983688,0.03374102711677551,,20,,,
0.05956009030342102,89,,,,28,0.34916195273399353,0.14644065499305725,,21,,,
0.01535146962851286,90,,,,28,0.08030897378921509,0.0348387211561203,,22,,,
0.0009373800130560994,91,,,,28,0.01366416271775961,0.0047554150223731995,,23,,,
0.006319065578281879,92,,,,28,0.08183997124433517,0.028975339606404305,,24,,,
0.1441441774368286,93,,,,28,0.43089720606803894,0.2301701009273529,,25,,,
0.014528322033584118,94,,,,28,0.11054247617721558,0.04333256930112839,,26,,,
0.001505790394730866,95,,,,28,0.35081979632377625,0.1062999963760376,,27,,,
0.022433903068304062,96,,,,28,0.07652049511671066,0.03865988180041313,,28,,,
0.12677399814128876,97,,,,28,0.2523179054260254,0.1644371747970581,,29,,,
0.009388817474246025,98,,,,28,0.20462454855442047,0.06795953959226608,,30,,,
0.07507679611444473,99,,,,28,0.5382727384567261,0.21403558552265167,,31,,,
0.0029491763561964035,100,,,,28,0.09107968956232071,0.02938833087682724,,32,,,
0.22979415953159332,101,,,,28,0.4615453779697418,0.2993195056915283,,33,,,
0.004587957635521889,102,,,,28,0.03180611506104469,0.012753404676914215,,34,,,
0.1775645762681961,103,,,,28,1.1468697786331177,0.4683561623096466,,35,,,
0.020581373944878578,104,,,,28,0.058535534888505936,0.03196762129664421,,36,,,
0.6123843193054199,105,,,,28,0.6609252095222473,0.6269465684890747,,37,,,
0.018994931131601334,106,,,,28,0.082825668156147,0.038144152611494064,,38,,,
0.024666421115398407,107,,,,28,0.08011418581008911,0.04130075126886368,,39,,,
0.0025052609853446484,108,,,,28,0.031180107966065407,0.011107714846730232,,40,,,
0.000816250394564122,109,,,,28,0.02467425726354122,0.007973652333021164,,41,,,
0.002214124659076333,110,,,,28,0.08472621440887451,0.02696775272488594,,42,,,
0.0028392262756824493,111,,,,28,0.050641413778066635,0.017179884016513824,,43,,,
0.0003047717036679387,112,,,,28,0.8869554996490479,0.2663000226020813,,44,,,
0.0030240542255342007,113,,,,28,0.01971581019461155,0.008031581528484821,,45,,,
0.0013213959755375981,114,,,,28,0.020360508933663368,0.007033130154013634,,46,,,
0.19122739136219025,115,,,,28,0.826763927936554,0.38188835978507996,,47,,,
0.002687891712412238,116,,,,28,0.04248367249965668,0.014626625925302505,,48,,,
0.004998449236154556,117,,,,28,0.1581803411245346,0.05095301941037178,,49,,,
5.924526340095326e-05,118,,,,28,0.022590721026062965,0.006818688474595547,,50,,,
0.007050042040646076,119,,,,28,0.06896312534809113,0.025623967871069908,,51,,,
0.022538339719176292,120,,,,28,0.12597446143627167,0.05356917530298233,,52,,,
0.15059666335582733,121,,,,28,0.46711084246635437,0.24555093050003052,,53,,,
0.02612381987273693,122,,,,28,0.2118503600358963,0.08184178918600082,,54,,,
0.13617049157619476,123,,,,28,0.2768779695034027,0.1783827394247055,,55,,,
0.01068879198282957,124,,,,28,0.05704903602600098,0.024596866220235825,,56,,,
0.0028469529934227467,125,,,,28,0.03853602334856987,0.013553674332797527,,57,,,
0.0016875325236469507,126,,,,28,0.21572506427764893,0.06589879840612411,,58,,,
0.014018755406141281,127,,,,28,0.11937552690505981,0.04562579095363617,,59,,,
0.19992826879024506,128,,,,28,0.4141507148742676,0.2641949951648712,,60,,,
0.2358863651752472,129,,,,28,0.33392515778541565,0.2652980089187622,,61,,,
0.1054430678486824,130,,,,28,0.6578884720802307,0.27117669582366943,,62,,,
0.002493488835170865,131,,,,28,0.04183398187160492,0.014295636676251888,,63,,,
0.0003047717036679387,132,,,,28,0.009898108430206776,0.0031827727798372507,,64,,,
0.20007993280887604,133,,,,28,0.3419578969478607,0.2426433265209198,,65,,,
0.05601708963513374,134,,,,28,0.09759431332349777,0.06849025934934616,,66,,,
0.02838045544922352,135,,,,28,0.13267727196216583,0.05966950207948685,,67,,,
0.012466128915548325,136,,,,28,0.09599331021308899,0.037524282932281494,,68,,,
0.00038914260221645236,137,,,,28,0.1502806395292282,0.045356594026088715,,69,,,
0.003916095942258835,138,,,,28,0.03194008767604828,0.012323293834924698,,70,,,
0.011073797941207886,139,,,,28,0.22786833345890045,0.07611215859651566,,71,,,
0.0006699701189063489,140,,,,28,0.25856998562812805,0.0780399739742279,,72,,,
0.011623045429587364,141,,,,28,0.10768520832061768,0.04044169560074806,,73,,,
0.0005990855861455202,142,,,,28,0.02318454533815384,0.00737472390756011,,74,,,
0.006369527895003557,143,,,,28,0.0503484345972538,0.019563201814889908,,75,,,
0.05137690529227257,144,,,,28,0.5209072828292847,0.1922360211610794,,76,,,
0.017223428934812546,145,,,,28,0.03599308431148529,0.02285432443022728,,77,,,
0.07260244339704514,146,,,,28,0.5340822339057922,0.21104638278484344,,78,,,
0.0484643392264843,147,,,,28,0.777714729309082,0.26723945140838623,,79,,,
0.008839406073093414,148,,,,28,0.5292588472366333,0.16496524214744568,,80,,,
0.0520167276263237,149,,,,28,0.7799501419067383,0.27039676904678345,,81,,,
0.009659456089138985,150,,,,28,0.0949934795498848,0.0352596640586853,,82,,,
0.03948783129453659,151,,,,28,0.4057457149028778,0.14936520159244537,,83,,,
0.005383043549954891,152,,,,28,0.04529011622071266,0.017355166375637054,,84,,,
0.005604862235486507,153,,,,28,0.3137025833129883,0.09803418070077896,,85,,,
0.24844641983509064,154,,,,28,0.4537023603916168,0.3100231885910034,,86,,,
0.00258861412294209,155,,,,28,0.029678719118237495,0.010715645737946033,,87,,,
0.00032109825406223536,156,,,,28,0.019833477213978767,0.006174812093377113,,88,,,
0.0011792379664257169,157,,,,28,0.6651358604431152,0.20036622881889343,,89,,,
0.13833194971084595,158,,,,28,0.16858452558517456,0.14740772545337677,,90,,,
0.08925918489694595,159,,,,28,0.46046507358551025,0.20062096416950226,,91,,,
0.06144735962152481,160,,,,28,0.07606630772352219,0.06583304703235626,,92,,,
0.0004909025738015771,161,,,,28,0.01619597151875496,0.00520242378115654,,93,,,
0.0023767100647091866,162,,,,28,0.013053609989583492,0.005579780321568251,,94,,,
0.1470402032136917,163,,,,28,0.345294326543808,0.20651644468307495,,95,,,
0.06261883676052094,164,,,,28,0.10643752664327621,0.07576444745063782,,96,,,
0.001890778075903654,165,,,,28,0.3152889311313629,0.09591022878885269,,97,,,
0.19395720958709717,166,,,,28,0.7175700068473816,0.3510410487651825,,98,,,
0.0013266343157738447,167,,,,28,0.11744614690542221,0.03616248816251755,,99,,,
0.021804139018058777,168,,,,28,0.05519139766693115,0.03182031586766243,,0,,,
0.0423746295273304,169,,,,28,0.18058447539806366,0.0838375836610794,,1,,,
0.0032478224020451307,170,,,,28,0.012454728595912457,0.006009894423186779,,2,,,
0.005146825686097145,171,,,,28,0.47228148579597473,0.14528723061084747,,3,,,
0.0019019624451175332,172,,,,28,0.04186458885669708,0.013890751637518406,,4,,,
0.024775393307209015,173,,,,28,0.07738205045461655,0.040557391941547394,,5,,,
0.2107277810573578,174,,,,28,0.09822062402963638,0.17697562277317047,,6,,,
0.6546556353569031,175,,,,28,0.875749409198761,0.7209837436676025,,7,,,
0.006880637723952532,176,,,,28,1.0646909475326538,0.32422372698783875,,8,,,
0.1468740999698639,177,,,,28,0.5936303734779358,0.2809009850025177,,9,,,
0.00024291902082040906,178,,,,28,0.05125293508172035,0.015545925125479698,,10,,,
0.09425095468759537,179,,,,28,0.27349939942359924,0.1480254828929901,,11,,,
0.09302093088626862,180,,,,28,0.44609561562538147,0.1989433318376541,,12,,,
0.03248552978038788,181,,,,28,0.13191752135753632,0.06231512874364853,,13,,,
0.0003620922507252544,182,,,,28,0.04432174563407898,0.013549989089369774,,14,,,
0.0008200620068237185,183,,,,28,0.020988650619983673,0.00687063904479146,,15,,,
8.368142152903602e-05,184,,,,28,0.0024360038805752993,0.0007893781876191497,,16,,,
0.010347645729780197,185,,,,28,0.22535963356494904,0.07485124468803406,,17,,,
0.06334338337182999,186,,,,28,0.12216087430715561,0.08098863065242767,,18,,,
1.0106792449951172,187,,,,28,0.8049678802490234,0.948965847492218,,19,,,
0.0020524642895907164,188,,,,28,0.061710480600595474,0.01994987018406391,,20,,,
0.00032824851223267615,189,,,,28,0.010570146143436432,0.0034008179791271687,,21,,,
0.058834489434957504,190,,,,28,0.3614427149295807,0.14961695671081543,,22,,,
0.0077125863172113895,191,,,,28,0.03737756982445717,0.016612080857157707,,23,,,
0.03563373163342476,192,,,,28,0.11564115434885025,0.059635959565639496,,24,,,
0.2453213483095169,193,,,,28,0.34889671206474304,0.27639394998550415,,25,,,
0.027793265879154205,194,,,,28,0.08442005515098572,0.04478130489587784,,26,,,
0.015016255900263786,195,,,,28,0.10988817363977432,0.04347783327102661,,27,,,
0.13955530524253845,196,,,,28,0.27471598982810974,0.18010351061820984,,28,,,
0.005614227149635553,197,,,,28,0.261312872171402,0.08232381939888,,29,,,
0.002686108462512493,198,,,,28,0.01564941368997097,0.006575100123882294,,30,,,
0.0030961930751800537,199,,,,28,0.04267227649688721,0.014969018287956715,,31,,,
0.014196592383086681,200,,,,28,0.055175360292196274,0.0264902226626873,,32,,,
0.026541588827967644,201,,,,28,0.10466465353965759,0.04997850954532623,,33,,,
0.005103773903101683,202,,,,28,0.10170217603445053,0.0340832956135273,,34,,,
0.003811596194282174,203,,,,28,0.3120146095752716,0.09627250581979752,,35,,,
0.12735141813755035,204,,,,28,0.3828943967819214,0.20401430130004883,,36,,,
0.00838722288608551,205,,,,28,0.0773736983537674,0.029083166271448135,,37,,,
0.007927975617349148,206,,,,28,0.11526889353990555,0.04013025388121605,,38,,,
0.004184182267636061,207,,,,28,0.48018109798431396,0.14698326587677002,,39,,,
0.0018882793374359608,208,,,,28,0.022330040112137794,0.00802080798894167,,40,,,
0.0009467886411584914,209,,,,28,0.03026413358747959,0.009741992689669132,,41,,,
0.06383111327886581,210,,,,28,0.4323462247848511,0.174385666847229,,42,,,
0.0012877037515863776,211,,,,28,0.14168833196163177,0.04340789467096329,,43,,,
0.035422272980213165,212,,,,28,0.38561585545539856,0.14048035442829132,,44,,,
0.007932350970804691,213,,,,28,0.05752258375287056,0.02280942164361477,,45,,,
0.004037918988615274,214,,,,28,0.027095524594187737,0.010955201461911201,,46,,,
0.011688321828842163,215,,,,28,0.19982172548770905,0.06812834739685059,,47,,,
0.004484358709305525,216,,,,28,0.027210155501961708,0.011302098631858826,,48,,,
0.020303046330809593,217,,,,28,0.16426382958889008,0.06349128484725952,,49,,,
0.016377663239836693,218,,,,28,0.08654294162988663,0.03742724657058716,,50,,,
0.0017422748496755958,219,,,,28,0.05244125798344612,0.016951970756053925,,51,,,
0.018427366390824318,220,,,,28,0.6414525508880615,0.20533493161201477,,52,,,
0.02311650663614273,221,,,,28,0.0941099226474762,0.04441453516483307,,53,,,
0.0008046964649111032,222,,,,28,0.10440382361412048,0.031884435564279556,,54,,,
0.0013513966696336865,223,,,,28,0.0313904732465744,0.010363120585680008,,55,,,
0.00012230125139467418,224,,,,28,0.3988533914089203,0.11974162608385086,,56,,,
0.004994653631001711,225,,,,28,0.060495052486658096,0.021644774824380875,,57,,,
0.0006507901125587523,226,,,,28,0.005564838647842407,0.0021250047720968723,,58,,,
0.00033158526639454067,227,,,,28,0.07272959500551224,0.022050989791750908,,59,,,
0.13297271728515625,228,,,,28,0.4690970182418823,0.23381000757217407,,60,,,
0.24656766653060913,229,,,,28,1.134774088859558,0.5130295753479004,,61,,,
0.08414308726787567,230,,,,28,0.3743944466114044,0.17121849954128265,,62,,,
0.010481192730367184,231,,,,28,0.10160893946886063,0.0378195196390152,,63,,,
0.00130353809799999,232,,,,28,0.02397668920457363,0.008105483837425709,,64,,,
0.015041503123939037,233,,,,28,0.1123964861035347,0.04424799978733063,,65,,,
0.08444266021251678,234,,,,28,0.5022754669189453,0.20979250967502594,,66,,,
0.002393954200670123,235,,,,28,0.02915939688682556,0.010423587635159492,,67,,,
0.0027183268684893847,236,,,,28,0.2655700743198395,0.08157385140657425,,68,,,
0.00764184445142746,237,,,,28,0.058937352150678635,0.023030497133731842,,69,,,
0.008830543607473373,238,,,,28,0.03541108965873718,0.016804708167910576,,70,,,
0.01250968873500824,239,,,,28,0.08091659843921661,0.03303176164627075,,71,,,
0.0006829552003182471,240,,,,28,0.08330089598894119,0.025468338280916214,,72,,,
0.2727715075016022,241,,,,28,0.3220345079898834,0.2875504195690155,,73,,,
0.015191097743809223,242,,,,28,0.22653637826442719,0.07859468460083008,,74,,,
0.0018706695409491658,243,,,,28,0.05115747079253197,0.01665670983493328,,75,,,
0.2872430086135864,244,,,,28,0.5913762450218201,0.37848299741744995,,76,,,
0.20903395116329193,245,,,,28,0.397885799407959,0.26568952202796936,,77,,,
0.015777399763464928,246,,,,28,0.48831579089164734,0.15753892064094543,,78,,,
0.01169975008815527,247,,,,28,0.08833912014961243,0.03469156473875046,,79,,,
0.13897275924682617,248,,,,28,0.9585554599761963,0.38484758138656616,,80,,,
2.1070303916931152,249,,,,28,1.3233708143234253,1.8719325065612793,,81,,,
0.032479993999004364,250,,,,28,0.3834071457386017,0.13775813579559326,,82,,,
0.0012086475035175681,251,,,,28,0.3513805866241455,0.10626023262739182,,83,,,
0.12716899812221527,252,,,,28,0.3563729524612427,0.19593018293380737,,84,,,
0.005118480417877436,253,,,,28,0.1186332032084465,0.03917289897799492,,85,,,
0.015100803226232529,254,,,,28,0.22510464489459991,0.07810196280479431,,86,,,
0.0010269373888149858,255,,,,28,0.00977998971939087,0.0036528531927615404,,87,,,
0.026415161788463593,256,,,,28,0.2340269833803177,0.08869870752096176,,88,,,
0.014101624488830566,257,,,,28,0.08448690176010132,0.03521721065044403,,89,,,
0.0013517538318410516,258,,,,28,0.06680884212255478,0.020988881587982178,,90,,,
0.001141730579547584,259,,,,28,0.013353456743061543,0.0048052482306957245,,91,,,
0.0015885126776993275,260,,,,28,0.010881439782679081,0.00437639094889164,,92,,,
0.05697391927242279,261,,,,28,0.3317723572254181,0.13941344618797302,,93,,,
0.009409247897565365,262,,,,28,0.09542933106422424,0.03521527349948883,,94,,,
3.6954195820726454e-05,263,,,,28,0.018495358526706696,0.005574475508183241,,95,,,
0.036366358399391174,264,,,,28,0.1436677724123001,0.0685567855834961,,96,,,
0.1120508462190628,265,,,,28,0.840449333190918,0.33057039976119995,,97,,,
0.10705042630434036,266,,,,28,0.31862619519233704,0.17052316665649414,,98,,,
2.5096590518951416,267,,,,28,1.199203372001648,2.1165223121643066,,99,,,
,,,,,28,,,,0,0.1432143747806549,0.7631579041481018,0.8521279692649841
0.01164142694324255,0,,,,29,0.04736538603901863,0.022358614951372147,,1,,,
0.0021023093722760677,1,,,,29,0.07812825590372086,0.02491009421646595,,2,,,
0.13800354301929474,2,,,,29,0.5344709157943726,0.2569437623023987,,3,,,
0.00021300431399140507,3,,,,29,0.014440633356571198,0.004481293261051178,,4,,,
0.003237247234210372,4,,,,29,0.03801083564758301,0.013669325038790703,,5,,,
0.012512397021055222,5,,,,29,0.06559211760759354,0.028436314314603806,,6,,,
0.00010442188795423135,6,,,,29,0.01866924576461315,0.005673869047313929,,7,,,
0.06446458399295807,7,,,,29,0.18759484589099884,0.10140366852283478,,8,,,
0.027324868366122246,8,,,,29,0.5273990631103516,0.17734713852405548,,9,,,
0.183328315615654,9,,,,29,0.35395073890686035,0.23451504111289978,,10,,,
0.00248968368396163,10,,,,29,0.1393025517463684,0.04353354871273041,,11,,,
0.0003649522550404072,11,,,,29,0.01648631878197193,0.005201362073421478,,12,,,
0.0003293210465926677,12,,,,29,0.13782066106796265,0.041576724499464035,,13,,,
0.0018139113672077656,13,,,,29,0.07145913690328598,0.02270747907459736,,14,,,
0.11107170581817627,14,,,,29,0.744820773601532,0.301196426153183,,15,,,
0.08024013787508011,15,,,,29,0.24213139712810516,0.12880751490592957,,16,,,
0.004339801147580147,16,,,,29,0.10034068673849106,0.033140067011117935,,17,,,
0.004098350182175636,17,,,,29,0.022428138181567192,0.009597286581993103,,18,,,
0.007262970320880413,18,,,,29,0.2968466579914093,0.09413808584213257,,19,,,
0.0009484559996053576,19,,,,29,0.06489512324333191,0.020132457837462425,,20,,,
0.22375638782978058,20,,,,29,0.5305245518684387,0.31578683853149414,,21,,,
0.5573536157608032,21,,,,29,1.1053029298782349,0.7217384576797485,,22,,,
0.00448115449398756,22,,,,29,0.017826765775680542,0.008484838530421257,,23,,,
0.07726998627185822,23,,,,29,0.4819811284542084,0.19868333637714386,,24,,,
0.02115296944975853,24,,,,29,0.08201613277196884,0.039411917328834534,,25,,,
2.4914430468925275e-05,25,,,,29,0.19028466939926147,0.05710284411907196,,26,,,
0.002214005682617426,26,,,,29,0.019322583451867104,0.00734657933935523,,27,,,
0.16454094648361206,27,,,,29,0.3701228201389313,0.22621551156044006,,28,,,
0.007908815518021584,28,,,,29,0.049285683780908585,0.02032187581062317,,29,,,
0.05508517846465111,29,,,,29,0.272906094789505,0.12043145298957825,,30,,,
4.911301948595792e-05,30,,,,29,0.011890377849340439,0.003601492615416646,,31,,,
0.007695906795561314,31,,,,29,0.11311066150665283,0.039320334792137146,,32,,,
0.16813668608665466,32,,,,29,0.8871197700500488,0.38383162021636963,,33,,,
0.2627723813056946,33,,,,29,0.4504896402359009,0.31908756494522095,,34,,,
0.06675006449222565,34,,,,29,0.2161148339509964,0.11155949532985687,,35,,,
0.0015636371681466699,35,,,,29,0.3045376241207123,0.09245583415031433,,36,,,
0.0014296083245426416,36,,,,29,0.17667634785175323,0.054003629833459854,,37,,,
0.000685576000250876,37,,,,29,0.10676010698080063,0.03250793740153313,,38,,,
0.004455401562154293,38,,,,29,0.10395672917366028,0.03430579975247383,,39,,,
0.003941031638532877,39,,,,29,0.0384509302675724,0.014294001273810863,,40,,,
0.029801098629832268,40,,,,29,0.21499133110046387,0.08535817265510559,,41,,,
0.5091515183448792,41,,,,29,0.5035059452056885,0.5074578523635864,,42,,,
0.00821508839726448,42,,,,29,0.3318993151187897,0.10532035678625107,,43,,,
0.003564791288226843,43,,,,29,0.15113991498947144,0.04783732816576958,,44,,,
0.09966204315423965,44,,,,29,1.1716561317443848,0.421260267496109,,45,,,
0.030931169167160988,45,,,,29,0.1728222370147705,0.07349848747253418,,46,,,
0.013367670588195324,46,,,,29,0.2923125922679901,0.09705115109682083,,47,,,
0.0077939690090715885,47,,,,29,0.1635223925113678,0.054512497037649155,,48,,,
0.013568438589572906,48,,,,29,0.48531386256217957,0.15509207546710968,,49,,,
6.997340824455023e-05,49,,,,29,0.0017117862589657307,0.0005625173216685653,,50,,,
0.02044963464140892,50,,,,29,0.2257063239812851,0.0820266380906105,,51,,,
0.003955874126404524,51,,,,29,0.02293875627219677,0.009650738909840584,,52,,,
0.020100820809602737,52,,,,29,0.05512339249253273,0.030607592314481735,,53,,,
0.02668633870780468,53,,,,29,0.07722773402929306,0.04184875637292862,,54,,,
0.0009202298242598772,54,,,,29,0.01480361819267273,0.00508524663746357,,55,,,
0.18678653240203857,55,,,,29,0.7986698746681213,0.37035155296325684,,56,,,
0.013478703796863556,56,,,,29,0.13148200511932373,0.04887969419360161,,57,,,
0.000798859924543649,57,,,,29,0.0073185451328754425,0.002754765562713146,,58,,,
0.014966110698878765,58,,,,29,0.27925238013267517,0.09425199031829834,,59,,,
0.001176380319520831,59,,,,29,0.3448359966278076,0.10427427291870117,,60,,,
0.01335908379405737,60,,,,29,1.568574070930481,0.4799236059188843,,61,,,
0.003297964343801141,61,,,,29,0.40462949872016907,0.123697429895401,,62,,,
0.000608854868914932,62,,,,29,0.25425827503204346,0.07670368254184723,,63,,,
0.11551878601312637,63,,,,29,0.24777652323246002,0.15519610047340393,,64,,,
0.00559336319565773,64,,,,29,0.04265858232975006,0.01671293005347252,,65,,,
0.002722963457927108,65,,,,29,0.008828780613839626,0.0045547084882855415,,66,,,
0.026400532573461533,66,,,,29,0.14884179830551147,0.06313291192054749,,67,,,
0.03249014541506767,67,,,,29,0.34333768486976624,0.12574441730976105,,68,,,
0.04953654482960701,68,,,,29,0.16664564609527588,0.08466927707195282,,69,,,
0.16236838698387146,69,,,,29,0.9214286804199219,0.39008647203445435,,70,,,
0.34950926899909973,70,,,,29,0.616862952709198,0.4297153949737549,,71,,,
0.003181635867804289,71,,,,29,0.09549766778945923,0.03087644651532173,,72,,,
0.0001530530134914443,72,,,,29,0.010055321268737316,0.0031237334478646517,,73,,,
0.06619904190301895,73,,,,29,0.2218695431947708,0.11290019750595093,,74,,,
0.05056600645184517,74,,,,29,0.14026668667793274,0.07747621089220047,,75,,,
0.0013304438907653093,75,,,,29,0.02768952213227749,0.0092381676658988,,76,,,
0.004810071084648371,76,,,,29,0.017186295241117477,0.008522938936948776,,77,,,
0.0655284896492958,77,,,,29,0.4184472858905792,0.1714041382074356,,78,,,
1.6304371356964111,78,,,,29,1.1995965242385864,1.5011849403381348,,79,,,
2.027491569519043,79,,,,29,1.4630718231201172,1.8581656217575073,,80,,,
0.0028968772385269403,80,,,,29,0.10459169000387192,0.03340532258152962,,81,,,
0.044594813138246536,81,,,,29,0.35449111461639404,0.13756370544433594,,82,,,
0.0055253165774047375,82,,,,29,0.06795962899923325,0.02425561100244522,,83,,,
0.004853372927755117,83,,,,29,0.06665963679552078,0.023395251482725143,,84,,,
0.0012446045875549316,84,,,,29,0.01885799504816532,0.006528622005134821,,85,,,
0.055877652019262314,85,,,,29,0.5477902293205261,0.20345142483711243,,86,,,
0.1298733502626419,86,,,,29,0.2336415797472,0.16100382804870605,,87,,,
0.0021312159951776266,87,,,,29,0.043164025992155075,0.014441059902310371,,88,,,
0.002113967202603817,88,,,,29,0.06791611760854721,0.021854612976312637,,89,,,
0.025883043184876442,89,,,,29,0.30479180812835693,0.1095556765794754,,90,,,
0.03118101879954338,90,,,,29,0.08309555798768997,0.04675538092851639,,91,,,
0.06625315546989441,91,,,,29,0.4309053421020508,0.17564882338047028,,92,,,
0.0008434075862169266,92,,,,29,0.017295392230153084,0.005779003258794546,,93,,,
0.004347753711044788,93,,,,29,0.05157652869820595,0.018516385927796364,,94,,,
0.012819146737456322,94,,,,29,0.06109117344021797,0.02730075642466545,,95,,,
0.11012887209653854,95,,,,29,0.23354174196720123,0.14715273678302765,,96,,,
0.0002388668799540028,96,,,,29,0.1669333577156067,0.05024721473455429,,97,,,
0.001073499326594174,97,,,,29,0.0070474352687597275,0.0028656802605837584,,98,,,
0.0003400462737772614,98,,,,29,0.5325334668159485,0.1599980741739273,,99,,,
0.7578468918800354,99,,,,29,0.11882225424051285,0.5661395192146301,,0,,,
0.04424063488841057,100,,,,29,0.2674069106578827,0.11119052022695541,,1,,,
0.02223537303507328,101,,,,29,0.2379370927810669,0.08694589138031006,,2,,,
0.015363560989499092,102,,,,29,0.17484121024608612,0.06320685893297195,,3,,,
0.0038423535879701376,103,,,,29,0.026455730199813843,0.010626367293298244,,4,,,
0.01784636452794075,104,,,,29,0.0808936133980751,0.036760538816452026,,5,,,
0.08536830544471741,105,,,,29,0.40462467074394226,0.18114522099494934,,6,,,
0.011500963941216469,106,,,,29,0.02278205007314682,0.01488528959453106,,7,,,
0.29249250888824463,107,,,,29,0.39733538031578064,0.32394537329673767,,8,,,
0.001995002618059516,108,,,,29,0.027871372178196907,0.009757913649082184,,9,,,
0.017609793692827225,109,,,,29,0.07853398472070694,0.03588705137372017,,10,,,
0.0008237544680014253,110,,,,29,0.01089222077280283,0.0038442944642156363,,11,,,
0.0025440254248678684,111,,,,29,0.05008567497134209,0.016806520521640778,,12,,,
0.2841499149799347,112,,,,29,0.36601054668426514,0.3087081015110016,,13,,,
0.08586795628070831,113,,,,29,0.5181291699409485,0.21554632484912872,,14,,,
0.0007858763565309346,114,,,,29,0.0627722516655922,0.01938178949058056,,15,,,
0.00898744910955429,115,,,,29,0.03997248038649559,0.01828295923769474,,16,,,
0.004297901410609484,116,,,,29,0.037610556930303574,0.01429169811308384,,17,,,
0.006144679617136717,117,,,,29,0.05826791748404503,0.02178165130317211,,18,,,
0.0059457337483763695,118,,,,29,0.04100841283798218,0.016464538872241974,,19,,,
7.319182623177767e-05,119,,,,29,0.2633685767650604,0.07906181365251541,,20,,,
0.0072426144033670425,120,,,,29,0.16506434977054596,0.05458913743495941,,21,,,
0.006251068320125341,121,,,,29,0.8502259850502014,0.2594435513019562,,22,,,
0.6367542147636414,122,,,,29,1.1574369668960571,0.7929590344429016,,23,,,
0.2965230643749237,123,,,,29,0.4524531662464142,0.3433021008968353,,24,,,
0.2269231528043747,124,,,,29,0.26568660140037537,0.23855218291282654,,25,,,
0.05538297817111015,125,,,,29,0.07099432498216629,0.060066379606723785,,26,,,
0.0021685673855245113,126,,,,29,0.0755462497472763,0.024181872606277466,,27,,,
0.00608555693179369,127,,,,29,0.04851852357387543,0.01881544664502144,,28,,,
0.0024733925238251686,128,,,,29,0.41008511185646057,0.12475690990686417,,29,,,
0.04874277487397194,129,,,,29,0.5132842063903809,0.18810519576072693,,30,,,
0.169661745429039,130,,,,29,0.5736274123191833,0.2908514738082886,,31,,,
0.014300600625574589,131,,,,29,0.12908029556274414,0.04873451218008995,,32,,,
1.3414068222045898,132,,,,29,1.244801640510559,1.3124252557754517,,33,,,
1.8358061424805783e-05,133,,,,29,0.48840293288230896,0.14653372764587402,,34,,,
0.05290265753865242,134,,,,29,0.11738482862710953,0.07224731147289276,,35,,,
0.5118606686592102,135,,,,29,0.6497568488121033,0.553229570388794,,36,,,
0.0024618576280772686,136,,,,29,0.30167925357818604,0.09222707897424698,,37,,,
0.03535265848040581,137,,,,29,0.8570549488067627,0.28186336159706116,,38,,,
0.001924449927173555,138,,,,29,0.06134985014796257,0.01975207030773163,,39,,,
0.0009026029147207737,139,,,,29,0.03355572745203972,0.010698541067540646,,40,,,
0.003915858455002308,140,,,,29,0.7303370833396912,0.2218422293663025,,41,,,
0.07023219764232635,141,,,,29,0.8229417204856873,0.29604506492614746,,42,,,
0.23794399201869965,142,,,,29,1.2989236116409302,0.5562379360198975,,43,,,
0.0431244857609272,143,,,,29,0.2118523120880127,0.09374283254146576,,44,,,
0.031104406341910362,144,,,,29,0.09518720954656601,0.05032924935221672,,45,,,
0.0016279076226055622,145,,,,29,0.2599742114543915,0.07913180440664291,,46,,,
0.13166455924510956,146,,,,29,0.6083033680915833,0.2746562063694,,47,,,
1.5597773790359497,147,,,,29,1.7484842538833618,1.616389513015747,,48,,,
0.0019019624451175332,148,,,,29,0.022465350106358528,0.00807097926735878,,49,,,
0.009327288717031479,149,,,,29,0.07259329408407211,0.02830709144473076,,50,,,
0.03885931521654129,150,,,,29,0.6784851551055908,0.2307470738887787,,51,,,
0.04069743677973747,151,,,,29,0.5787854790687561,0.20212385058403015,,52,,,
0.002378137083724141,152,,,,29,0.10440484434366226,0.032986149191856384,,53,,,
2.9597485065460205,153,,,,29,1.266333818435669,2.451724052429199,,54,,,
0.0060264309868216515,154,,,,29,0.03385307267308235,0.014374423772096634,,55,,,
0.06212054565548897,155,,,,29,0.7152988910675049,0.2580740451812744,,56,,,
0.0005671561229974031,156,,,,29,0.010859583504498005,0.0036548844072967768,,57,,,
1.0648853778839111,157,,,,29,0.8458701968193054,0.999180793762207,,58,,,
0.06797048449516296,158,,,,29,0.24883411824703217,0.12222957611083984,,59,,,
1.4403082132339478,159,,,,29,1.3328931331634521,1.4080836772918701,,60,,,
0.013564087450504303,160,,,,29,0.17159408330917358,0.06097308546304703,,61,,,
0.39977195858955383,161,,,,29,0.5908203721046448,0.4570865035057068,,62,,,
0.022589854896068573,162,,,,29,0.51288241147995,0.16967763006687164,,63,,,
0.008083131164312363,163,,,,29,0.029072662815451622,0.014379991218447685,,64,,,
0.002484332537278533,164,,,,29,0.02121105045080185,0.008102348074316978,,65,,,
0.05987239629030228,165,,,,29,0.14594195783138275,0.08569326996803284,,66,,,
0.04274774342775345,166,,,,29,0.40413716435432434,0.15116457641124725,,67,,,
0.08320599049329758,167,,,,29,0.12135132402181625,0.09464959055185318,,68,,,
0.021307719871401787,168,,,,29,0.12260084599256516,0.05169565975666046,,69,,,
0.013739065267145634,169,,,,29,0.06375779956579208,0.028744686394929886,,70,,,
0.021924035623669624,170,,,,29,0.09305218607187271,0.043262481689453125,,71,,,
0.07579103857278824,171,,,,29,0.21356654167175293,0.11712369322776794,,72,,,
0.10126417875289917,172,,,,29,0.37499773502349854,0.1833842396736145,,73,,,
0.09850791096687317,173,,,,29,0.36614537239074707,0.17879915237426758,,74,,,
0.0012841321295127273,174,,,,29,0.028136370703577995,0.009339803829789162,,75,,,
0.21270854771137238,175,,,,29,0.4653754234313965,0.2885085940361023,,76,,,
0.1740160584449768,176,,,,29,0.30851802229881287,0.21436664462089539,,77,,,
0.006928703747689724,177,,,,29,0.05530722439289093,0.021442260593175888,,78,,,
0.018615420907735825,178,,,,29,0.150638148188591,0.05822223797440529,,79,,,
0.003032730193808675,179,,,,29,0.04676203057169914,0.01615152135491371,,80,,,
0.02672429196536541,180,,,,29,0.09053011983633041,0.045866042375564575,,81,,,
0.17498452961444855,181,,,,29,0.3546810448169708,0.2288934886455536,,82,,,
0.12738269567489624,182,,,,29,0.18624816834926605,0.1450423300266266,,83,,,
0.876408040523529,183,,,,29,0.7484193444252014,0.8380114436149597,,84,,,
0.00248659192584455,184,,,,29,0.020440565422177315,0.00787278451025486,,85,,,
0.00042703570215962827,185,,,,29,0.8211188912391663,0.2466346025466919,,86,,,
0.003405963070690632,186,,,,29,0.14109353721141815,0.044712238013744354,,87,,,
0.0014782940270379186,187,,,,29,0.049824029207229614,0.015982015058398247,,88,,,
0.09087097644805908,188,,,,29,0.2588963210582733,0.14127857983112335,,89,,,
0.08409464359283447,189,,,,29,0.13417907059192657,0.09911997616291046,,90,,,
0.02797539345920086,190,,,,29,0.2797994613647461,0.10352261364459991,,91,,,
0.008402235805988312,191,,,,29,0.2298979014158249,0.07485093921422958,,92,,,
0.010660839267075062,192,,,,29,0.0691470131278038,0.02820669114589691,,93,,,
0.17907284200191498,193,,,,29,0.3151666820049286,0.21990099549293518,,94,,,
0.0009247555863112211,194,,,,29,0.030115576460957527,0.00968200247734785,,95,,,
0.00029202012228779495,195,,,,29,0.03321878984570503,0.010170051828026772,,96,,,
0.0029349131509661674,196,,,,29,0.13806144893169403,0.04347287490963936,,97,,,
0.020767971873283386,197,,,,29,0.09311173111200333,0.04247110337018967,,98,,,
0.00779361417517066,198,,,,29,0.07637999206781387,0.02836952731013298,,99,,,
0.045736998319625854,199,,,,29,0.3738544285297394,0.14417222142219543,,0,,,
0.0012682974338531494,200,,,,29,0.015329844318330288,0.005486761685460806,,1,,,
0.04023538902401924,201,,,,29,0.23641276359558105,0.09908860921859741,,2,,,
0.3154034912586212,202,,,,29,0.315902441740036,0.3155531883239746,,3,,,
0.44339001178741455,203,,,,29,0.3948157727718353,0.4288177490234375,,4,,,
0.0006005152827128768,204,,,,29,0.27279338240623474,0.08225838094949722,,5,,,
0.006311721168458462,205,,,,29,0.027496034279465675,0.012667015194892883,,6,,,
0.000485183292767033,206,,,,29,0.20095138251781464,0.060625042766332626,,7,,,
0.4578074812889099,207,,,,29,0.5897803902626038,0.49739935994148254,,8,,,
0.008005083538591862,208,,,,29,0.0959317609667778,0.03438308835029602,,9,,,
0.028963245451450348,209,,,,29,0.3304097652435303,0.11939720809459686,,10,,,
0.0026421183720231056,210,,,,29,0.36925169825553894,0.11262499541044235,,11,,,
0.026052046567201614,211,,,,29,0.15235410630702972,0.06394267082214355,,12,,,
0.009780817665159702,212,,,,29,0.05256932973861694,0.02261737361550331,,13,,,
0.0002723561483435333,213,,,,29,0.028462305665016174,0.008729341439902782,,14,,,
0.02164514735341072,214,,,,29,0.35424569249153137,0.1214253157377243,,15,,,
0.0012494861148297787,215,,,,29,0.007715754210948944,0.0031893665436655283,,16,,,
0.023527847602963448,216,,,,29,0.1442020833492279,0.05973012000322342,,17,,,
0.020645949989557266,217,,,,29,0.1265651285648346,0.052421703934669495,,18,,,
0.00032431588624604046,218,,,,29,0.1648680716753006,0.04968744516372681,,19,,,
0.17668212950229645,219,,,,29,0.3304474353790283,0.2228117287158966,,20,,,
0.25691190361976624,220,,,,29,0.43681979179382324,0.3108842670917511,,21,,,
1.4267239570617676,221,,,,29,0.8928154110908508,1.2665513753890991,,22,,,
0.0023896729107946157,222,,,,29,0.01668519154191017,0.006678328849375248,,23,,,
0.0009979988681152463,223,,,,29,0.12815260887145996,0.03914438560605049,,24,,,
0.0007644353318028152,224,,,,29,0.07535339891910553,0.023141125217080116,,25,,,
0.0013911579735577106,225,,,,29,0.016028398647904396,0.00578233040869236,,26,,,
8.439661905867979e-05,226,,,,29,0.07551740854978561,0.022714300081133842,,27,,,
0.0024725599214434624,227,,,,29,0.05746181309223175,0.01896933652460575,,28,,,
0.24281740188598633,228,,,,29,0.5491353273391724,0.33471280336380005,,29,,,
0.01534618716686964,229,,,,29,0.06165596842765808,0.029239121824502945,,30,,,
0.1177997812628746,230,,,,29,0.5063654780387878,0.23436948657035828,,31,,,
0.0041518923826515675,231,,,,29,0.048685867339372635,0.017512084916234016,,32,,,
0.3533644378185272,232,,,,29,0.6849488615989685,0.45283979177474976,,33,,,
0.006344652269035578,233,,,,29,0.19838958978652954,0.06395813822746277,,34,,,
0.007715543732047081,234,,,,29,0.019337432458996773,0.011202109977602959,,35,,,
0.012191656976938248,235,,,,29,0.13203540444374084,0.048144783824682236,,36,,,
0.02871573716402054,236,,,,29,0.17163722217082977,0.07159218192100525,,37,,,
0.0018945855554193258,237,,,,29,0.022187508642673492,0.007982462644577026,,38,,,
0.25608912110328674,238,,,,29,0.20606881380081177,0.241083025932312,,39,,,
0.08918994665145874,239,,,,29,0.30756357312202454,0.15470203757286072,,40,,,
0.013917893171310425,240,,,,29,0.0935392752289772,0.03780430927872658,,41,,,
0.0008042200352065265,241,,,,29,0.16123218834400177,0.04893261194229126,,42,,,
0.026049606502056122,242,,,,29,0.1942395567893982,0.0765065923333168,,43,,,
0.17996592819690704,243,,,,29,0.7971908450126648,0.3651334047317505,,44,,,
0.31520622968673706,244,,,,29,0.6301375031471252,0.4096856117248535,,45,,,
0.09710659086704254,245,,,,29,0.19257234036922455,0.12574630975723267,,46,,,
0.07757791131734848,246,,,,29,0.15061312913894653,0.09948848187923431,,47,,,
0.0006177900941111147,247,,,,29,0.23685209453105927,0.07148808240890503,,48,,,
0.05842100456357002,248,,,,29,0.15210480988025665,0.08652614802122116,,49,,,
0.005516899283975363,249,,,,29,0.054059192538261414,0.020079588517546654,,50,,,
0.14042605459690094,250,,,,29,0.8079681992530823,0.34068870544433594,,51,,,
0.20689526200294495,251,,,,29,0.3837323486804962,0.25994640588760376,,52,,,
1.6464393138885498,252,,,,29,0.6294673085212708,1.3413476943969727,,53,,,
0.0015069806249812245,253,,,,29,0.869738757610321,0.2619765102863312,,54,,,
0.008105243556201458,254,,,,29,0.2606828510761261,0.0838785246014595,,55,,,
0.014053902588784695,255,,,,29,0.07374417781829834,0.03196098655462265,,56,,,
0.06309405714273453,256,,,,29,0.4387122392654419,0.17577950656414032,,57,,,
0.11040912568569183,257,,,,29,0.1795702427625656,0.13115745782852173,,58,,,
0.0005546461907215416,258,,,,29,0.05523379147052765,0.016958389431238174,,59,,,
0.036100439727306366,259,,,,29,0.39387527108192444,0.14343290030956268,,60,,,
0.00011097769311163574,260,,,,29,0.07922976464033127,0.023846613243222237,,61,,,
0.022084729745984077,261,,,,29,0.08885429054498672,0.042115598917007446,,62,,,
0.00010168035078095272,262,,,,29,0.03975534811615944,0.011997781693935394,,63,,,
0.004847559612244368,263,,,,29,0.04519810900092125,0.016952725127339363,,64,,,
0.00017474555352237076,264,,,,29,0.25421836972236633,0.07638783752918243,,65,,,
0.3116473853588104,265,,,,29,0.43405136466026306,0.3483685851097107,,66,,,
0.0010879080509766936,266,,,,29,0.028943819925189018,0.00944468192756176,,67,,,
0.3101552724838257,267,,,,29,0.5814276337623596,0.39153698086738586,,68,,,
,,,,,29,,,,69,0.16936883330345154,0.8157894611358643,0.8306416273117065
0.012470838613808155,0,,,,30,0.15310242772102356,0.05466031655669212,,70,,,
0.03041752241551876,1,,,,30,0.15608838200569153,0.06811878085136414,,71,,,
0.008780205622315407,2,,,,30,0.08116475492715836,0.030495570972561836,,72,,,
0.0019810828380286694,3,,,,30,0.024802809581160545,0.008827600628137589,,73,,,
0.10865435749292374,4,,,,30,0.24437768757343292,0.14937135577201843,,74,,,
0.001262820791453123,5,,,,30,0.1520807445049286,0.04650820046663284,,75,,,
0.6135688424110413,6,,,,30,0.8342000842094421,0.6797581911087036,,76,,,
2.548839569091797,7,,,,30,1.47956120967865,2.228055953979492,,77,,,
0.0036032767966389656,8,,,,30,0.15088188648223877,0.047786861658096313,,78,,,
2.0886967182159424,9,,,,30,1.1058520078659058,1.7938432693481445,,79,,,
0.03958373889327049,10,,,,30,0.14747114479541779,0.07194995880126953,,80,,,
0.5775188207626343,11,,,,30,0.5355321764945984,0.5649228096008301,,81,,,
0.032386746257543564,12,,,,30,0.47187379002571106,0.16423286497592926,,82,,,
0.017797768115997314,13,,,,30,0.08391498774290085,0.037632934749126434,,83,,,
0.07875335216522217,14,,,,30,0.44639745354652405,0.18904659152030945,,84,,,
0.08713291585445404,15,,,,30,0.21967215836048126,0.12689469754695892,,85,,,
0.046227242797613144,16,,,,30,0.08679767698049545,0.058398373425006866,,86,,,
0.23537099361419678,17,,,,30,0.39492571353912354,0.28323739767074585,,87,,,
0.0029799600597471,18,,,,30,0.48871317505836487,0.14869992434978485,,88,,,
0.00332065811380744,19,,,,30,0.03670428320765495,0.01333574578166008,,89,,,
0.028203846886754036,20,,,,30,0.6491894125938416,0.21449953317642212,,90,,,
0.012544653378427029,21,,,,30,0.06825343519449234,0.029257290065288544,,91,,,
0.0038228780031204224,22,,,,30,0.014697928912937641,0.0070853931829333305,,92,,,
0.007654739078134298,23,,,,30,0.04729950428009033,0.019548168405890465,,93,,,
0.013157332316040993,24,,,,30,0.10435154289007187,0.04051559790968895,,94,,,
0.0032014804892241955,25,,,,30,0.055519405752420425,0.018896859139204025,,95,,,
0.017946481704711914,26,,,,30,0.5827135443687439,0.18737661838531494,,96,,,
0.11282160133123398,27,,,,30,0.2517901360988617,0.1545121669769287,,97,,,
0.08065404742956161,28,,,,30,0.3787215054035187,0.17007428407669067,,98,,,
0.0017752378480508924,29,,,,30,0.016218839213252068,0.006108318455517292,,99,,,
0.056946445256471634,30,,,,30,0.7876861691474915,0.2761683762073517,,0,,,
0.06712188571691513,31,,,,30,0.2196764200925827,0.11288824677467346,,1,,,
0.059540435671806335,32,,,,30,0.8871214985847473,0.3078147768974304,,2,,,
0.003715636907145381,33,,,,30,0.0487947054207325,0.01723935827612877,,3,,,
0.010506909340620041,34,,,,30,1.0442399978637695,0.320626825094223,,4,,,
0.01548963226377964,35,,,,30,0.06002628803253174,0.028850629925727844,,5,,,
0.00015341058315243572,36,,,,30,0.048462364822626114,0.014646097086369991,,6,,,
0.0004744596080854535,37,,,,30,0.026557551696896553,0.008299387991428375,,7,,,
0.0006841464783065021,38,,,,30,0.27729180455207825,0.08366644382476807,,8,,,
0.5385314226150513,39,,,,30,0.6436920762062073,0.5700796246528625,,9,,,
0.39882180094718933,40,,,,30,1.0587055683135986,0.5967869758605957,,10,,,
0.1967128962278366,41,,,,30,0.3558502197265625,0.24445408582687378,,11,,,
0.007472776807844639,42,,,,30,0.0661204382777214,0.025067076086997986,,12,,,
0.0021324055269360542,43,,,,30,0.01858881115913391,0.007069327402859926,,13,,,
0.003611591411754489,44,,,,30,0.06384394317865372,0.021681297570466995,,14,,,
0.09733957797288895,45,,,,30,0.19327914714813232,0.12612144649028778,,15,,,
0.40669000148773193,46,,,,30,0.7081019282341003,0.49711358547210693,,16,,,
0.028780950233340263,47,,,,30,0.29906919598579407,0.10986742377281189,,17,,,
0.004473203327506781,48,,,,30,0.38219669461250305,0.11779025197029114,,18,,,
1.7581760883331299,49,,,,30,1.3002456426620483,1.6207969188690186,,19,,,
0.010038367472589016,50,,,,30,0.2736193835735321,0.08911267668008804,,20,,,
0.05042592063546181,51,,,,30,0.3364996910095215,0.13624805212020874,,21,,,
0.16504806280136108,52,,,,30,0.37645426392555237,0.22846992313861847,,22,,,
0.05637793615460396,53,,,,30,0.14790786802768707,0.08383691310882568,,23,,,
0.016769513487815857,54,,,,30,0.47489655017852783,0.15420763194561005,,24,,,
0.03715978562831879,55,,,,30,0.15813542902469635,0.07345248013734818,,25,,,
0.0409543551504612,56,,,,30,0.30325451493263245,0.1196444034576416,,26,,,
0.023869648575782776,57,,,,30,0.09578976780176163,0.04544568806886673,,27,,,
0.031678684055805206,58,,,,30,0.6494710445404053,0.21701639890670776,,28,,,
0.012865751050412655,59,,,,30,0.1956474781036377,0.06770027428865433,,29,,,
0.1888178288936615,60,,,,30,0.319624125957489,0.22805972397327423,,30,,,
0.0015373327769339085,61,,,,30,0.038767989724874496,0.012706530280411243,,31,,,
0.017853157594799995,62,,,,30,0.06673537939786911,0.032517824321985245,,32,,,
0.00379853299818933,63,,,,30,0.02285805530846119,0.009516390040516853,,33,,,
0.006831266917288303,64,,,,30,0.040771469473838806,0.01701332814991474,,34,,,
0.005356958135962486,65,,,,30,0.017663026228547096,0.00904877856373787,,35,,,
0.010476002469658852,66,,,,30,0.3701644837856293,0.11838255077600479,,36,,,
0.025171522051095963,67,,,,30,0.11850767582654953,0.05317236855626106,,37,,,
0.00038938093348406255,68,,,,30,0.009930948726832867,0.003251851536333561,,38,,,
0.004264072049409151,69,,,,30,0.09807094931602478,0.03240613639354706,,39,,,
0.053236037492752075,70,,,,30,0.2713749408721924,0.11867771297693253,,40,,,
0.0034477810841053724,71,,,,30,0.2921275198459625,0.09005170315504074,,41,,,
0.03992319107055664,72,,,,30,0.1300419420003891,0.06695881485939026,,42,,,
0.006656496785581112,73,,,,30,0.0186220183968544,0.010246152989566326,,43,,,
0.0009626284008845687,74,,,,30,0.0430547259747982,0.013590258546173573,,44,,,
0.062191907316446304,75,,,,30,0.20694339275360107,0.10561735928058624,,45,,,
0.012103329412639141,76,,,,30,0.10189684480428696,0.03904138505458832,,46,,,
0.013110976666212082,77,,,,30,0.0343233160674572,0.019474677741527557,,47,,,
0.0003195490571670234,78,,,,30,0.009771730750799179,0.0031552037689834833,,48,,,
0.01191781647503376,79,,,,30,0.37996363639831543,0.12233155965805054,,49,,,
0.013721310533583164,80,,,,30,0.06396280974149704,0.028793759644031525,,50,,,
0.34221088886260986,81,,,,30,0.6166332960128784,0.4245375990867615,,51,,,
0.00024434918304905295,82,,,,30,0.2136051207780838,0.0642525851726532,,52,,,
0.0006619884516112506,83,,,,30,0.16582612693309784,0.05021123215556145,,53,,,
0.00019000156316906214,84,,,,30,0.23075860738754272,0.06936058402061462,,54,,,
0.006072878837585449,85,,,,30,0.2728331387042999,0.08610096573829651,,55,,,
0.0012429377529770136,86,,,,30,0.02044340781867504,0.007003079168498516,,56,,,
0.0029425201937556267,87,,,,30,0.07721888273954391,0.025225428864359856,,57,,,
0.0026773104909807444,88,,,,30,0.030529452487826347,0.011032952927052975,,58,,,
0.0038101710379123688,89,,,,30,0.05589945241808891,0.019436955451965332,,59,,,
0.2880076766014099,90,,,,30,0.47500142455101013,0.3441057801246643,,60,,,
0.0005687049706466496,91,,,,30,0.02707064151763916,0.008519286289811134,,61,,,
0.010493697598576546,92,,,,30,0.06538134068250656,0.026959991082549095,,62,,,
0.028772493824362755,93,,,,30,0.2641104757785797,0.09937389194965363,,63,,,
0.018818063661456108,94,,,,30,0.09426809102296829,0.04145307093858719,,64,,,
0.0002162222663173452,95,,,,30,0.032570213079452515,0.009922419674694538,,65,,,
0.0041762287728488445,96,,,,30,0.35983240604400635,0.11087308824062347,,66,,,
0.00485977903008461,97,,,,30,0.05990844964981079,0.021374382078647614,,67,,,
0.1170448288321495,98,,,,30,0.6069680452346802,0.2640218138694763,,68,,,
0.001292585046030581,99,,,,30,0.016892649233341217,0.005972604732960463,,69,,,
0.0724545419216156,100,,,,30,0.20822353661060333,0.11318524181842804,,70,,,
0.3206252157688141,101,,,,30,0.47240129113197327,0.36615806818008423,,71,,,
0.0031432530377060175,102,,,,30,0.3121171295642853,0.09583541750907898,,72,,,
0.0015419748378917575,103,,,,30,0.03362967073917389,0.011168284341692924,,73,,,
0.0002797450579237193,104,,,,30,0.009859579615294933,0.0031536954920738935,,74,,,
0.000952267087996006,105,,,,30,0.1797989457845688,0.054606273770332336,,75,,,
0.0063511673361063,106,,,,30,0.09853269904851913,0.034005627036094666,,76,,,
0.0014497257070615888,107,,,,30,0.07115902751684189,0.022362517192959785,,77,,,
0.2505890130996704,108,,,,30,0.9691745638847351,0.4661647081375122,,78,,,
0.006660286337137222,109,,,,30,0.23072876036167145,0.07388082891702652,,79,,,
0.001374610816128552,110,,,,30,0.04058094322681427,0.013136510737240314,,80,,,
0.6306234002113342,111,,,,30,0.6873941421508789,0.64765465259552,,81,,,
0.0010720703285187483,112,,,,30,0.04184708371758461,0.013304575346410275,,82,,,
0.18822763860225677,113,,,,30,0.41625872254371643,0.25663697719573975,,83,,,
0.2742409408092499,114,,,,30,1.0925191640853882,0.5197243690490723,,84,,,
0.0003488647344056517,115,,,,30,0.008577014319598675,0.002817309694364667,,85,,,
0.1501372754573822,116,,,,30,0.18776236474514008,0.16142480075359344,,86,,,
0.0212249793112278,117,,,,30,0.1282041221857071,0.053318724036216736,,87,,,
0.0014381790533661842,118,,,,30,0.02785092033445835,0.009362001903355122,,88,,,
0.0691186711192131,119,,,,30,0.24987930059432983,0.12334686517715454,,89,,,
0.0857100784778595,120,,,,30,0.47717371582984924,0.20314916968345642,,90,,,
0.07299847155809402,121,,,,30,0.2349095195531845,0.12157178670167923,,91,,,
0.0026913394685834646,122,,,,30,0.03882182762026787,0.013530486263334751,,92,,,
0.006819072179496288,123,,,,30,0.0425494946539402,0.017538199201226234,,93,,,
0.12809957563877106,124,,,,30,0.28476622700691223,0.17509958148002625,,94,,,
0.016549453139305115,125,,,,30,0.2465498298406601,0.08554957062005997,,95,,,
0.25189298391342163,126,,,,30,0.45016396045684814,0.3113742768764496,,96,,,
0.01522866915911436,127,,,,30,0.16533415019512177,0.060260314494371414,,97,,,
0.024359678849577904,128,,,,30,0.13267101347446442,0.05685308203101158,,98,,,
0.10106959939002991,129,,,,30,0.3477134704589844,0.17506276071071625,,99,,,
0.0022751418873667717,130,,,,30,0.011512999422848225,0.005046498961746693,,0,,,
0.03155555948615074,131,,,,30,0.7338394522666931,0.24224072694778442,,1,,,
0.11281606554985046,132,,,,30,0.4855593740940094,0.22463905811309814,,2,,,
0.02047579735517502,133,,,,30,0.09463673084974289,0.04272408038377762,,3,,,
0.0541045144200325,134,,,,30,0.26461946964263916,0.11725901067256927,,4,,,
0.0001436368766007945,135,,,,30,0.014796722680330276,0.00453956238925457,,5,,,
0.024618269875645638,136,,,,30,0.21680986881256104,0.08227575570344925,,6,,,
0.0203957911580801,137,,,,30,0.09182683378458023,0.041825104504823685,,7,,,
0.011279977858066559,138,,,,30,0.0480460561811924,0.0223098024725914,,8,,,
0.00199773907661438,139,,,,30,0.5295724868774414,0.16027016937732697,,9,,,
0.13546770811080933,140,,,,30,1.3774785995483398,0.5080710053443909,,10,,,
0.2813025414943695,141,,,,30,0.7141205668449402,0.41114795207977295,,11,,,
0.0014478211523965001,142,,,,30,0.3340895473957062,0.10124034434556961,,12,,,
0.11985576152801514,143,,,,30,0.9121876358985901,0.3575553297996521,,13,,,
0.005902834702283144,144,,,,30,1.1980186700820923,0.36353757977485657,,14,,,
0.005657138302922249,145,,,,30,0.20842279493808746,0.06648684293031693,,15,,,
0.007394681219011545,146,,,,30,0.20754297077655792,0.06743916869163513,,16,,,
0.06351456046104431,147,,,,30,0.25421789288520813,0.12072556465864182,,17,,,
0.17369867861270905,148,,,,30,1.2214112281799316,0.488012433052063,,18,,,
0.032357316464185715,149,,,,30,0.1910792738199234,0.07997390627861023,,19,,,
0.007433611433953047,150,,,,30,0.261962890625,0.08379240334033966,,20,,,
0.001479484373703599,151,,,,30,0.062045346945524216,0.019649244844913483,,21,,,
0.13486745953559875,152,,,,30,0.6627737879753113,0.2932393550872803,,22,,,
0.11696243286132812,153,,,,30,0.38466334342956543,0.19727271795272827,,23,,,
0.1006866917014122,154,,,,30,0.19037725031375885,0.12759386003017426,,24,,,
0.0026223815511912107,155,,,,30,0.35854652523994446,0.10939963161945343,,25,,,
3.099393507000059e-05,156,,,,30,0.06765251606702805,0.020317452028393745,,26,,,
0.0013297295663505793,157,,,,30,0.3233316242694855,0.09793029725551605,,27,,,
0.10982846468687057,158,,,,30,0.2635049819946289,0.15593141317367554,,28,,,
0.00025519452174194157,159,,,,30,0.07443607598543167,0.022509461268782616,,29,,,
0.21470589935779572,160,,,,30,0.8092310428619385,0.39306342601776123,,30,,,
0.03813769295811653,161,,,,30,0.29724040627479553,0.11586850881576538,,31,,,
0.0003763920976780355,162,,,,30,0.007095913868397474,0.0023922487162053585,,32,,,
0.011450406163930893,163,,,,30,0.08220416307449341,0.03267653286457062,,33,,,
0.02478923089802265,164,,,,30,0.09294399619102478,0.045235663652420044,,34,,,
0.06160888820886612,165,,,,30,0.6497781872749329,0.23805968463420868,,35,,,
0.011960693635046482,166,,,,30,0.10818737000226974,0.04082869738340378,,36,,,
6.41325386823155e-05,167,,,,30,0.018663743510842323,0.005644015967845917,,37,,,
0.0010132422903552651,168,,,,30,0.010742537677288055,0.003932030871510506,,38,,,
0.003324578981846571,169,,,,30,0.08456477522850037,0.0276966392993927,,39,,,
0.19562919437885284,170,,,,30,0.5499204397201538,0.30191656947135925,,40,,,
0.012031366117298603,171,,,,30,0.030655071139335632,0.01761847734451294,,41,,,
0.0006540066679008305,172,,,,30,0.010910078883171082,0.003730828408151865,,42,,,
0.00041321321623399854,173,,,,30,0.09326636046171188,0.02826915681362152,,43,,,
0.003594605950638652,174,,,,30,0.028399860486388206,0.011036182753741741,,44,,,
0.004646694287657738,175,,,,30,0.0666840597987175,0.02325790375471115,,45,,,
0.00347605487331748,176,,,,30,0.07041128724813461,0.023556625470519066,,46,,,
0.006144206039607525,177,,,,30,0.061869602650403976,0.022861825302243233,,47,,,
0.002956783166155219,178,,,,30,0.042052820324897766,0.014685594476759434,,48,,,
0.13483642041683197,179,,,,30,0.500339150428772,0.2444872409105301,,49,,,
0.0005491655902005732,180,,,,30,0.010867513716220856,0.0036446701269596815,,50,,,
0.0002469711471349001,181,,,,30,0.19554100930690765,0.05883518606424332,,51,,,
0.0012521054595708847,182,,,,30,0.018080828711390495,0.00630072271451354,,52,,,
0.010267533361911774,183,,,,30,0.07025889307260513,0.02826494164764881,,53,,,
0.004273212049156427,184,,,,30,0.10814952105283737,0.035436104983091354,,54,,,
0.018787061795592308,185,,,,30,0.3227371275424957,0.10997208952903748,,55,,,
0.08366614580154419,186,,,,30,0.5964679718017578,0.237506702542305,,56,,,
0.0020534161012619734,187,,,,30,0.06778422743082047,0.021772660315036774,,57,,,
0.0017329927068203688,188,,,,30,0.01712336204946041,0.0063501037657260895,,58,,,
0.038365673273801804,189,,,,30,0.14019237458705902,0.06891368329524994,,59,,,
0.845026969909668,190,,,,30,0.783231794834137,0.8264884352684021,,60,,,
0.00043442347669042647,191,,,,30,1.1493208408355713,0.34510037302970886,,61,,,
0.0002658013836480677,192,,,,30,0.021769411861896515,0.006716884672641754,,62,,,
1.1324817933200393e-05,193,,,,30,0.5495903491973877,0.1648850440979004,,63,,,
0.002749355509877205,194,,,,30,0.029678858816623688,0.01082820724695921,,64,,,
0.0030929844360798597,195,,,,30,0.03266804292798042,0.011965502984821796,,65,,,
0.07853329926729202,196,,,,30,0.612651526927948,0.2387687712907791,,66,,,
0.0015643513761460781,197,,,,30,0.010554018430411816,0.004261251538991928,,67,,,
0.3177492320537567,198,,,,30,0.49550238251686096,0.37107518315315247,,68,,,
0.006066835951060057,199,,,,30,0.06909235566854477,0.024974491447210312,,69,,,
0.001450677984394133,200,,,,30,0.01553873810917139,0.005677096080034971,,70,,,
0.018567679449915886,201,,,,30,0.5450600385665894,0.1765153855085373,,71,,,
0.0033192322589457035,202,,,,30,0.05677829682826996,0.019356951117515564,,72,,,
0.0008422164828516543,203,,,,30,0.07816684246063232,0.024039605632424355,,73,,,
0.11483246833086014,204,,,,30,0.2230188250541687,0.14728838205337524,,74,,,
0.13358275592327118,205,,,,30,0.751430094242096,0.3189369738101959,,75,,,
0.0004961451631970704,206,,,,30,0.46492114663124084,0.13982364535331726,,76,,,
0.01167983841150999,207,,,,30,0.5007149577140808,0.1583903729915619,,77,,,
8.451581379631534e-05,208,,,,30,0.0021241174545139074,0.0006963962805457413,,78,,,
0.040330082178115845,209,,,,30,0.21961908042430878,0.09411678463220596,,79,,,
0.004698071163147688,210,,,,30,0.13500754535198212,0.04379091411828995,,80,,,
0.3019092082977295,211,,,,30,0.4384545385837555,0.3428727984428406,,81,,,
0.055526431649923325,212,,,,30,0.21371012926101685,0.10298154503107071,,82,,,
0.0004180987598374486,213,,,,30,0.13734190165996552,0.04149524122476578,,83,,,
0.0350162573158741,214,,,,30,0.35446444153785706,0.13085071742534637,,84,,,
0.007257881574332714,215,,,,30,0.09462786465883255,0.03346887603402138,,85,,,
0.03838976472616196,216,,,,30,0.137013241648674,0.06797681003808975,,86,,,
0.1828141063451767,217,,,,30,0.32656151056289673,0.2259383350610733,,87,,,
0.0009438112610951066,218,,,,30,0.9171499609947205,0.27580565214157104,,88,,,
0.005946207791566849,219,,,,30,0.03362773731350899,0.01425066776573658,,89,,,
0.005395018961280584,220,,,,30,0.05376868322491646,0.019907118752598763,,90,,,
0.027498846873641014,221,,,,30,0.09520933777093887,0.047811996191740036,,91,,,
0.05880459025502205,222,,,,30,0.17587880790233612,0.09392686188220978,,92,,,
0.5124987363815308,223,,,,30,0.6706216335296631,0.5599356293678284,,93,,,
0.011140643619000912,224,,,,30,0.10946404188871384,0.04063766449689865,,94,,,
0.010693627409636974,225,,,,30,0.07419861108064651,0.02974512241780758,,95,,,
5.411955135059543e-05,226,,,,30,0.014273355714976788,0.00431989086791873,,96,,,
0.03325379267334938,227,,,,30,0.3986319601535797,0.14286723732948303,,97,,,
0.028879860416054726,228,,,,30,0.08437193185091019,0.04552748054265976,,98,,,
0.019790804013609886,229,,,,30,0.04646890237927437,0.027794234454631805,,99,,,
0.2675669193267822,230,,,,30,0.3652433454990387,0.29686984419822693,,0,,,
0.03464128077030182,231,,,,30,0.1335354894399643,0.06430954486131668,,1,,,
0.011485997587442398,232,,,,30,0.1454939991235733,0.05168839916586876,,2,,,
0.07983782887458801,233,,,,30,0.21187902987003326,0.11945019662380219,,3,,,
0.006759870797395706,234,,,,30,0.04567593336105347,0.018434690311551094,,4,,,
0.031666554510593414,235,,,,30,0.34814536571502686,0.12661020457744598,,5,,,
0.0035845094826072454,236,,,,30,0.17403119802474976,0.05471852049231529,,6,,,
0.002176061272621155,237,,,,30,0.023231396451592445,0.008492662571370602,,7,,,
0.010823708958923817,238,,,,30,0.10412808507680893,0.03881502151489258,,8,,,
0.3163796067237854,239,,,,30,0.3890615403652191,0.3381841778755188,,9,,,
0.03175363317131996,240,,,,30,0.10008079558610916,0.05225178226828575,,10,,,
0.0050683110021054745,241,,,,30,0.06228924170136452,0.022234590724110603,,11,,,
0.004445432219654322,242,,,,30,0.016127638518810272,0.00795009359717369,,12,,,
0.007932942360639572,243,,,,30,0.06916443258523941,0.026302389800548553,,13,,,
0.001493054092861712,244,,,,30,0.17801429331302643,0.054449427872896194,,14,,,
0.000346362212439999,245,,,,30,0.20504260063171387,0.061755236238241196,,15,,,
0.0007550249574705958,246,,,,30,0.010663812048733234,0.0037276612129062414,,16,,,
0.016235284507274628,247,,,,30,0.49778762459754944,0.1607009917497635,,17,,,
0.00013016807497479022,248,,,,30,0.06527888029813766,0.01967478170990944,,18,,,
0.062215205281972885,249,,,,30,1.8745943307876587,0.6059290170669556,,19,,,
0.006304850801825523,250,,,,30,0.07920674979686737,0.02817542292177677,,20,,,
0.00010346830822527409,251,,,,30,0.4189870357513428,0.12576855719089508,,21,,,
0.012528643012046814,252,,,,30,0.08703988790512085,0.034882016479969025,,22,,,
0.012464363127946854,253,,,,30,0.6254652738571167,0.1963646411895752,,23,,,
0.007791011594235897,254,,,,30,0.27575597167015076,0.08818049728870392,,24,,,
0.001354015665128827,255,,,,30,0.021412739530205727,0.007371633313596249,,25,,,
0.005100452806800604,256,,,,30,0.3307400941848755,0.10279235243797302,,26,,,
0.002368147252127528,257,,,,30,0.026677193120121956,0.00966086145490408,,27,,,
0.011423889547586441,258,,,,30,0.2731069028377533,0.08992879837751389,,28,,,
0.002595034893602133,259,,,,30,0.10620725154876709,0.033678703010082245,,29,,,
0.028064880520105362,260,,,,30,0.22836320102214813,0.0881543755531311,,30,,,
0.012261489406228065,261,,,,30,0.11092402786016464,0.04186025261878967,,31,,,
0.03255142271518707,262,,,,30,0.11989831924438477,0.05875549092888832,,32,,,
0.3493904173374176,263,,,,30,0.4551255404949188,0.3811109662055969,,33,,,
0.5153292417526245,264,,,,30,0.8943120837211609,0.6290241479873657,,34,,,
0.0033749546855688095,265,,,,30,0.11353600770235062,0.03642326965928078,,35,,,
0.00991750881075859,266,,,,30,0.3094715178012848,0.09978371858596802,,36,,,
0.007823065854609013,267,,,,30,0.10874557495117188,0.03809982165694237,,37,,,
,,,,,30,,,,38,0.13967889547348022,0.8157894611358643,0.6326117515563965
0.0676226019859314,0,,,,31,0.19849026203155518,0.10688289999961853,,39,,,
0.0022420764435082674,1,,,,31,0.044951725751161575,0.015054971911013126,,40,,,
0.16884206235408783,2,,,,31,0.3551637828350067,0.22473856806755066,,41,,,
0.019621441140770912,3,,,,31,0.07459951192140579,0.03611486405134201,,42,,,
0.004115208517760038,4,,,,31,0.028233712539076805,0.011350760236382484,,43,,,
0.006394402589648962,5,,,,31,0.39770638942718506,0.12378799915313721,,44,,,
0.003314836183562875,6,,,,31,0.1276036649942398,0.04060148820281029,,45,,,
0.012931063771247864,7,,,,31,0.4548979699611664,0.1455211341381073,,46,,,
0.0002708068350329995,8,,,,31,0.018016573041677475,0.005594536662101746,,47,,,
0.004177415743470192,9,,,,31,0.07696522027254105,0.026013758033514023,,48,,,
0.24742484092712402,10,,,,31,0.43561112880706787,0.3038807511329651,,49,,,
0.0030720680952072144,11,,,,31,0.08975201845169067,0.02907605469226837,,50,,,
0.09825931489467621,12,,,,31,0.27114835381507874,0.15012602508068085,,51,,,
0.01969987340271473,13,,,,31,0.0788300558924675,0.037438929080963135,,52,,,
0.02652394399046898,14,,,,31,0.6126251816749573,0.2023543119430542,,53,,,
0.0004533693427219987,15,,,,31,0.17855708301067352,0.05388448387384415,,54,,,
0.0031443224288523197,16,,,,31,0.05720996484160423,0.019364016130566597,,55,,,
0.004038750194013119,17,,,,31,0.02342432551085949,0.009854422882199287,,56,,,
0.00017069313616957515,18,,,,31,0.04478378966450691,0.013554622419178486,,57,,,
0.0012132910778746009,19,,,,31,0.023990610614418983,0.008046487346291542,,58,,,
0.001644331612624228,20,,,,31,0.030761325731873512,0.010379429906606674,,59,,,
0.000474936212413013,21,,,,31,0.02469196915626526,0.007740046363323927,,60,,,
0.00013696208770852536,22,,,,31,0.01779286377131939,0.005433733109384775,,61,,,
0.008596202358603477,23,,,,31,0.07021573930978775,0.027082065120339394,,62,,,
0.00023719835735391825,24,,,,31,0.013871964067220688,0.004327628295868635,,63,,,
0.02415466494858265,25,,,,31,0.2042338252067566,0.07817842066287994,,64,,,
0.001982629531994462,26,,,,31,0.05024101957678795,0.016460146754980087,,65,,,
0.1820441037416458,27,,,,31,0.5302562713623047,0.2865077555179596,,66,,,
0.009467230178415775,28,,,,31,0.0710991621017456,0.027956809848546982,,67,,,
0.006800128147006035,29,,,,31,0.0763397291302681,0.027662009000778198,,68,,,
0.00227656913921237,30,,,,31,0.10119938850402832,0.031953416764736176,,69,,,
0.10453549772500992,31,,,,31,0.2117239385843277,0.13669203221797943,,70,,,
0.007911890745162964,32,,,,31,0.2368403673171997,0.07659043371677399,,71,,,
0.001212219474837184,33,,,,31,0.9865530133247375,0.2968144714832306,,72,,,
0.005427743308246136,34,,,,31,0.03046339750289917,0.012938439846038818,,73,,,
0.006113400682806969,35,,,,31,0.042328279465436935,0.016977865248918533,,74,,,
0.000402250443585217,36,,,,31,0.02960594743490219,0.009163360111415386,,75,,,
0.12350531667470932,37,,,,31,0.2002084106206894,0.14651624858379364,,76,,,
0.05714709684252739,38,,,,31,0.154457226395607,0.08634013682603836,,77,,,
0.005495796445757151,39,,,,31,0.12189736217260361,0.04041627049446106,,78,,,
0.01599539816379547,40,,,,31,0.09879415482282639,0.040835026651620865,,79,,,
0.0026830171700567007,41,,,,31,0.06467507034540176,0.02128063514828682,,80,,,
3.0356101989746094,42,,,,31,1.4070100784301758,2.547029972076416,,81,,,
0.0007292948430404067,43,,,,31,0.006586706265807152,0.0024865183513611555,,82,,,
0.0038450846914201975,44,,,,31,0.17471246421337128,0.0551053024828434,,83,,,
0.8899956345558167,45,,,,31,1.2066662311553955,0.9849967956542969,,84,,,
0.0003999863693024963,46,,,,31,0.24345941841602325,0.07331781834363937,,85,,,
0.0003106111544184387,47,,,,31,0.0352817066013813,0.010801940225064754,,86,,,
0.0160650834441185,48,,,,31,0.17527180910110474,0.06382710486650467,,87,,,
0.06525871157646179,49,,,,31,0.16902072727680206,0.09638731181621552,,88,,,
0.2200995683670044,50,,,,31,0.5530454516410828,0.3199833333492279,,89,,,
0.09691119939088821,51,,,,31,0.25862953066825867,0.1454267054796219,,90,,,
0.002143468242138624,52,,,,31,0.276165634393692,0.08435012400150299,,91,,,
0.1346636861562729,53,,,,31,0.5496396422386169,0.2591564655303955,,92,,,
0.003966798074543476,54,,,,31,0.26948627829551697,0.08362264186143875,,93,,,
0.009695818647742271,55,,,,31,0.11151891201734543,0.040242746472358704,,94,,,
0.010357202962040901,56,,,,31,0.08027318120002747,0.031331997364759445,,95,,,
0.0751330778002739,57,,,,31,0.25135537981987,0.12799976766109467,,96,,,
0.17761898040771484,58,,,,31,0.23992663621902466,0.19631128013134003,,97,,,
0.060999177396297455,59,,,,31,0.0859033539891243,0.06847043335437775,,98,,,
0.0008451942121610045,60,,,,31,0.1419840306043625,0.04318684712052345,,99,,,
0.00031382881570607424,61,,,,31,0.15146639943122864,0.04565960168838501,,0,,,
0.007128519471734762,62,,,,31,0.12125984579324722,0.041367918252944946,,1,,,
0.00016842853801790625,63,,,,31,0.05632934346795082,0.017016703262925148,,2,,,
0.001880307332612574,64,,,,31,0.27966099977493286,0.0852145180106163,,3,,,
0.00048375347978435457,65,,,,31,0.015214256942272186,0.004902904853224754,,4,,,
0.06551989167928696,66,,,,31,0.34885939955711365,0.15052174031734467,,5,,,
0.0171333197504282,67,,,,31,0.35915863513946533,0.11974091827869415,,6,,,
0.0009535771678201854,68,,,,31,0.026362506672739983,0.008576256223022938,,7,,,
0.004870693199336529,69,,,,31,0.23926806449890137,0.07518990337848663,,8,,,
0.6984112858772278,70,,,,31,1.0787807703018188,0.8125221729278564,,9,,,
0.07359958440065384,71,,,,31,0.12365295737981796,0.08861559629440308,,10,,,
0.025645693764090538,72,,,,31,0.1158706545829773,0.05271318554878235,,11,,,
0.12439341098070145,73,,,,31,0.3021126091480255,0.1777091771364212,,12,,,
0.04172757640480995,74,,,,31,0.1662566363811493,0.0790862962603569,,13,,,
0.005732880439609289,75,,,,31,0.2621147632598877,0.08264745026826859,,14,,,
0.08300040662288666,76,,,,31,0.4715857207775116,0.1995760053396225,,15,,,
0.08607283979654312,77,,,,31,0.273444801568985,0.14228442311286926,,16,,,
0.0007873057620599866,78,,,,31,0.042926888912916183,0.013429180718958378,,17,,,
0.0011447074357420206,79,,,,31,0.08172021061182022,0.02531735971570015,,18,,,
0.003158463630825281,80,,,,31,0.026770470663905144,0.010242066346108913,,19,,,
0.01682988367974758,81,,,,31,0.03936648368835449,0.02359086461365223,,20,,,
0.023615404963493347,82,,,,31,0.2203245311975479,0.08262814581394196,,21,,,
0.011018149554729462,83,,,,31,0.03989361226558685,0.01968078874051571,,22,,,
0.12249419838190079,84,,,,31,0.7334120869636536,0.30576956272125244,,23,,,
0.14020217955112457,85,,,,31,0.19469960033893585,0.15655140578746796,,24,,,
0.020419267937541008,86,,,,31,0.04294666275382042,0.027177486568689346,,25,,,
0.0005004345439374447,87,,,,31,0.8463385701179504,0.2542518675327301,,26,,,
0.18139462172985077,88,,,,31,0.48562267422676086,0.27266305685043335,,27,,,
0.026265496388077736,89,,,,31,0.3745119273662567,0.13073943555355072,,28,,,
0.00421267282217741,90,,,,31,0.02778785116970539,0.011285226792097092,,29,,,
0.0019514580490067601,91,,,,31,0.09619360417127609,0.03022410348057747,,30,,,
0.0023529245518147945,92,,,,31,0.04447656869888306,0.014990017749369144,,31,,,
0.00014482879487331957,93,,,,31,0.18642409145832062,0.05602860823273659,,32,,,
0.017412295565009117,94,,,,31,0.08908965438604355,0.03891550377011299,,33,,,
0.0010531361913308501,95,,,,31,0.037763919681310654,0.0120663708075881,,34,,,
0.021163005381822586,96,,,,31,0.28696969151496887,0.10090500861406326,,35,,,
0.006526583340018988,97,,,,31,0.4182555675506592,0.13004527986049652,,36,,,
0.002266221446916461,98,,,,31,0.05918459966778755,0.019341735169291496,,37,,,
0.032970551401376724,99,,,,31,0.1385585218667984,0.06464694440364838,,38,,,
0.16225528717041016,100,,,,31,0.3698618412017822,0.22453725337982178,,39,,,
0.04575123265385628,101,,,,31,0.9439509510993958,0.3152111768722534,,40,,,
0.07554524391889572,102,,,,31,0.9867797493934631,0.34891560673713684,,41,,,
0.0012368656462058425,103,,,,31,0.041348207741975784,0.013270269148051739,,42,,,
0.01972605474293232,104,,,,31,0.037349749356508255,0.025013163685798645,,43,,,
0.1423257738351822,105,,,,31,0.1900233030319214,0.15663503110408783,,44,,,
0.021232564002275467,106,,,,31,0.27841344475746155,0.09838682413101196,,45,,,
0.08884074538946152,107,,,,31,0.3053608238697052,0.15379676222801208,,46,,,
0.0022871545515954494,108,,,,31,0.26858624815940857,0.08217688649892807,,47,,,
0.0021975908894091845,109,,,,31,0.09305259585380554,0.029454093426465988,,48,,,
0.010995276272296906,110,,,,31,0.35157129168510437,0.11316809058189392,,49,,,
0.0060295118018984795,111,,,,31,0.047321874648332596,0.018417220562696457,,50,,,
2.7894584491150454e-05,112,,,,31,0.06570074707269669,0.019729750230908394,,51,,,
0.03753898665308952,113,,,,31,0.19372618198394775,0.0843951478600502,,52,,,
0.03119257465004921,114,,,,31,1.94403874874115,0.6050464510917664,,53,,,
0.002597650745883584,115,,,,31,0.01501766499131918,0.0063236551359295845,,54,,,
0.1422133892774582,116,,,,31,0.3488287031650543,0.2041979730129242,,55,,,
0.0034462367184460163,117,,,,31,0.03418930619955063,0.012669158168137074,,56,,,
0.050791624933481216,118,,,,31,0.1829376071691513,0.09043542295694351,,57,,,
0.4992179274559021,119,,,,31,0.6978752613067627,0.5588151216506958,,58,,,
0.16169169545173645,120,,,,31,1.164052963256836,0.46240007877349854,,59,,,
0.01791076920926571,121,,,,31,0.19025130569934845,0.06961292773485184,,60,,,
0.0056998105719685555,122,,,,31,0.03560033440589905,0.01466996781527996,,61,,,
0.028817318379878998,123,,,,31,0.13570959866046906,0.060885004699230194,,62,,,
0.01610778272151947,124,,,,31,0.0708928033709526,0.03254329040646553,,63,,,
0.02152405120432377,125,,,,31,0.09429433196783066,0.04335513710975647,,64,,,
0.039401765912771225,126,,,,31,0.4273844063282013,0.15579655766487122,,65,,,
0.07528135925531387,127,,,,31,0.38522836565971375,0.1682654619216919,,66,,,
0.00146246247459203,128,,,,31,0.01772294007241726,0.006340606138110161,,67,,,
0.0035881916992366314,129,,,,31,0.04822896793484688,0.016980424523353577,,68,,,
0.0038653912488371134,130,,,,31,0.05766310170292854,0.02000470459461212,,69,,,
0.0015168600948527455,131,,,,31,0.06577219069004059,0.020793460309505463,,70,,,
0.0011516136582940817,132,,,,31,0.48303988575935364,0.14571809768676758,,71,,,
3.373566141817719e-05,133,,,,31,0.29322290420532227,0.08799049258232117,,72,,,
0.0015453074593096972,134,,,,31,0.03131359815597534,0.010475794784724712,,73,,,
0.0030794364865869284,135,,,,31,1.4933252334594727,0.4501532018184662,,74,,,
0.18098576366901398,136,,,,31,0.4361346662044525,0.25753045082092285,,75,,,
0.008265691809356213,137,,,,31,0.2539843022823334,0.08198127895593643,,76,,,
0.022763026878237724,138,,,,31,0.07930797338485718,0.039726510643959045,,77,,,
0.1403825581073761,139,,,,31,0.3005077540874481,0.1884201169013977,,78,,,
0.00235565984621644,140,,,,31,0.11903458088636398,0.037359338253736496,,79,,,
0.00032658010604791343,141,,,,31,0.7931949496269226,0.23818708956241608,,80,,,
0.0434848815202713,142,,,,31,0.9148664474487305,0.3048993647098541,,81,,,
0.0008859285153448582,143,,,,31,0.016654079779982567,0.005616374313831329,,82,,,
0.0007799206068739295,144,,,,31,0.3682742416858673,0.11102821677923203,,83,,,
0.0006999903125688434,145,,,,31,0.023908816277980804,0.0076626380905508995,,84,,,
0.03411317616701126,146,,,,31,0.2444218546152115,0.09720578044652939,,85,,,
0.04293676093220711,147,,,,31,0.14896197617053986,0.0747443288564682,,86,,,
0.00036054308293387294,148,,,,31,0.01012315321713686,0.0032893260940909386,,87,,,
0.003506941255182028,149,,,,31,0.18528853356838226,0.058041419833898544,,88,,,
0.0003178806509822607,150,,,,31,0.02368793822824955,0.0073288981802761555,,89,,,
0.06801436841487885,151,,,,31,0.42342129349708557,0.17463645339012146,,90,,,
0.00791449286043644,152,,,,31,0.034111861139535904,0.015773704275488853,,91,,,
0.000302030734019354,153,,,,31,0.03756338730454445,0.011480437591671944,,92,,,
0.13386213779449463,154,,,,31,0.4877970218658447,0.24004261195659637,,93,,,
0.01735278032720089,155,,,,31,0.4465269148349762,0.14610503613948822,,94,,,
8.105902816168964e-05,156,,,,31,0.008653610944747925,0.0026528246235102415,,95,,,
0.0009273757459595799,157,,,,31,0.017564930021762848,0.0059186420403420925,,96,,,
0.0919015184044838,158,,,,31,0.3821110725402832,0.17896439135074615,,97,,,
0.024264972656965256,159,,,,31,0.3785938024520874,0.1305636316537857,,98,,,
0.02235335297882557,160,,,,31,0.1241995170712471,0.05290720611810684,,99,,,
0.0002809368306770921,161,,,,31,0.008413253352046013,0.002720631891861558,,0,,,
0.02472526952624321,162,,,,31,0.2897420823574066,0.10423031449317932,,1,,,
0.005287709180265665,163,,,,31,0.07984485477209091,0.027654854580760002,,2,,,
9.131014667218551e-05,164,,,,31,0.2084088772535324,0.06258658319711685,,3,,,
6.210611172718927e-05,165,,,,31,0.08472753316164017,0.02546173520386219,,4,,,
0.003499338636174798,166,,,,31,0.04747894033789635,0.016693219542503357,,5,,,
0.03875725716352463,167,,,,31,0.09061745554208755,0.054315317422151566,,6,,,
0.0010966007830575109,168,,,,31,0.233548104763031,0.07083205133676529,,7,,,
0.0010570659069344401,169,,,,31,0.15379908680915833,0.04687967523932457,,8,,,
0.04256211593747139,170,,,,31,0.6505067348480225,0.22494551539421082,,9,,,
4.386805812828243e-05,171,,,,31,0.011839408427476883,0.003582530189305544,,10,,,
0.07761353999376297,172,,,,31,0.31464684009552,0.1487235426902771,,11,,,
0.2447189837694168,173,,,,31,0.3563077747821808,0.2781956195831299,,12,,,
0.0007397775771096349,174,,,,31,0.02140004374086857,0.0069378577172756195,,13,,,
0.003195539116859436,175,,,,31,0.2937465012073517,0.09036083519458771,,14,,,
0.06644124537706375,176,,,,31,0.3528077304363251,0.15235120058059692,,15,,,
0.0640847310423851,177,,,,31,0.6488030552864075,0.2395002245903015,,16,,,
0.017318101599812508,178,,,,31,0.6004818081855774,0.19226722419261932,,17,,,
0.0035602774005383253,179,,,,31,0.037568867206573486,0.013762854970991611,,18,,,
0.07102830708026886,180,,,,31,0.22288411855697632,0.11658504605293274,,19,,,
0.0014093714999035,181,,,,31,0.3570038080215454,0.10808771103620529,,20,,,
0.011352349072694778,182,,,,31,0.24474990367889404,0.08137162029743195,,21,,,
0.000575376907363534,183,,,,31,0.0322473980486393,0.010076982900500298,,22,,,
0.4429309666156769,184,,,,31,0.5549725294113159,0.4765434265136719,,23,,,
0.013318619690835476,185,,,,31,0.06012384220957756,0.027360185980796814,,24,,,
0.014853833243250847,186,,,,31,0.04806023836135864,0.0248157549649477,,25,,,
0.0017328736139461398,187,,,,31,0.01989581063389778,0.007181755267083645,,26,,,
0.043807949870824814,188,,,,31,0.40593990683555603,0.15244753658771515,,27,,,
0.002280493965372443,189,,,,31,0.016320763155817986,0.0064925746992230415,,28,,,
0.026487722992897034,190,,,,31,0.12608149647712708,0.056365855038166046,,29,,,
0.011914283037185669,191,,,,31,0.2923264801502228,0.09603794664144516,,30,,,
0.00012766500003635883,192,,,,31,0.0192477535456419,0.005863691680133343,,31,,,
0.001622075797058642,193,,,,31,0.038874801248311996,0.012797893024981022,,32,,,
0.02078782021999359,194,,,,31,0.2191053181886673,0.08028307557106018,,33,,,
0.011477983556687832,195,,,,31,0.12817789614200592,0.046487957239151,,34,,,
0.0033937261905521154,196,,,,31,0.063765749335289,0.021505333483219147,,35,,,
0.0009432157967239618,197,,,,31,0.028964636847376823,0.0093496423214674,,36,,,
0.07660946249961853,198,,,,31,0.18951839208602905,0.11048214137554169,,37,,,
0.012407849542796612,199,,,,31,0.11302793771028519,0.042593877762556076,,38,,,
0.0019383705221116543,200,,,,31,0.1623212695121765,0.05005324259400368,,39,,,
0.03948015347123146,201,,,,31,0.32657501101493835,0.12560860812664032,,40,,,
0.03801501914858818,202,,,,31,0.5223868489265442,0.1833265721797943,,41,,,
0.004434513859450817,203,,,,31,0.07991715520620346,0.027079306542873383,,42,,,
0.0002698534226510674,204,,,,31,0.008742394857108593,0.0028116158209741116,,43,,,
2.2563822269439697,205,,,,31,1.4523900747299194,2.0151846408843994,,44,,,
0.0013563965912908316,206,,,,31,0.04602823778986931,0.014757949858903885,,45,,,
0.00024339574156329036,207,,,,31,0.19072793424129486,0.05738876014947891,,46,,,
0.002679450437426567,208,,,,31,0.09103421121835709,0.029185879975557327,,47,,,
0.04430233687162399,209,,,,31,0.25464844703674316,0.10740616917610168,,48,,,
0.021399788558483124,210,,,,31,0.4399397075176239,0.1469617784023285,,49,,,
0.0029900625813752413,211,,,,31,0.17765258252620697,0.05538881942629814,,50,,,
0.002892241580411792,212,,,,31,0.07926910370588303,0.02580530010163784,,51,,,
0.01606731116771698,213,,,,31,0.03720931336283684,0.022409912198781967,,52,,,
0.028418460860848427,214,,,,31,0.8176689743995667,0.2651936113834381,,53,,,
0.006187331397086382,215,,,,31,0.05931026116013527,0.022124212235212326,,54,,,
0.022514095529913902,216,,,,31,0.3652467727661133,0.12533390522003174,,55,,,
0.001474008895456791,217,,,,31,0.011137441731989384,0.004373039118945599,,56,,,
0.002072569215670228,218,,,,31,0.0180556308478117,0.0068674879148602486,,57,,,
0.001150065683759749,219,,,,31,0.008829747326672077,0.0034539701882749796,,58,,,
0.008621258661150932,220,,,,31,0.1318165510892868,0.04557984694838524,,59,,,
0.03495870158076286,221,,,,31,0.21265046298503876,0.08826623111963272,,60,,,
0.000539634027518332,222,,,,31,0.007457526866346598,0.0026150019839406013,,61,,,
0.013689209707081318,223,,,,31,0.11116483062505722,0.042931899428367615,,62,,,
2.13382354559144e-05,224,,,,31,0.5818906426429749,0.1745821237564087,,63,,,
0.012493678368628025,225,,,,31,0.126422718167305,0.04667238891124725,,64,,,
0.07306717336177826,226,,,,31,0.21325421333312988,0.11512328684329987,,65,,,
0.5908561944961548,227,,,,31,0.39336109161376953,0.5316076874732971,,66,,,
0.029636431485414505,228,,,,31,0.5640407800674438,0.18995773792266846,,67,,,
0.35976046323776245,229,,,,31,0.6520522832870483,0.4474480152130127,,68,,,
0.0052861678414046764,230,,,,31,0.03344857320189476,0.013734890148043633,,69,,,
0.24144946038722992,231,,,,31,0.302346795797348,0.259718656539917,,70,,,
0.011290468275547028,232,,,,31,0.08072487264871597,0.03212079033255577,,71,,,
0.13448300957679749,233,,,,31,0.6629183292388916,0.2930136024951935,,72,,,
0.13290362060070038,234,,,,31,0.3488077223300934,0.19767485558986664,,73,,,
0.24666883051395416,235,,,,31,0.46624255180358887,0.3125409483909607,,74,,,
0.00035386974923312664,236,,,,31,0.01339039672166109,0.004264828283339739,,75,,,
0.20953166484832764,237,,,,31,0.5745611190795898,0.3190405070781708,,76,,,
0.0006842655711807311,238,,,,31,0.45335182547569275,0.1364845335483551,,77,,,
0.005139235407114029,239,,,,31,0.0871623158454895,0.0297461599111557,,78,,,
0.005014580674469471,240,,,,31,0.06182858720421791,0.02205878309905529,,79,,,
1.2167640924453735,241,,,,31,0.8903322815895081,1.1188346147537231,,80,,,
0.2530770003795624,242,,,,31,1.1026273965835571,0.5079421401023865,,81,,,
0.004097044467926025,243,,,,31,0.0661659762263298,0.022717725485563278,,82,,,
0.1859874129295349,244,,,,31,1.3596524000167847,0.5380869507789612,,83,,,
0.007190302945673466,245,,,,31,0.07602763921022415,0.02784150466322899,,84,,,
0.0013930626446381211,246,,,,31,0.017705652862787247,0.006286839954555035,,85,,,
0.21326106786727905,247,,,,31,0.6866582036018372,0.35528022050857544,,86,,,
0.3552039861679077,248,,,,31,0.49859967827796936,0.3982226848602295,,87,,,
0.0027703975792974234,249,,,,31,0.01404306199401617,0.006152196787297726,,88,,,
0.006372133735567331,250,,,,31,0.06504295021295547,0.023973379284143448,,89,,,
0.0050297630950808525,251,,,,31,0.2518991529941559,0.07909058034420013,,90,,,
0.0014776989119127393,252,,,,31,0.021306155249476433,0.007426236290484667,,91,,,
0.005396442022174597,253,,,,31,0.026743104681372643,0.011800440959632397,,92,,,
0.014308826997876167,254,,,,31,0.1120821163058281,0.04364081472158432,,93,,,
0.2168709635734558,255,,,,31,1.4917268753051758,0.5993277430534363,,94,,,
0.022530296817421913,256,,,,31,0.3519556522369385,0.12135791033506393,,95,,,
0.010306469164788723,257,,,,31,0.06338930130004883,0.026231318712234497,,96,,,
0.23592807352542877,258,,,,31,0.4175569713115692,0.29041674733161926,,97,,,
0.006844882853329182,259,,,,31,0.03137465938925743,0.014203816652297974,,98,,,
0.0019508631667122245,260,,,,31,0.07413625717163086,0.02360648103058338,,99,,,
0.0010650444310158491,261,,,,31,0.0161603856831789,0.005593647249042988,,0,,,
0.007757654879242182,262,,,,31,0.12791289389133453,0.04380422830581665,,1,,,
0.025305312126874924,263,,,,31,0.1143263503909111,0.05201162397861481,,2,,,
0.011652973480522633,264,,,,31,0.11495131999254227,0.04264247789978981,,3,,,
0.010040727443993092,265,,,,31,0.21413643658161163,0.0712694376707077,,4,,,
0.01592312939465046,266,,,,31,0.06067942455410957,0.029350019991397858,,5,,,
2.436056137084961,267,,,,31,1.0111442804336548,2.008582592010498,,6,,,
,,,,,31,,,,7,0.13400864601135254,0.8684210777282715,0.5404047966003418
0.002146442187950015,0,,,,32,0.02711731195449829,0.009637703187763691,,8,,,
0.015969472005963326,1,,,,32,0.09071069955825806,0.0383918397128582,,9,,,
0.15175791084766388,2,,,,32,0.39250147342681885,0.22398097813129425,,10,,,
0.0017240673769265413,3,,,,32,0.02028113789856434,0.0072911884635686874,,11,,,
0.009322800673544407,4,,,,32,0.04137757048010826,0.01893923245370388,,12,,,
0.0004465774691198021,5,,,,32,0.08970478177070618,0.027224039658904076,,13,,,
0.5249053239822388,6,,,,32,0.7011303305625916,0.577772855758667,,14,,,
0.45894521474838257,7,,,,32,0.5629554390907288,0.49014827609062195,,15,,,
1.2098257541656494,8,,,,32,0.7853335738182068,1.0824780464172363,,16,,,
0.0001931004080688581,9,,,,32,0.032904405146837234,0.010006492026150227,,17,,,
0.0040261647664010525,10,,,,32,0.0362158827483654,0.013683080673217773,,18,,,
0.005000703036785126,11,,,,32,0.07339683175086975,0.025519542396068573,,19,,,
0.003586528589949012,12,,,,32,0.0908016785979271,0.02975107543170452,,20,,,
0.02692425437271595,13,,,,32,0.12926138937473297,0.05762539431452751,,21,,,
0.00597974332049489,14,,,,32,0.05520826578140259,0.020748300477862358,,22,,,
0.0030612533446401358,15,,,,32,0.3811984956264496,0.11650242656469345,,23,,,
0.0004306104383431375,16,,,,32,0.1936924308538437,0.058409158140420914,,24,,,
0.01519473735243082,17,,,,32,0.21880310773849487,0.0762772485613823,,25,,,
1.9837956428527832,18,,,,32,1.3248721361160278,1.7861186265945435,,26,,,
0.0012946089264005423,19,,,,32,0.029253477230668068,0.009682269766926765,,27,,,
0.00019965562387369573,20,,,,32,0.00994278397411108,0.0031225942075252533,,28,,,
0.04806165397167206,21,,,,32,0.4291805922985077,0.1623973399400711,,29,,,
0.0046008918434381485,22,,,,32,0.10059625655412674,0.03339950367808342,,30,,,
0.0008224442135542631,23,,,,32,0.02683110348880291,0.008625042624771595,,31,,,
0.7559696435928345,24,,,,32,0.6909258961677551,0.7364565134048462,,32,,,
0.20684941112995148,25,,,,32,0.6506381630897522,0.33998602628707886,,33,,,
0.013368259184062481,26,,,,32,0.0994381532073021,0.03918922692537308,,34,,,
0.0009573881980031729,27,,,,32,0.029030300676822662,0.00937926210463047,,35,,,
0.0018882793374359608,28,,,,32,0.21917255222797394,0.06707356125116348,,36,,,
0.0004593271005433053,29,,,,32,0.0589224211871624,0.017998257651925087,,37,,,
0.0054110256023705006,30,,,,32,0.14159178733825684,0.04626525565981865,,38,,,
0.04005032777786255,31,,,,32,0.14566439390182495,0.07173454761505127,,39,,,
0.04888377711176872,32,,,,32,0.7816521525382996,0.2687143087387085,,40,,,
0.003671929705888033,33,,,,32,0.15965475142002106,0.05046677589416504,,41,,,
0.17807848751544952,34,,,,32,0.4460922181606293,0.25848260521888733,,42,,,
0.02133992686867714,35,,,,32,0.0723068118095398,0.036629993468523026,,43,,,
0.053376294672489166,36,,,,32,0.2570641338825226,0.11448265612125397,,44,,,
0.3018611669540405,37,,,,32,0.8074798583984375,0.45354676246643066,,45,,,
0.00010394509445177391,38,,,,32,0.13879235088825226,0.041710469871759415,,46,,,
0.14289139211177826,39,,,,32,0.2900172770023346,0.1870291531085968,,47,,,
0.00021002470748499036,40,,,,32,0.15906549990177155,0.04786667227745056,,48,,,
0.08457794785499573,41,,,,32,0.31006988883018494,0.152225524187088,,49,,,
0.012186357751488686,42,,,,32,0.18592052161693573,0.06430660933256149,,50,,,
0.348787784576416,43,,,,32,0.4173373281955719,0.36935263872146606,,51,,,
0.22370825707912445,44,,,,32,0.302913099527359,0.2474697232246399,,52,,,
0.0008690156391821802,45,,,,32,0.13283376395702362,0.04045844078063965,,53,,,
8.999896090244874e-05,46,,,,32,0.015004665590822697,0.004564399365335703,,54,,,
0.0071020061150193214,47,,,,32,0.16563355922698975,0.054661475121974945,,55,,,
0.16669800877571106,48,,,,32,0.42653754353523254,0.24464985728263855,,56,,,
0.0410020686686039,49,,,,32,0.15460802614688873,0.07508385181427002,,57,,,
0.10442188382148743,50,,,,32,0.1325734406709671,0.11286734789609909,,58,,,
0.011612086556851864,51,,,,32,0.03712409362196922,0.019265688955783844,,59,,,
0.7008808255195618,52,,,,32,0.6291763782501221,0.6793694496154785,,60,,,
0.24717600643634796,53,,,,32,0.433721661567688,0.30313971638679504,,61,,,
0.03781278803944588,54,,,,32,0.5377707481384277,0.18780018389225006,,62,,,
0.000771820661611855,55,,,,32,0.2415660172700882,0.07301007956266403,,63,,,
0.03732632100582123,56,,,,32,0.30461764335632324,0.11751372367143631,,64,,,
0.009070382453501225,57,,,,32,0.09188654273748398,0.03391522914171219,,65,,,
0.01774776168167591,58,,,,32,0.28753167390823364,0.0986829400062561,,66,,,
0.0021642851643264294,59,,,,32,0.018803054466843605,0.007155916187912226,,67,,,
0.0035551695618778467,60,,,,32,0.05501623824238777,0.018993491306900978,,68,,,
0.0008224442135542631,61,,,,32,0.0989299789071083,0.030254704877734184,,69,,,
0.00036161558819003403,62,,,,32,0.04207427427172661,0.01287541352212429,,70,,,
0.0005920564290136099,63,,,,32,0.6906206011772156,0.2076006382703781,,71,,,
0.0021266955882310867,64,,,,32,0.01894686184823513,0.007172745652496815,,72,,,
0.005854482762515545,65,,,,32,0.038969166576862335,0.015788888558745384,,73,,,
0.06467825919389725,66,,,,32,0.34998372197151184,0.15026989579200745,,74,,,
0.11111586540937424,67,,,,32,0.43749454617500305,0.20902946591377258,,75,,,
0.005051468964666128,68,,,,32,0.11416629701852798,0.03778591752052307,,76,,,
0.003460967680439353,69,,,,32,0.06046074628829956,0.02056090161204338,,77,,,
0.01786990277469158,70,,,,32,0.5741234421730042,0.18474596738815308,,78,,,
0.08316386491060257,71,,,,32,0.2925576865673065,0.14598201215267181,,79,,,
0.008562873117625713,72,,,,32,0.034341540187597275,0.016296474263072014,,80,,,
0.005707396660000086,73,,,,32,0.04753886163234711,0.018256837502121925,,81,,,
0.0028329261112958193,74,,,,32,0.051625799387693405,0.017470788210630417,,82,,,
0.0018657910404726863,75,,,,32,0.07605534791946411,0.024122659116983414,,83,,,
0.0001858300092862919,76,,,,32,0.01422164961695671,0.004396575968712568,,84,,,
0.0004990047891624272,77,,,,32,0.7815032601356506,0.2348002791404724,,85,,,
0.02280171401798725,78,,,,32,0.14496605098247528,0.059451017528772354,,86,,,
0.004966067150235176,79,,,,32,0.03940344229340553,0.015297280624508858,,87,,,
0.28303807973861694,80,,,,32,0.4926309585571289,0.3459159731864929,,88,,,
0.001262820791453123,81,,,,32,0.07233942300081253,0.022585801780223846,,89,,,
0.001942891743965447,82,,,,32,0.03601113334298134,0.012163364328444004,,90,,,
0.04521825537085533,83,,,,32,0.19038903713226318,0.08876949548721313,,91,,,
0.006215409375727177,84,,,,32,0.07493532449007034,0.026831384748220444,,92,,,
0.013404252007603645,85,,,,32,0.16465681791305542,0.05878002196550369,,93,,,
0.014648623764514923,86,,,,32,0.10553320497274399,0.04191400110721588,,94,,,
0.005337630398571491,87,,,,32,0.033178623765707016,0.013689928688108921,,95,,,
0.005307511892169714,88,,,,32,0.16725055873394012,0.05389042943716049,,96,,,
0.10890637338161469,89,,,,32,0.2793150544166565,0.16002897918224335,,97,,,
0.018804727122187614,90,,,,32,0.23271311819553375,0.08297724276781082,,98,,,
5.61460001335945e-05,91,,,,32,0.18546713888645172,0.05567944422364235,,99,,,
0.0015511397505179048,92,,,,32,0.2676786482334137,0.08138938993215561,,0,,,
0.01086663268506527,93,,,,32,0.09690176695585251,0.036677174270153046,,1,,,
0.07640793174505234,94,,,,32,0.13709093630313873,0.09461283683776855,,2,,,
0.010072828270494938,95,,,,32,0.04587087407708168,0.020812243223190308,,3,,,
0.09632545709609985,96,,,,32,0.20104674994945526,0.12774184346199036,,4,,,
0.15775710344314575,97,,,,32,0.21578378975391388,0.1751651167869568,,5,,,
0.03557310625910759,98,,,,32,0.18801629543304443,0.08130607008934021,,6,,,
0.007009321358054876,99,,,,32,1.8235167264938354,0.5519616007804871,,7,,,
0.0007601470570079982,100,,,,32,0.19792111217975616,0.059908438473939896,,8,,,
0.0024688737466931343,101,,,,32,0.35746219754219055,0.1089668795466423,,9,,,
0.0022499265614897013,102,,,,32,0.03211740776896477,0.01121017150580883,,10,,,
0.2773025333881378,103,,,,32,0.4015255868434906,0.3145694434642792,,11,,,
0.020901884883642197,104,,,,32,0.1595463752746582,0.06249523535370827,,12,,,
0.0072088842280209064,105,,,,32,0.2811351716518402,0.08938677608966827,,13,,,
0.0040901582688093185,106,,,,32,0.07219049334526062,0.024520259350538254,,14,,,
0.0056206281296908855,107,,,,32,0.0535750575363636,0.020006956532597542,,15,,,
0.017573131248354912,108,,,,32,0.3826873302459717,0.1271073967218399,,16,,,
0.045073769986629486,109,,,,32,0.10818737745285034,0.06400784850120544,,17,,,
0.05549710988998413,110,,,,32,0.1916002631187439,0.09632805734872818,,18,,,
0.07627251744270325,111,,,,32,0.07916300743818283,0.07713966071605682,,19,,,
0.00040058218291960657,112,,,,32,0.013114809058606625,0.004214850720018148,,20,,,
0.0009726322605274618,113,,,,32,0.03438182175159454,0.010995388962328434,,21,,,
0.021304918453097343,114,,,,32,0.14043547213077545,0.05704408511519432,,22,,,
0.0019365858752280474,115,,,,32,0.31470444798469543,0.09576694667339325,,23,,,
0.015582473017275333,116,,,,32,0.20509971678256989,0.07243764400482178,,24,,,
0.10939600318670273,117,,,,32,0.16992290318012238,0.12755407392978668,,25,,,
0.004196765832602978,118,,,,32,0.030191339552402496,0.011995138600468636,,26,,,
0.04093009606003761,119,,,,32,0.5304645299911499,0.1877904236316681,,27,,,
0.24527107179164886,120,,,,32,0.6236681938171387,0.35879021883010864,,28,,,
0.004584278911352158,121,,,,32,0.05234585329890251,0.018912751227617264,,29,,,
2.1934269170742482e-05,122,,,,32,0.5099393725395203,0.15299716591835022,,30,,,
0.030007386580109596,123,,,,32,0.436944842338562,0.15208862721920013,,31,,,
0.01937815733253956,124,,,,32,0.2925407886505127,0.10132694244384766,,32,,,
0.012733464129269123,125,,,,32,0.2746260166168213,0.09130123257637024,,33,,,
0.3218882381916046,126,,,,32,0.502262532711029,0.3760005235671997,,34,,,
9.452849917579442e-05,127,,,,32,0.7933492660522461,0.23807096481323242,,35,,,
0.044600628316402435,128,,,,32,0.39485272765159607,0.14967626333236694,,36,,,
0.004107017070055008,129,,,,32,0.08696141839027405,0.02896333858370781,,37,,,
0.00011050090688513592,130,,,,32,0.011602610349655151,0.003558133728802204,,38,,,
0.00274757225997746,131,,,,32,0.30403104424476624,0.0931326150894165,,39,,,
0.0007858763565309346,132,,,,32,0.021196024492383003,0.006908921059221029,,40,,,
0.5312715768814087,133,,,,32,0.575742244720459,0.5446127653121948,,41,,,
0.002280493965372443,134,,,,32,0.1288970559835434,0.040265463292598724,,42,,,
0.02035362459719181,135,,,,32,0.07848208397626877,0.03779216110706329,,43,,,
1.836754560470581,136,,,,32,0.5134512782096863,1.4397635459899902,,44,,,
0.012497915886342525,137,,,,32,0.03309781104326248,0.018677884712815285,,45,,,
0.0030065830796957016,138,,,,32,0.028491968289017677,0.010652199387550354,,46,,,
0.02861240692436695,139,,,,32,0.13571813702583313,0.06074412539601326,,47,,,
0.005619324278086424,140,,,,32,0.05816403031349182,0.021382736042141914,,48,,,
0.020885774865746498,141,,,,32,0.4580508768558502,0.15203531086444855,,49,,,
0.001462819636799395,142,,,,32,0.00960637629032135,0.0039058867841959,,50,,,
0.002476127352565527,143,,,,32,0.03248301520943642,0.011478194035589695,,51,,,
0.020814323797822,144,,,,32,0.13266952335834503,0.05437088757753372,,52,,,
0.18027964234352112,145,,,,32,0.3741253912448883,0.2384333610534668,,53,,,
0.0202473234385252,146,,,,32,0.29699817299842834,0.10327257961034775,,54,,,
0.025577254593372345,147,,,,32,0.07633992284536362,0.04080605506896973,,55,,,
0.0013488966505974531,148,,,,32,0.005215553101152182,0.002508893609046936,,56,,,
3.969590397900902e-05,149,,,,32,0.008938956074416637,0.0027094741817563772,,57,,,
0.0010727847693488002,150,,,,32,0.01963202841579914,0.006640558131039143,,58,,,
0.01463499665260315,151,,,,32,0.07705605775117874,0.03336131572723389,,59,,,
0.0005449955351650715,152,,,,32,0.0098252659663558,0.0033290768042206764,,60,,,
0.13475902378559113,153,,,,32,0.36181655526161194,0.2028762847185135,,61,,,
0.42300742864608765,154,,,,32,0.4826066195964813,0.4408872127532959,,62,,,
1.985107183456421,155,,,,32,1.6323236227035522,1.8792721033096313,,63,,,
0.13653725385665894,156,,,,32,0.26913145184516907,0.1763155162334442,,64,,,
5.435886859893799,157,,,,32,0.46123674511909485,3.9434916973114014,,65,,,
0.020115775987505913,158,,,,32,0.36181899905204773,0.12262675166130066,,66,,,
0.003153472673147917,159,,,,32,0.02881597727537155,0.010852224193513393,,67,,,
0.016868330538272858,160,,,,32,0.10979967564344406,0.0447477325797081,,68,,,
0.0014147283509373665,161,,,,32,0.02924623154103756,0.009764179587364197,,69,,,
0.06734224408864975,162,,,,32,0.22192437946796417,0.11371688544750214,,70,,,
0.0027388939633965492,163,,,,32,0.044220250099897385,0.015183301642537117,,71,,,
0.00032026408007368445,164,,,,32,0.012111972086131573,0.0038577767554670572,,72,,,
0.1618431955575943,165,,,,32,0.26601073145866394,0.1930934488773346,,73,,,
0.012411617673933506,166,,,,32,0.08109205961227417,0.03301575034856796,,74,,,
0.00018487652414478362,167,,,,32,0.2757974863052368,0.08286866545677185,,75,,,
0.00014888131408952177,168,,,,32,0.03191854804754257,0.009679781273007393,,76,,,
0.015941197052598,169,,,,32,0.2744552195072174,0.09349540621042252,,77,,,
0.009757679887115955,170,,,,32,0.04100596532225609,0.019132167100906372,,78,,,
0.0055014872923493385,171,,,,32,0.12112148851156235,0.04018748924136162,,79,,,
0.016302136704325676,172,,,,32,0.47422102093696594,0.1536778211593628,,80,,,
0.09158110618591309,173,,,,32,0.3302837908267975,0.16319191455841064,,81,,,
0.006592667195945978,174,,,,32,0.9718860983848572,0.29618069529533386,,82,,,
0.9633100032806396,175,,,,32,0.9241609573364258,0.9515652656555176,,83,,,
0.002309514442458749,176,,,,32,0.06077377870678902,0.019848795607686043,,84,,,
0.002986615989357233,177,,,,32,0.03198717534542084,0.011686784215271473,,85,,,
0.0940806120634079,178,,,,32,0.3545680046081543,0.17222683131694794,,86,,,
0.07766008377075195,179,,,,32,0.7713151574134827,0.2857566177845001,,87,,,
0.0008454324561171234,180,,,,32,0.0793621614575386,0.02440045215189457,,88,,,
0.5595320463180542,181,,,,32,0.5832654237747192,0.5666520595550537,,89,,,
0.010025149211287498,182,,,,32,0.10206311196088791,0.03763653710484505,,90,,,
0.055304475128650665,183,,,,32,0.34239768981933594,0.14143244922161102,,91,,,
0.015868335962295532,184,,,,32,0.5532872676849365,0.1770940124988556,,92,,,
0.0031767638865858316,185,,,,32,0.05772470310330391,0.019541148096323013,,93,,,
0.004597094841301441,186,,,,32,0.09993810206651688,0.03319939970970154,,94,,,
0.00868129450827837,187,,,,32,0.039721544831991196,0.017993370071053505,,95,,,
0.010000482201576233,188,,,,32,0.0387955941259861,0.018639016896486282,,96,,,
0.01323345024138689,189,,,,32,0.1568925529718399,0.05633118376135826,,97,,,
0.0011722128838300705,190,,,,32,0.0189573522657156,0.006507755257189274,,98,,,
0.11490686237812042,191,,,,32,0.6605843901634216,0.27861011028289795,,99,,,
1.768119215965271,192,,,,32,1.2494539022445679,1.61251962184906,,0,,,
0.02315564453601837,193,,,,32,0.25698983669281006,0.09330590069293976,,1,,,
0.19763392210006714,194,,,,32,0.3954193592071533,0.25696954131126404,,2,,,
0.19668518006801605,195,,,,32,0.7383776307106018,0.3591929078102112,,3,,,
0.05352489650249481,196,,,,32,0.5256812572479248,0.1951718032360077,,4,,,
0.020409222692251205,197,,,,32,0.05667846277356148,0.03128999471664429,,5,,,
0.0005073452484793961,198,,,,32,0.006616343278437853,0.0023400448262691498,,6,,,
0.01937558501958847,199,,,,32,0.2855289578437805,0.0992216020822525,,7,,,
0.009947961196303368,200,,,,32,0.6702280640602112,0.20803199708461761,,8,,,
0.04127458110451698,201,,,,32,0.24774380028247833,0.10321534425020218,,9,,,
0.004433208145201206,202,,,,32,0.03332848846912384,0.013101792894303799,,10,,,
0.006660286337137222,203,,,,32,0.30732113122940063,0.09685854613780975,,11,,,
0.0191804226487875,204,,,,32,0.41646742820739746,0.13836652040481567,,12,,,
0.0009999042376875877,205,,,,32,0.11368012428283691,0.03480397164821625,,13,,,
0.026656856760382652,206,,,,32,0.31458088755607605,0.11303406953811646,,14,,,
0.002435457892715931,207,,,,32,0.01976977474987507,0.007635753136128187,,15,,,
0.0035961500834673643,208,,,,32,0.018017204478383064,0.007922466844320297,,16,,,
0.000491855782456696,209,,,,32,0.17876596748828888,0.05397409200668335,,17,,,
0.00044204952428117394,210,,,,32,0.01750708557665348,0.005561560392379761,,18,,,
0.8285753726959229,211,,,,32,1.009437918663025,0.8828340768814087,,19,,,
0.007112540304660797,212,,,,32,0.07189851254224777,0.02654833160340786,,20,,,
0.011889191344380379,213,,,,32,0.1895233392715454,0.06517943739891052,,21,,,
0.0027437680400907993,214,,,,32,0.010927066206932068,0.005198757629841566,,22,,,
0.006288621574640274,215,,,,32,0.045051246881484985,0.017917409539222717,,23,,,
0.0006946296198293567,216,,,,32,0.042569849640131,0.013257196173071861,,24,,,
0.053006336092948914,217,,,,32,0.17743666470050812,0.0903354361653328,,25,,,
0.000736918649636209,218,,,,32,0.006934321951121092,0.0025961396750062704,,26,,,
0.00019643761334009469,219,,,,32,0.00479651615023613,0.0015764611307531595,,27,,,
0.0037604111712425947,220,,,,32,0.4271846115589142,0.1307876855134964,,28,,,
0.0006865289760753512,221,,,,32,0.052564021199941635,0.016249777749180794,,29,,,
0.004978640470653772,222,,,,32,0.2877826392650604,0.08981984108686447,,30,,,
2.0461297035217285,223,,,,32,1.0581748485565186,1.7497432231903076,,31,,,
0.0001951265730895102,224,,,,32,0.017106955870985985,0.0052686757408082485,,32,,,
0.08820321410894394,225,,,,32,0.32805609703063965,0.16015908122062683,,33,,,
0.013607599772512913,226,,,,32,0.1340886652469635,0.049751922488212585,,34,,,
0.14060722291469574,227,,,,32,1.0020416975021362,0.39903756976127625,,35,,,
0.07341505587100983,228,,,,32,0.18215727806091309,0.10603772103786469,,36,,,
0.007335869129747152,229,,,,32,0.045615553855895996,0.01881977543234825,,37,,,
0.053118932992219925,230,,,,32,0.10895261913537979,0.0698690414428711,,38,,,
0.0004009396652691066,231,,,,32,0.009779680520296097,0.003214562078937888,,39,,,
0.010609177872538567,232,,,,32,0.11468014866113663,0.04183047264814377,,40,,,
0.02316111885011196,233,,,,32,0.09107527881860733,0.04353536665439606,,41,,,
0.0296543687582016,234,,,,32,0.25003495812416077,0.09576854854822159,,42,,,
0.11445117741823196,235,,,,32,0.23416763544082642,0.15036612749099731,,43,,,
0.009100032970309258,236,,,,32,0.07491565495729446,0.028844719752669334,,44,,,
0.003048061393201351,237,,,,32,0.02202744223177433,0.008741876110434532,,45,,,
0.031967371702194214,238,,,,32,0.09034831076860428,0.049481652677059174,,46,,,
0.011132980696856976,239,,,,32,0.05360648036003113,0.023875031620264053,,47,,,
0.023025410249829292,240,,,,32,0.11212626844644547,0.04975567013025284,,48,,,
0.0005498804384842515,241,,,,32,0.02049432322382927,0.006533213425427675,,49,,,
0.02867693081498146,242,,,,32,0.24641664326190948,0.09399884939193726,,50,,,
1.3481864929199219,243,,,,32,1.056439757347107,1.2606624364852905,,51,,,
0.00029905137489549816,244,,,,32,0.026036962866783142,0.008020425215363503,,52,,,
0.0005808573332615197,245,,,,32,0.3958246409893036,0.11915399879217148,,53,,,
0.0022128161508589983,246,,,,32,0.11341431736946106,0.03557327017188072,,54,,,
5.07818695041351e-05,247,,,,32,0.05413663759827614,0.016276538372039795,,55,,,
0.00037698791129514575,248,,,,32,0.0843607559800148,0.025572119280695915,,56,,,
0.45923468470573425,249,,,,32,1.442979335784912,0.7543580532073975,,57,,,
0.0001746263587847352,250,,,,32,0.010139399208128452,0.00316405831836164,,58,,,
0.0011156531982123852,251,,,,32,0.1770232915878296,0.053887948393821716,,59,,,
0.15826928615570068,252,,,,32,0.48934459686279297,0.2575918734073639,,60,,,
0.3115222156047821,253,,,,32,0.3361777365207672,0.3189188838005066,,61,,,
0.002274547005072236,254,,,,32,0.054494887590408325,0.017940649762749672,,62,,,
0.020487943664193153,255,,,,32,0.6975383758544922,0.22360308468341827,,63,,,
0.0010374169796705246,256,,,,32,0.0370161347091198,0.011831033043563366,,64,,,
0.001718236249871552,257,,,,32,0.01853841543197632,0.006764290388673544,,65,,,
0.3572632670402527,258,,,,32,1.1965967416763306,0.6090633273124695,,66,,,
0.222601056098938,259,,,,32,0.35911643505096436,0.2635556757450104,,67,,,
0.0024942022282630205,260,,,,32,0.020720770582556725,0.007962172850966454,,68,,,
0.009005643427371979,261,,,,32,0.12803877890110016,0.04471558704972267,,69,,,
0.05783173441886902,262,,,,32,0.28230100870132446,0.12517251074314117,,70,,,
0.006724940147250891,263,,,,32,0.04340358451008797,0.0177285335958004,,71,,,
0.11498379707336426,264,,,,32,0.5773434042930603,0.2536916732788086,,72,,,
0.10417819023132324,265,,,,32,0.6005932688713074,0.25310271978378296,,73,,,
0.10133150219917297,266,,,,32,0.30342522263526917,0.16195961833000183,,74,,,
0.0010553987231105566,267,,,,32,0.025271296501159668,0.008320167660713196,,75,,,
,,,,,32,,,,76,0.16418462991714478,0.7894737124443054,0.7546055912971497
0.015255085192620754,0,,,,33,0.43393680453300476,0.14085960388183594,,77,,,
0.0012879418209195137,1,,,,33,0.020324941724538803,0.006999042350798845,,78,,,
0.06315997242927551,2,,,,33,0.17168664932250977,0.09571798145771027,,79,,,
0.009476322680711746,3,,,,33,0.08110461384057999,0.030964810401201248,,80,,,
0.6679797768592834,4,,,,33,0.7054356932640076,0.6792165637016296,,81,,,
0.014032509177923203,5,,,,33,0.06039360165596008,0.027940837666392326,,82,,,
0.002450560452416539,6,,,,33,0.151730015873909,0.04723439738154411,,83,,,
0.020791789516806602,7,,,,33,0.060493841767311096,0.032702408730983734,,84,,,
0.017513509839773178,8,,,,33,0.157857283949852,0.05961664393544197,,85,,,
0.0006413786904886365,9,,,,33,0.025175295770168304,0.008001553826034069,,86,,,
0.001392586505971849,10,,,,33,0.027055932208895683,0.009091590531170368,,87,,,
0.007543294224888086,11,,,,33,0.09595010429620743,0.03406533971428871,,88,,,
0.0054723224602639675,12,,,,33,0.09545553475618362,0.03246728703379631,,89,,,
0.0019151695305481553,13,,,,33,0.026905955746769905,0.009412405081093311,,90,,,
0.0023523299023509026,14,,,,33,0.418589323759079,0.1272234469652176,,91,,,
0.012845508754253387,15,,,,33,0.12013512849807739,0.04503239691257477,,92,,,
0.007917804643511772,16,,,,33,0.09280124306678772,0.0333828367292881,,93,,,
1.9071567058563232,17,,,,33,1.0002578496932983,1.635087013244629,,94,,,
0.0011709030950441957,18,,,,33,0.04653339087963104,0.014779649674892426,,95,,,
0.024712011218070984,19,,,,33,0.3210178017616272,0.11360375583171844,,96,,,
0.0025638823863118887,20,,,,33,0.479817271232605,0.14573989808559418,,97,,,
0.00020883286197204143,21,,,,33,0.03514254465699196,0.010688946582376957,,98,,,
0.0019507441902533174,22,,,,33,0.03887302055954933,0.013027427718043327,,99,,,
0.06082857400178909,23,,,,33,0.33694198727607727,0.14366260170936584,,0,,,
0.0017225203337147832,24,,,,33,0.05021963641047478,0.01627165637910366,,1,,,
0.018388746306300163,25,,,,33,0.10512565821409225,0.044409822672605515,,2,,,
0.003173436503857374,26,,,,33,0.11365077644586563,0.0363166406750679,,3,,,
0.14523108303546906,27,,,,33,0.9609238505363464,0.38993895053863525,,4,,,
0.021438177675008774,28,,,,33,0.39831599593162537,0.13450153172016144,,5,,,
0.000641974329482764,29,,,,33,0.21385939419269562,0.06460720300674438,,6,,,
0.0014384171226993203,30,,,,33,0.03973645716905594,0.012927829287946224,,7,,,
0.08315432071685791,31,,,,33,0.27983930706977844,0.1421598196029663,,8,,,
0.2735646367073059,32,,,,33,0.5937116146087646,0.36960873007774353,,9,,,
0.004857880994677544,33,,,,33,0.280888170003891,0.08766697347164154,,10,,,
7.009260298218578e-05,34,,,,33,0.035145003348588943,0.01059256587177515,,11,,,
0.005633312277495861,35,,,,33,0.06340337544679642,0.02296433225274086,,12,,,
0.0007176207727752626,36,,,,33,0.03532615676522255,0.011100182309746742,,13,,,
0.027839990332722664,37,,,,33,0.12730325758457184,0.05767897516489029,,14,,,
0.002409533131867647,38,,,,33,0.2340969294309616,0.07191575318574905,,15,,,
0.025577487424016,39,,,,33,0.3618721067905426,0.12646587193012238,,16,,,
0.015468151308596134,40,,,,33,0.044106822460889816,0.024059753865003586,,17,,,
0.002947393339127302,41,,,,33,0.2962827682495117,0.09094800800085068,,18,,,
0.0037285825237631798,42,,,,33,0.03836289048194885,0.014118874445557594,,19,,,
0.0018273574532940984,43,,,,33,0.12055572122335434,0.03744586557149887,,20,,,
0.027971569448709488,44,,,,33,0.1615954041481018,0.06805872172117233,,21,,,
0.0004907834227196872,45,,,,33,0.517257034778595,0.15552066266536713,,22,,,
0.00697866128757596,46,,,,33,0.0848056897521019,0.03032677061855793,,23,,,
0.04276362061500549,47,,,,33,0.536980390548706,0.1910286694765091,,24,,,
0.00330414273776114,48,,,,33,0.039748650044202805,0.014237495139241219,,25,,,
0.005660101771354675,49,,,,33,0.06056506931781769,0.02213159389793873,,26,,,
0.0007817073492333293,50,,,,33,0.1862553358078003,0.05642379820346832,,27,,,
1.3403276205062866,51,,,,33,1.1844186782836914,1.2935549020767212,,28,,,
0.025657080113887787,52,,,,33,0.22671006619930267,0.08597297966480255,,29,,,
0.041264746338129044,53,,,,33,0.31240198016166687,0.12260591983795166,,30,,,
0.3235597312450409,54,,,,33,0.35437944531440735,0.3328056335449219,,31,,,
0.0017220443114638329,55,,,,33,0.023963654413819313,0.00839452724903822,,32,,,
0.006588640622794628,56,,,,33,0.24914246797561646,0.07935479283332825,,33,,,
0.0035163257271051407,57,,,,33,0.07352237403392792,0.024518141523003578,,34,,,
0.06043599918484688,58,,,,33,0.6625974178314209,0.24108444154262543,,35,,,
0.042944297194480896,59,,,,33,0.31161680817604065,0.1235460489988327,,36,,,
0.00014828535495325923,60,,,,33,0.24413059651851654,0.07334298640489578,,37,,,
0.000447530735982582,61,,,,33,0.010737714357674122,0.0035345859359949827,,38,,,
0.0030688594561070204,62,,,,33,0.3269910216331482,0.10024551302194595,,39,,,
0.0013344916515052319,63,,,,33,0.028726821765303612,0.009552191011607647,,40,,,
0.02164643071591854,64,,,,33,0.3692844808101654,0.12593784928321838,,41,,,
0.003536044852808118,65,,,,33,0.029052162542939186,0.011190880089998245,,42,,,
0.0068467771634459496,66,,,,33,0.05705994740128517,0.02191072888672352,,43,,,
0.00804174318909645,67,,,,33,0.07358852028846741,0.027705777436494827,,44,,,
0.006725532468408346,68,,,,33,0.04474496841430664,0.01813136413693428,,45,,,
0.038920316845178604,69,,,,33,0.362344890832901,0.13594768941402435,,46,,,
0.0005946775199845433,70,,,,33,0.031014597043395042,0.009720653295516968,,47,,,
0.01372060552239418,71,,,,33,0.1715589314699173,0.061072107404470444,,48,,,
0.7467543482780457,72,,,,33,0.6982466578483582,0.7322020530700684,,49,,,
0.00011836781777674332,73,,,,33,0.014955323189496994,0.004569454584270716,,50,,,
0.0374094620347023,74,,,,33,0.15207038819789886,0.07180774211883545,,51,,,
0.0016039852052927017,75,,,,33,0.02718007005751133,0.00927681103348732,,52,,,
0.03574807196855545,76,,,,33,0.1498464196920395,0.06997758150100708,,53,,,
0.15277640521526337,77,,,,33,0.2910286486148834,0.19425207376480103,,54,,,
0.15730443596839905,78,,,,33,0.4926079511642456,0.25789549946784973,,55,,,
0.0134230712428689,79,,,,33,0.25573620200157166,0.08611701428890228,,56,,,
0.001803796854801476,80,,,,33,0.35395798087120056,0.10745005309581757,,57,,,
0.4122341275215149,81,,,,33,0.646050214767456,0.4823789596557617,,58,,,
0.00992494449019432,82,,,,33,0.10232993215322495,0.03764644265174866,,59,,,
0.00019703354337252676,83,,,,33,0.16088376939296722,0.0484030582010746,,60,,,
0.003528798697516322,84,,,,33,0.16682185232639313,0.052516717463731766,,61,,,
0.012361930683255196,85,,,,33,0.09717533737421036,0.0378059521317482,,62,,,
0.003360222326591611,86,,,,33,0.0233429167419672,0.009355030953884125,,63,,,
0.0018009409541264176,87,,,,33,0.013099588453769684,0.005190535448491573,,64,,,
0.018993878737092018,88,,,,33,0.28008028864860535,0.09731980413198471,,65,,,
0.0106190862134099,89,,,,33,0.12896396219730377,0.04612255096435547,,66,,,
0.014366877265274525,90,,,,33,0.43603038787841797,0.14086593687534332,,67,,,
0.013098505325615406,91,,,,33,0.1462210714817047,0.053035274147987366,,68,,,
0.0012525817146524787,92,,,,33,0.011136677116155624,0.004217810463160276,,69,,,
0.000803505361545831,93,,,,33,0.014809231273829937,0.005005223210901022,,70,,,
0.12624448537826538,94,,,,33,0.43941810727119446,0.22019657492637634,,71,,,
0.03208397701382637,95,,,,33,0.21782366931438446,0.08780588954687119,,72,,,
0.0021222943905740976,96,,,,33,0.2362929731607437,0.07237350195646286,,73,,,
0.0005703729693777859,97,,,,33,0.013967719860374928,0.004589577205479145,,74,,,
0.06643789261579514,98,,,,33,0.40664663910865784,0.16850051283836365,,75,,,
0.20767486095428467,99,,,,33,0.590622067451477,0.32255902886390686,,76,,,
0.00037472377880476415,100,,,,33,0.15012075006961823,0.04529853165149689,,77,,,
0.14051368832588196,101,,,,33,0.4224530756473541,0.22509551048278809,,78,,,
0.13389833271503448,102,,,,33,0.2845020294189453,0.17907944321632385,,79,,,
0.00014077626110520214,103,,,,33,0.006243246141821146,0.0019715172238647938,,80,,,
0.11112994700670242,104,,,,33,0.5591516494750977,0.2455364614725113,,81,,,
0.0574813112616539,105,,,,33,0.34169986844062805,0.14274688065052032,,82,,,
0.44492965936660767,106,,,,33,0.7154244780540466,0.5260781049728394,,83,,,
0.0034967251121997833,107,,,,33,0.048134882003068924,0.016888171434402466,,84,,,
0.00016032364510465413,108,,,,33,0.04507378116250038,0.013634361326694489,,85,,,
0.03580431640148163,109,,,,33,0.34188440442085266,0.12762834131717682,,86,,,
0.10121828317642212,110,,,,33,0.7976998686790466,0.310162752866745,,87,,,
0.00023898606013972312,111,,,,33,0.021913887932896614,0.006741456687450409,,88,,,
0.04857063665986061,112,,,,33,0.18859665095806122,0.09057844430208206,,89,,,
0.0005141366855241358,113,,,,33,0.09734451025724411,0.02956325002014637,,90,,,
0.14480294287204742,114,,,,33,0.8286614418029785,0.3499605059623718,,91,,,
0.14087989926338196,115,,,,33,0.6136817336082458,0.2827204465866089,,92,,,
0.0028140253853052855,116,,,,33,0.08619453758001328,0.02782818116247654,,93,,,
0.0952548235654831,117,,,,33,0.4353363811969757,0.19727928936481476,,94,,,
0.7222568988800049,118,,,,33,0.9475777745246887,0.7898532152175903,,95,,,
0.0053977458737790585,119,,,,33,0.5710813403129578,0.1751028299331665,,96,,,
0.038020987063646317,120,,,,33,0.5702750086784363,0.1976972073316574,,97,,,
0.03193007782101631,121,,,,33,0.2146342396736145,0.08674132823944092,,98,,,
0.007476444821804762,122,,,,33,0.09739097207784653,0.03445080667734146,,99,,,
0.0013823487097397447,123,,,,33,0.009755750186741352,0.003894369350746274,,0,,,
0.00433327304199338,124,,,,33,0.08371338248252869,0.02814730815589428,,1,,,
0.06829186528921127,125,,,,33,0.43629586696624756,0.17869305610656738,,2,,,
0.009342878125607967,126,,,,33,0.14002066850662231,0.04854621738195419,,3,,,
0.003762311302125454,127,,,,33,0.10704963654279709,0.03474850952625275,,4,,,
0.006777986418455839,128,,,,33,0.08444759249687195,0.030078869313001633,,5,,,
0.005283084698021412,129,,,,33,0.16871820390224457,0.054313622415065765,,6,,,
0.00016640232934150845,130,,,,33,0.0058594332076609135,0.0018743117107078433,,7,,,
0.08165659755468369,131,,,,33,0.23258350789546967,0.12693467736244202,,8,,,
0.26919591426849365,132,,,,33,0.5226723551750183,0.3452388644218445,,9,,,
0.01175111997872591,133,,,,33,0.025551384314894676,0.015891199931502342,,10,,,
8.165503095369786e-05,134,,,,33,0.013479955494403839,0.004101145546883345,,11,,,
0.17083723843097687,135,,,,33,0.1693345159292221,0.1703864187002182,,12,,,
0.0031932813581079245,136,,,,33,0.040832605212926865,0.014485078863799572,,13,,,
0.002208653138950467,137,,,,33,0.039263878017663956,0.01332522090524435,,14,,,
0.004222525749355555,138,,,,33,0.07610490918159485,0.025787241756916046,,15,,,
0.03055928461253643,139,,,,33,0.4856548309326172,0.16708795726299286,,16,,,
0.013680743053555489,140,,,,33,0.02865234762430191,0.01817222498357296,,17,,,
0.051165688782930374,141,,,,33,0.21153433620929718,0.09927628934383392,,18,,,
1.1182162761688232,142,,,,33,1.1531085968017578,1.1286840438842773,,19,,,
0.001859127776697278,143,,,,33,0.5204041600227356,0.15742264688014984,,20,,,
0.5993096828460693,144,,,,33,0.6185426712036133,0.6050795912742615,,21,,,
0.3705264925956726,145,,,,33,0.7965359687805176,0.4983293414115906,,22,,,
0.010431528091430664,146,,,,33,0.07848244905471802,0.03084680624306202,,23,,,
0.002025458961725235,147,,,,33,0.021734559908509254,0.007938189432024956,,24,,,
0.00447189761325717,148,,,,33,0.09358405321836472,0.031205544248223305,,25,,,
0.389915406703949,149,,,,33,0.6842169165611267,0.4782058596611023,,26,,,
0.0011363723315298557,150,,,,33,0.024928545579314232,0.008274024352431297,,27,,,
1.6780879497528076,151,,,,33,1.153610110282898,1.5207445621490479,,28,,,
0.3011409342288971,152,,,,33,0.4916285574436188,0.3582872152328491,,29,,,
0.00047195740626193583,153,,,,33,0.009950445033609867,0.0033155037090182304,,30,,,
0.0095830662176013,154,,,,33,0.05930105969309807,0.02449846640229225,,31,,,
0.1704528033733368,155,,,,33,0.3116382658481598,0.21280843019485474,,32,,,
0.0012315078638494015,156,,,,33,0.01932753063738346,0.006660314742475748,,33,,,
0.06535676121711731,157,,,,33,1.769741415977478,0.5766721963882446,,34,,,
0.00042548662167973816,158,,,,33,0.003898806171491742,0.0014674824196845293,,35,,,
0.0981888622045517,159,,,,33,0.4301795959472656,0.1977860927581787,,36,,,
0.00415426678955555,160,,,,33,0.022447118535637856,0.009642122313380241,,37,,,
0.0010786197381094098,161,,,,33,0.11283447593450546,0.03460538014769554,,38,,,
0.1409468799829483,162,,,,33,0.27949532866477966,0.18251141905784607,,39,,,
0.019577020779252052,163,,,,33,0.0637693777680397,0.0328347310423851,,40,,,
0.07253437489271164,164,,,,33,0.14448942244052887,0.09412088990211487,,41,,,
0.004112003371119499,165,,,,33,0.041507113724946976,0.015330537222325802,,42,,,
0.0008203001925721765,166,,,,33,0.011148522607982159,0.003918766975402832,,43,,,
0.0022788289934396744,167,,,,33,0.171209454536438,0.05295801907777786,,44,,,
0.014341730624437332,168,,,,33,0.1592748463153839,0.057821664959192276,,45,,,
0.0005267662927508354,169,,,,33,0.037983886897563934,0.011763903312385082,,46,,,
0.009575391188263893,170,,,,33,0.04382528364658356,0.019850360229611397,,47,,,
0.00532185984775424,171,,,,33,0.0693349838256836,0.024525796994566917,,48,,,
0.007976345717906952,172,,,,33,0.05096659064292908,0.02087341994047165,,49,,,
6.4490144723095e-05,173,,,,33,0.6297959685325623,0.1889839470386505,,50,,,
0.0023454318288713694,174,,,,33,0.03277572616934776,0.011474520899355412,,51,,,
0.0023819427005946636,175,,,,33,0.4177205264568329,0.12698352336883545,,52,,,
0.010073063895106316,176,,,,33,0.032567501068115234,0.016821395605802536,,53,,,
0.005401421803981066,177,,,,33,0.08254366368055344,0.028544094413518906,,54,,,
0.008981778286397457,178,,,,33,0.036728158593177795,0.01730569265782833,,55,,,
0.03209921717643738,179,,,,33,0.28296414017677307,0.10735870152711868,,56,,,
0.0002450642641633749,180,,,,33,0.32255253195762634,0.09693730622529984,,57,,,
0.006226663943380117,181,,,,33,0.09367021918296814,0.03245973214507103,,58,,,
0.07109559327363968,182,,,,33,0.25093168020248413,0.12504641711711884,,59,,,
0.0358830988407135,183,,,,33,0.44991055130958557,0.1600913405418396,,60,,,
0.017098866403102875,184,,,,33,0.061848610639572144,0.030523788183927536,,61,,,
0.0005105622112751007,185,,,,33,0.023542053997516632,0.007420009933412075,,62,,,
0.00636384217068553,186,,,,33,0.01619686931371689,0.009313751012086868,,63,,,
0.0014431786257773638,187,,,,33,0.01294904574751854,0.004894938785582781,,64,,,
0.0022864409256726503,188,,,,33,0.05049963295459747,0.01675039902329445,,65,,,
0.0016900317277759314,189,,,,33,0.05969579890370369,0.019091762602329254,,66,,,
0.03421905264258385,190,,,,33,0.3798280656337738,0.13790176808834076,,67,,,
0.0012972281547263265,191,,,,33,0.02691013552248478,0.008981101214885712,,68,,,
0.012033957988023758,192,,,,33,0.08088270574808121,0.03268858417868614,,69,,,
0.007490525022149086,193,,,,33,0.046976637095212936,0.019336359575390816,,70,,,
4.8040190449682996e-05,194,,,,33,0.5020546913146973,0.1506500393152237,,71,,,
0.0022232832852751017,195,,,,33,0.016440952196717262,0.006488583981990814,,72,,,
0.022945374250411987,196,,,,33,0.28608161211013794,0.10188625007867813,,73,,,
0.020620493218302727,197,,,,33,1.0690382719039917,0.33514583110809326,,74,,,
0.10225328058004379,198,,,,33,0.8527221083641052,0.32739394903182983,,75,,,
0.002179034985601902,199,,,,33,0.03387308120727539,0.01168724987655878,,76,,,
0.005537171848118305,200,,,,33,0.0486062727868557,0.01845790259540081,,77,,,
0.0011518517276272178,201,,,,33,0.11417276412248611,0.03505812585353851,,78,,,
0.46986663341522217,202,,,,33,0.8656050562858582,0.5885881185531616,,79,,,
0.012693444266915321,203,,,,33,0.12043014913797379,0.045014455914497375,,80,,,
0.8067161440849304,204,,,,33,0.6836919784545898,0.7698088884353638,,81,,,
0.024743063375353813,205,,,,33,0.1616230607032776,0.06580706685781479,,82,,,
0.00047851080307736993,206,,,,33,0.015224054455757141,0.0049021742306649685,,83,,,
0.0118910763412714,207,,,,33,0.30618494749069214,0.10017924010753632,,84,,,
0.826727569103241,208,,,,33,0.853595495223999,0.8347879648208618,,85,,,
0.018864857032895088,209,,,,33,0.4686850309371948,0.15381090342998505,,86,,,
0.003498744685202837,210,,,,33,0.059704165905714035,0.020360371097922325,,87,,,
0.006233416497707367,211,,,,33,0.13538913428783417,0.044980134814977646,,88,,,
0.005142793525010347,212,,,,33,0.23044468462467194,0.07273336499929428,,89,,,
0.010580398142337799,213,,,,33,0.06267332285642624,0.02620827779173851,,90,,,
0.0008407871937379241,214,,,,33,0.06710004061460495,0.020718563348054886,,91,,,
0.3131251633167267,215,,,,33,0.6507656574249268,0.4144173264503479,,92,,,
0.07195170223712921,216,,,,33,0.7548143267631531,0.27681049704551697,,93,,,
0.0017414417816326022,217,,,,33,0.02082008868455887,0.00746503658592701,,94,,,
0.032572191208601,218,,,,33,0.5349436402320862,0.18328362703323364,,95,,,
0.006163162179291248,219,,,,33,0.4740762412548065,0.14653709530830383,,96,,,
0.00010740180005086586,220,,,,33,0.00863028597086668,0.002664267085492611,,97,,,
0.1300259679555893,221,,,,33,0.9595152735710144,0.37887275218963623,,98,,,
0.028795775026082993,222,,,,33,0.10635394603013992,0.0520632266998291,,99,,,
0.0014160377904772758,223,,,,33,0.0188591368496418,0.00664896797388792,,0,,,
0.10421793162822723,224,,,,33,0.5013602375984192,0.22336062788963318,,1,,,
0.056486211717128754,225,,,,33,0.3168707489967346,0.13460157811641693,,2,,,
0.0024177387822419405,226,,,,33,0.026154935359954834,0.00953889824450016,,3,,,
0.02417910099029541,227,,,,33,0.559121310710907,0.18466176092624664,,4,,,
0.028298644348978996,228,,,,33,0.2965632975101471,0.10877804458141327,,5,,,
0.00127948890440166,229,,,,33,0.04003554582595825,0.012906307354569435,,6,,,
0.007793022785335779,230,,,,33,0.041002582758665085,0.017755892127752304,,7,,,
0.0007097586058080196,231,,,,33,0.05184485390782356,0.016050288453698158,,8,,,
0.01469032745808363,232,,,,33,0.12076758593320847,0.04651350528001785,,9,,,
0.14148254692554474,233,,,,33,0.3601360321044922,0.20707860589027405,,10,,,
0.03852695971727371,234,,,,33,0.5384153723716736,0.1884934902191162,,11,,,
0.21830274164676666,235,,,,33,0.35901522636413574,0.260516494512558,,12,,,
0.13165055215358734,236,,,,33,0.4644032418727875,0.23147636651992798,,13,,,
0.0013322297018021345,237,,,,33,0.14309892058372498,0.0438622385263443,,14,,,
0.0005349873681552708,238,,,,33,0.01844191551208496,0.005907066166400909,,15,,,
0.00049650261644274,239,,,,33,0.08354261517524719,0.02541033737361431,,16,,,
0.029748912900686264,240,,,,33,0.18251483142375946,0.07557868957519531,,17,,,
0.05612630397081375,241,,,,33,0.13474811613559723,0.07971285283565521,,18,,,
0.017014838755130768,242,,,,33,0.07480792701244354,0.03435276448726654,,19,,,
0.01572694070637226,243,,,,33,0.11447276920080185,0.04535068944096565,,20,,,
0.000498289882671088,244,,,,33,0.015734385699033737,0.005069118924438953,,21,,,
0.00872005708515644,245,,,,33,0.34364429116249084,0.10919732600450516,,22,,,
0.010647393763065338,246,,,,33,0.24317677319049835,0.08040621131658554,,23,,,
0.000952386180870235,247,,,,33,0.3261568546295166,0.09851372987031937,,24,,,
0.0002002515539061278,248,,,,33,0.13401217758655548,0.04034382849931717,,25,,,
0.0004970983718521893,249,,,,33,0.11542002111673355,0.03497397527098656,,26,,,
0.015126988291740417,250,,,,33,0.08795499801635742,0.03697539120912552,,27,,,
0.1195637583732605,251,,,,33,0.2506277859210968,0.1588829755783081,,28,,,
0.11984402686357498,252,,,,33,0.3720744848251343,0.19551315903663635,,29,,,
0.0002885640424210578,253,,,,33,0.7843349575996399,0.23550249636173248,,30,,,
0.06867402046918869,254,,,,33,0.6113277673721313,0.23147015273571014,,31,,,
0.0009458358981646597,255,,,,33,0.04037156328558922,0.012773554772138596,,32,,,
0.15734142065048218,256,,,,33,0.28287598490715027,0.1950017809867859,,33,,,
0.06639104336500168,257,,,,33,0.2683316767215729,0.1269732415676117,,34,,,
0.05262119695544243,258,,,,33,0.2729773223400116,0.11872803419828415,,35,,,
0.004527674522250891,259,,,,33,0.1502067893743515,0.04823141172528267,,36,,,
0.053754255175590515,260,,,,33,0.17798423767089844,0.09102325141429901,,37,,,
0.010840454138815403,261,,,,33,0.0929497480392456,0.03547324240207672,,38,,,
0.00015615197480656207,262,,,,33,0.12890227138996124,0.03877998888492584,,39,,,
0.016493171453475952,263,,,,33,0.3772948980331421,0.12473369389772415,,40,,,
0.0008006466086953878,264,,,,33,0.009009487926959991,0.0032632991205900908,,41,,,
0.0003159739135298878,265,,,,33,0.010859428904950619,0.0034790104255080223,,42,,,
0.0007738456479273736,266,,,,33,0.011012990958988667,0.0038455892354249954,,43,,,
0.6651632189750671,267,,,,33,1.1024357080459595,0.7963449954986572,,44,,,
,,,,,33,,,,45,0.13138754665851593,0.8421052694320679,0.7314255833625793
0.00436852453276515,0,,,,34,0.04488364979624748,0.01652306318283081,,46,,,
0.0003196682082489133,1,,,,34,0.025302255526185036,0.007814444601535797,,47,,,
0.021955756470561028,2,,,,34,0.4978693723678589,0.16472984850406647,,48,,,
0.010045802220702171,3,,,,34,0.07566063851118088,0.02973025292158127,,49,,,
1.6795705556869507,4,,,,34,1.1225374937057495,1.5124605894088745,,50,,,
0.0055576809681952,5,,,,34,0.1262272149324417,0.04175854101777077,,51,,,
0.06663196533918381,6,,,,34,0.26405033469200134,0.12585747241973877,,52,,,
0.03262803703546524,7,,,,34,0.21627841889858246,0.08772315829992294,,53,,,
0.047651417553424835,8,,,,34,0.0907742902636528,0.060588277876377106,,54,,,
0.00041309406515210867,9,,,,34,0.016706114634871483,0.00530100055038929,,55,,,
0.006721742916852236,10,,,,34,0.045974645763635635,0.018497614189982414,,56,,,
0.0032174033112823963,11,,,,34,0.5660572648048401,0.17206935584545135,,57,,,
0.1567092090845108,12,,,,34,0.36299261450767517,0.2185942381620407,,58,,,
0.0002640137099660933,13,,,,34,0.049475591629743576,0.015027487650513649,,59,,,
0.003882728284224868,14,,,,34,0.10135328024625778,0.03312389552593231,,60,,,
0.16001953184604645,15,,,,34,0.5497618317604065,0.2769422233104706,,61,,,
0.4688180088996887,16,,,,34,0.921593189239502,0.6046505570411682,,62,,,
0.022388791665434837,17,,,,34,0.5600584149360657,0.183689683675766,,63,,,
0.02848079614341259,18,,,,34,0.20136481523513794,0.0803460031747818,,64,,,
0.05886135250329971,19,,,,34,0.3503477871417999,0.14630728960037231,,65,,,
0.003792001400142908,20,,,,34,0.018792012706398964,0.008292004466056824,,66,,,
0.0007913556764833629,21,,,,34,0.12632685899734497,0.03845201060175896,,67,,,
2.145764938177308e-06,22,,,,34,0.042221445590257645,0.012667936272919178,,68,,,
0.006925744004547596,23,,,,34,0.21275562047958374,0.06867470592260361,,69,,,
0.12017104029655457,24,,,,34,0.234239399433136,0.1543915569782257,,70,,,
0.02658674493432045,25,,,,34,0.17600135505199432,0.0714111328125,,71,,,
0.02342374622821808,26,,,,34,0.046837884932756424,0.030447985976934433,,72,,,
0.03472994267940521,27,,,,34,0.6842076778411865,0.22957327961921692,,73,,,
0.001456272671930492,28,,,,34,0.026176296174526215,0.008872280828654766,,74,,,
0.23538370430469513,29,,,,34,1.4244745969772339,0.5921109914779663,,75,,,
0.000816250394564122,30,,,,34,0.12249833345413208,0.03732087463140488,,76,,,
0.004564936738461256,31,,,,34,0.11025723069906235,0.036272626370191574,,77,,,
0.0394243448972702,32,,,,34,0.3734145164489746,0.13962140679359436,,78,,,
0.0006613928126171231,33,,,,34,0.2825586795806885,0.08523058146238327,,79,,,
0.0004741021548397839,34,,,,34,0.01313183456659317,0.0042714220471680164,,80,,,
0.007831464521586895,35,,,,34,0.12102331966161728,0.04178902134299278,,81,,,
0.1998632550239563,36,,,,34,0.5582870841026306,0.30739039182662964,,82,,,
0.002363271312788129,37,,,,34,0.012538253329694271,0.005415766034275293,,83,,,
0.0010870745172724128,38,,,,34,0.26483872532844543,0.08021257072687149,,84,,,
0.0005004345439374447,39,,,,34,0.44167301058769226,0.1328522264957428,,85,,,
0.012760416604578495,40,,,,34,0.40958163142204285,0.13180677592754364,,86,,,
0.0037155181635171175,41,,,,34,0.08144883811473846,0.027035515755414963,,87,,,
0.17480769753456116,42,,,,34,0.4102660119533539,0.24544519186019897,,88,,,
0.0007316772826015949,43,,,,34,0.08108743280172348,0.02483840472996235,,89,,,
0.2386123389005661,44,,,,34,0.33706793189048767,0.2681490182876587,,90,,,
0.0004577780782710761,45,,,,34,0.14113131165504456,0.04265984147787094,,91,,,
0.0008522216230630875,46,,,,34,0.05209299921989441,0.016224455088377,,92,,,
0.26910027861595154,47,,,,34,0.39945706725120544,0.30820733308792114,,93,,,
0.005921440199017525,48,,,,34,0.07172267138957977,0.025661809369921684,,94,,,
0.012158093973994255,49,,,,34,0.26658931374549866,0.08848746120929718,,95,,,
0.15342000126838684,50,,,,34,0.9978712201118469,0.40675538778305054,,96,,,
0.011132980696856976,51,,,,34,0.35634711384773254,0.11469722539186478,,97,,,
0.0025557968765497208,52,,,,34,0.03038296103477478,0.010903946124017239,,98,,,
2.1815061700181104e-05,53,,,,34,0.004949725233018398,0.0015001881401985884,,99,,,
0.1510319709777832,54,,,,34,0.3346109390258789,0.20610566437244415,,0,,,
0.05604076012969017,55,,,,34,0.48667073249816895,0.18522974848747253,,1,,,
0.016870440915226936,56,,,,34,0.3529616892337799,0.1176978200674057,,2,,,
0.0004601611872203648,57,,,,34,0.02098330855369568,0.006617105565965176,,3,,,
0.34647029638290405,58,,,,34,0.5295317769050598,0.4013887345790863,,4,,,
1.0251946150674485e-05,59,,,,34,0.5441209673881531,0.16324347257614136,,5,,,
0.24111558496952057,60,,,,34,0.3608631193637848,0.27703985571861267,,6,,,
0.5867118835449219,61,,,,34,0.6759378910064697,0.613479733467102,,7,,,
0.005029051564633846,62,,,,34,0.2530841529369354,0.07944558560848236,,8,,,
0.01508001983165741,63,,,,34,0.10748787969350815,0.04280237853527069,,9,,,
0.1087285652756691,64,,,,34,0.30115363001823425,0.16645608842372894,,10,,,
0.023062804713845253,65,,,,34,0.1824229210615158,0.07087084650993347,,11,,,
0.000916537712328136,66,,,,34,0.010629448108375072,0.0038304110057651997,,12,,,
0.2185237854719162,67,,,,34,0.27719351649284363,0.23612470924854279,,13,,,
0.08494451642036438,68,,,,34,0.7840352654457092,0.2946717441082001,,14,,,
0.10959088802337646,69,,,,34,0.34074345231056213,0.1789366602897644,,15,,,
0.005517729092389345,70,,,,34,0.11358684301376343,0.03793846443295479,,16,,,
0.0026148909237235785,71,,,,34,0.08524204045534134,0.027403036132454872,,17,,,
0.0019171921303495765,72,,,,34,0.028685880824923515,0.009947799146175385,,18,,,
0.004309415351599455,73,,,,34,0.13492102921009064,0.04349290207028389,,19,,,
0.0033138857688754797,74,,,,34,0.059007804840803146,0.020022062584757805,,20,,,
0.006635062862187624,75,,,,34,0.1158091351389885,0.039387285709381104,,21,,,
0.12034746259450912,76,,,,34,0.2742099463939667,0.16650620102882385,,22,,,
0.0035057533532381058,77,,,,34,0.024545645341277122,0.00981772132217884,,23,,,
0.0008447177824564278,78,,,,34,0.9639912247657776,0.28978869318962097,,24,,,
0.014613850973546505,79,,,,34,0.09214664250612259,0.03787368908524513,,25,,,
0.8169592618942261,80,,,,34,0.9374497532844543,0.8531063795089722,,26,,,
0.00990818440914154,81,,,,34,0.06678970158100128,0.026972640305757523,,27,,,
0.0009151084814220667,82,,,,34,0.007101219147443771,0.002770941937342286,,28,,,
0.004320098087191582,83,,,,34,0.04217599704861641,0.015676867216825485,,29,,,
0.009088338352739811,84,,,,34,0.048326682299375534,0.020859841257333755,,30,,,
0.010955187492072582,85,,,,34,0.08320564776659012,0.032630324363708496,,31,,,
0.08987937122583389,86,,,,34,0.4845161736011505,0.20827040076255798,,32,,,
2.729855441430118e-05,87,,,,34,0.033632006496191025,0.010108711197972298,,33,,,
0.14460788667201996,88,,,,34,0.7085452079772949,0.31378909945487976,,34,,,
0.06986074894666672,89,,,,34,0.18775220215320587,0.10522818565368652,,35,,,
0.007629304192960262,90,,,,34,0.1660965234041214,0.055169470608234406,,36,,,
0.0003800861886702478,91,,,,34,0.009262713603675365,0.003044874407351017,,37,,,
0.0002535260282456875,92,,,,34,0.3146221935749054,0.09456412494182587,,38,,,
0.011566484346985817,93,,,,34,0.3317546248435974,0.10762292891740799,,39,,,
0.18129706382751465,94,,,,34,0.7438927292823792,0.35007578134536743,,40,,,
0.0016933638835325837,95,,,,34,0.02157588303089142,0.0076581197790801525,,41,,,
0.0019081495702266693,96,,,,34,0.09363206475973129,0.029425324872136116,,42,,,
0.005811342969536781,97,,,,34,0.38747668266296387,0.1203109547495842,,43,,,
0.014925124123692513,98,,,,34,0.037347447127103806,0.021651821210980415,,44,,,
0.008985204622149467,99,,,,34,0.08377265185117722,0.031421441584825516,,45,,,
0.00499631417915225,100,,,,34,0.03948047384619713,0.0153415622189641,,46,,,
0.00031609306461177766,101,,,,34,0.019792528823018074,0.0061590238474309444,,47,,,
0.00022754464589525014,102,,,,34,0.009105592034757137,0.0028909589163959026,,48,,,
0.00022218143567442894,103,,,,34,0.003514691023156047,0.001209934358485043,,49,,,
0.0009576263837516308,104,,,,34,0.13185717165470123,0.0402274914085865,,50,,,
0.047092046588659286,105,,,,34,0.3489031493663788,0.13763538002967834,,51,,,
0.035212840884923935,106,,,,34,0.44134223461151123,0.1570516675710678,,52,,,
0.11830572783946991,107,,,,34,0.3960479199886322,0.20162838697433472,,53,,,
0.0012571059633046389,108,,,,34,0.019151918590068817,0.006625549867749214,,54,,,
0.005952014587819576,109,,,,34,0.04626934602856636,0.018047213554382324,,55,,,
0.15420368313789368,110,,,,34,0.24219952523708344,0.18060243129730225,,56,,,
0.00022790218645241112,111,,,,34,0.12123284488916397,0.03652938827872276,,57,,,
0.002022246830165386,112,,,,34,0.08791271597146988,0.027789389714598656,,58,,,
0.02528717927634716,113,,,,34,0.08550101518630981,0.04335132986307144,,59,,,
0.05262843519449234,114,,,,34,0.8475292325019836,0.2910986840724945,,60,,,
0.04251584783196449,115,,,,34,0.4191542863845825,0.1555073857307434,,61,,,
0.01953575387597084,116,,,,34,0.13017334043979645,0.05272702872753143,,62,,,
0.027376137673854828,117,,,,34,0.9974222183227539,0.3183899521827698,,63,,,
0.00011085849109804258,118,,,,34,0.03654532507061958,0.01104119885712862,,64,,,
0.006891647819429636,119,,,,34,0.08402043581008911,0.03003028593957424,,65,,,
0.005905915983021259,120,,,,34,0.02992711402475834,0.01311227586120367,,66,,,
0.0014140140265226364,121,,,,34,0.02516460232436657,0.008539190515875816,,67,,,
0.0028439811430871487,122,,,,34,0.06381735950708389,0.021135997027158737,,68,,,
0.002177488524466753,123,,,,34,0.05117115378379822,0.01687558926641941,,69,,,
1.052358627319336,124,,,,34,1.4421745538711548,1.1693034172058105,,70,,,
0.0026648270431905985,125,,,,34,0.0833473727107048,0.02686959318816662,,71,,,
0.010262813419103622,126,,,,34,0.04306749626994133,0.020104218274354935,,72,,,
0.009033051319420338,127,,,,34,0.04692887142300606,0.02040179818868637,,73,,,
0.07413569837808609,128,,,,34,0.2767677307128906,0.13492530584335327,,74,,,
0.15370310842990875,129,,,,34,0.5356944799423218,0.26830053329467773,,75,,,
0.0006848612101748586,130,,,,34,0.01135057583451271,0.0038845757953822613,,76,,,
0.0037448531948029995,131,,,,34,0.06701135635375977,0.022724805399775505,,77,,,
0.005040082149207592,132,,,,34,0.3764764964580536,0.11647101491689682,,78,,,
0.012823030352592468,133,,,,34,0.38582658767700195,0.12472410500049591,,79,,,
0.00027092601521871984,134,,,,34,0.03035621903836727,0.009296514093875885,,80,,,
0.005763104651123285,135,,,,34,0.16307814419269562,0.05295761674642563,,81,,,
0.006094917189329863,136,,,,34,0.03102865256369114,0.013575037941336632,,82,,,
0.0035614653024822474,137,,,,34,0.8783379197120667,0.2659943997859955,,83,,,
0.02407134510576725,138,,,,34,0.08261299133300781,0.041633836925029755,,84,,,
0.03667541593313217,139,,,,34,0.1196703314781189,0.06157389283180237,,85,,,
0.001627312507480383,140,,,,34,0.02026103250682354,0.007217428646981716,,86,,,
0.037319429218769073,141,,,,34,0.2542061507701874,0.10238544642925262,,87,,,
0.0012271024752408266,142,,,,34,0.036326054483652115,0.011756788939237595,,88,,,
0.9304970502853394,143,,,,34,1.0609098672866821,0.969620943069458,,89,,,
0.0036586271598935127,144,,,,34,0.031031088903546333,0.011870366521179676,,90,,,
0.0008986725588329136,145,,,,34,0.033251650631427765,0.010604566894471645,,91,,,
0.0018165291985496879,146,,,,34,0.0577617771923542,0.0186001043766737,,92,,,
0.00020680672605521977,147,,,,34,0.006699349731206894,0.0021545698400586843,,93,,,
0.3027721345424652,148,,,,34,0.6422513127326965,0.4046158790588379,,94,,,
0.0026966894511133432,149,,,,34,0.02531527541577816,0.009482265450060368,,95,,,
0.005482162814587355,150,,,,34,0.24455256760120392,0.07720328122377396,,96,,,
0.0006683023530058563,151,,,,34,0.029619859531521797,0.009353769943118095,,97,,,
0.0002157455455744639,152,,,,34,0.03746133670210838,0.011389424093067646,,98,,,
0.00454618688672781,153,,,,34,0.061464324593544006,0.02162162959575653,,99,,,
0.00011705666838679463,154,,,,34,0.09662460535764694,0.02906932309269905,,0,,,
0.0001113352773245424,155,,,,34,0.29841348528862,0.08960197865962982,,1,,,
0.03179047256708145,156,,,,34,0.3201402425765991,0.11829540133476257,,2,,,
0.0030163289047777653,157,,,,34,0.06375183165073395,0.021236982196569443,,3,,,
0.024276025593280792,158,,,,34,0.18617558479309082,0.07284589111804962,,4,,,
0.0013583013787865639,159,,,,34,0.046446193009614944,0.014884669333696365,,5,,,
0.012439639307558537,160,,,,34,0.1488991230726242,0.053377486765384674,,6,,,
0.5093646049499512,161,,,,34,0.9242256283760071,0.6338229179382324,,7,,,
6.3774932641536e-05,162,,,,34,0.0025449302047491074,0.0008081215200945735,,8,,,
0.0030367709696292877,163,,,,34,0.04911552369594574,0.016860397532582283,,9,,,
0.02801619842648506,164,,,,34,0.3430817425251007,0.12253586202859879,,10,,,
0.0010756427654996514,165,,,,34,0.06183654069900513,0.019303912296891212,,11,,,
0.004050266928970814,166,,,,34,0.05059530958533287,0.018013780936598778,,12,,,
0.015357104130089283,167,,,,34,0.11477833986282349,0.04518347606062889,,13,,,
0.09672291576862335,168,,,,34,0.24545855820178986,0.1413436084985733,,14,,,
7.915183232398704e-05,169,,,,34,0.04064106568694115,0.012247726321220398,,15,,,
0.0021644041407853365,170,,,,34,0.016155872493982315,0.006361844949424267,,16,,,
0.00015221867943182588,171,,,,34,0.1933411955833435,0.05810891464352608,,17,,,
0.0013984196120873094,172,,,,34,0.047658633440732956,0.015276484191417694,,18,,,
0.001256391522474587,173,,,,34,0.839931070804596,0.2528587877750397,,19,,,
0.6958948969841003,174,,,,34,0.8708043098449707,0.7483677268028259,,20,,,
0.05051863566040993,175,,,,34,0.3644962012767792,0.1447119116783142,,21,,,
0.17251279950141907,176,,,,34,0.5129097104072571,0.27463188767433167,,22,,,
0.0006898645660839975,177,,,,34,0.2078934907913208,0.0628509521484375,,23,,,
0.08485527336597443,178,,,,34,0.6310073733329773,0.24870091676712036,,24,,,
0.006050365976989269,179,,,,34,0.12190976738929749,0.040808189660310745,,25,,,
0.004869032185524702,180,,,,34,0.19218535721302032,0.06106393411755562,,26,,,
0.000894146622158587,181,,,,34,0.030981818214058876,0.009920448996126652,,27,,,
0.04315793886780739,182,,,,34,0.24812565743923187,0.10464825481176376,,28,,,
0.0017871374730020761,183,,,,34,0.02170504629611969,0.00776251032948494,,29,,,
0.0011725700460374355,184,,,,34,0.019585011526942253,0.006696302443742752,,30,,,
0.0006883158930577338,185,,,,34,0.16755492985248566,0.0507483035326004,,31,,,
0.00263795698992908,186,,,,34,0.0767204686999321,0.024862712249159813,,32,,,
0.016721565276384354,187,,,,34,0.36572590470314026,0.12142287194728851,,33,,,
0.297167032957077,188,,,,34,0.5639399886131287,0.3771989345550537,,34,,,
0.0016936019528657198,189,,,,34,0.17214860022068024,0.052830103784799576,,35,,,
0.001384491566568613,190,,,,34,0.27660712599754333,0.08395127952098846,,36,,,
0.00034683887497521937,191,,,,34,0.035253383219242096,0.010818802751600742,,37,,,
0.0016812250250950456,192,,,,34,0.08010315895080566,0.02520780637860298,,38,,,
0.3599834740161896,193,,,,34,0.8825719356536865,0.516759991645813,,39,,,
0.005047554615885019,194,,,,34,0.06118987128138542,0.021890250965952873,,40,,,
0.006961377803236246,195,,,,34,0.0684114396572113,0.025396397337317467,,41,,,
0.05192030593752861,196,,,,34,0.5765293836593628,0.20930303633213043,,42,,,
0.007930104620754719,197,,,,34,0.22668518126010895,0.07355662435293198,,43,,,
0.0017212113598361611,198,,,,34,0.03929193690419197,0.012992429547011852,,44,,,
0.00020037073409184813,199,,,,34,0.17610161006450653,0.05297074466943741,,45,,,
0.00017987063620239496,200,,,,34,0.010106022469699383,0.0031577162444591522,,46,,,
0.022919626906514168,201,,,,34,0.3626647889614105,0.12484318017959595,,47,,,
0.00012933371181134135,202,,,,34,0.013328318484127522,0.004089029040187597,,48,,,
0.00020668754586949944,203,,,,34,0.006456098984926939,0.002081511076539755,,49,,,
0.017591286450624466,204,,,,34,0.14199160039424896,0.054911382496356964,,50,,,
0.06742571294307709,205,,,,34,0.5901173949241638,0.2242332249879837,,51,,,
0.0056823864579200745,206,,,,34,0.2034231573343277,0.0650046169757843,,52,,,
0.0032959445379674435,207,,,,34,0.1520768254995346,0.04793021082878113,,53,,,
0.015935681760311127,208,,,,34,0.2664172351360321,0.09108015149831772,,54,,,
0.0035586145240813494,209,,,,34,0.15335428714752197,0.04849731922149658,,55,,,
0.004443770740181208,210,,,,34,0.2929671108722687,0.09100077301263809,,56,,,
0.0009400001727044582,211,,,,34,0.40773916244506836,0.12297975271940231,,57,,,
0.2588502764701843,212,,,,34,0.8562760353088379,0.43807798624038696,,58,,,
0.00029595286468975246,213,,,,34,0.011379473842680454,0.0036210091784596443,,59,,,
0.01958964578807354,214,,,,34,0.6214781403541565,0.20015619695186615,,60,,,
0.006693916395306587,215,,,,34,0.04490366578102112,0.01815684139728546,,61,,,
0.015468151308596134,216,,,,34,0.17220847308635712,0.062490250915288925,,62,,,
0.30838555097579956,217,,,,34,0.3636605441570282,0.32496803998947144,,63,,,
0.0660116970539093,218,,,,34,0.21132998168468475,0.10960718244314194,,64,,,
0.003107720520347357,219,,,,34,0.046719085425138474,0.016191130504012108,,65,,,
0.0018791175680235028,220,,,,34,0.011667522601783276,0.004815638996660709,,66,,,
0.001904937089420855,221,,,,34,0.22340725362300873,0.06835563480854034,,67,,,
0.00514255603775382,222,,,,34,0.054204538464546204,0.01986115053296089,,68,,,
0.03485509380698204,223,,,,34,0.11378519982099533,0.05853412672877312,,69,,,
0.13067254424095154,224,,,,34,0.3513139486312866,0.19686496257781982,,70,,,
0.08007454127073288,225,,,,34,0.312765508890152,0.14988183975219727,,71,,,
0.01937090791761875,226,,,,34,0.07826519757509232,0.037039197981357574,,72,,,
0.011430961079895496,227,,,,34,0.12309131771326065,0.04492907226085663,,73,,,
0.008832670748233795,228,,,,34,0.0996268168091774,0.036070916801691055,,74,,,
0.03378073871135712,229,,,,34,0.2159983068704605,0.08844601362943649,,75,,,
0.0005190217634662986,230,,,,34,0.010460714809596539,0.0035015298053622246,,76,,,
0.002692171838134527,231,,,,34,0.03952718526124954,0.013742676004767418,,77,,,
0.004755259025841951,232,,,,34,0.18532513082027435,0.05892622098326683,,78,,,
0.0705929547548294,233,,,,34,0.28646042943000793,0.1353532075881958,,79,,,
0.2347678691148758,234,,,,34,0.37136420607566833,0.27574676275253296,,80,,,
0.002086725551635027,235,,,,34,0.10194311290979385,0.03204364329576492,,81,,,
0.04394885152578354,236,,,,34,0.2471342235803604,0.10490447282791138,,82,,,
0.021060876548290253,237,,,,34,0.09073633700609207,0.04196351766586304,,83,,,
0.01114842388778925,238,,,,34,0.0750734955072403,0.03032594546675682,,84,,,
0.01407588366419077,239,,,,34,0.1400725245475769,0.05187487602233887,,85,,,
0.028647970408201218,240,,,,34,0.14432953298091888,0.06335244327783585,,86,,,
0.005709174554795027,241,,,,34,0.07254257053136826,0.025759194046258926,,87,,,
0.06317798793315887,242,,,,34,0.1832706332206726,0.09920577704906464,,88,,,
0.023626580834388733,243,,,,34,0.18576323986053467,0.07226758450269699,,89,,,
0.027457326650619507,244,,,,34,0.11745908111333847,0.054457854479551315,,90,,,
0.007963573560118675,245,,,,34,0.09385902434587479,0.03373220935463905,,91,,,
0.004142395220696926,246,,,,34,0.05216969922184944,0.018550587818026543,,92,,,
0.00024351492174901068,247,,,,34,0.07578272372484207,0.022905277088284492,,93,,,
0.012587621808052063,248,,,,34,0.09132972359657288,0.036210253834724426,,94,,,
0.019363541156053543,249,,,,34,0.2549006938934326,0.0900246873497963,,95,,,
2.502254009246826,250,,,,34,1.0945963859558105,2.079956531524658,,96,,,
1.4438506364822388,251,,,,34,0.904707133769989,1.2821075916290283,,97,,,
0.000226472009671852,252,,,,34,0.11288151890039444,0.0340229868888855,,98,,,
0.0008560330606997013,253,,,,34,0.006163901183754206,0.0024483934976160526,,99,,,
0.0027562507893890142,254,,,,34,1.5882272720336914,0.47839757800102234,,0,,,
0.011599007062613964,255,,,,34,0.8329666256904602,0.25800931453704834,,1,,,
0.007542465813457966,256,,,,34,0.5763729214668274,0.17819160223007202,,2,,,
0.5819329023361206,257,,,,34,0.5043860077857971,0.558668851852417,,3,,,
0.0001627074379939586,258,,,,34,0.008740797638893127,0.0027361344546079636,,4,,,
0.013528687879443169,259,,,,34,0.09749750047922134,0.038719333708286285,,5,,,
0.007798581849783659,260,,,,34,0.19684891402721405,0.0645136833190918,,6,,,
0.030490949749946594,261,,,,34,0.19723565876483917,0.08051436394453049,,7,,,
0.013860168866813183,262,,,,34,0.21078461408615112,0.0729375034570694,,8,,,
0.848868727684021,263,,,,34,1.0700892210006714,0.9152349233627319,,9,,,
0.0017001472879201174,264,,,,34,0.035170283168554306,0.011741189286112785,,10,,,
0.0006538875168189406,265,,,,34,0.2964089810848236,0.0893804132938385,,11,,,
0.009015212766826153,266,,,,34,0.10213296860456467,0.03695053979754448,,12,,,
0.004118532873690128,267,,,,34,0.031486786901950836,0.012329009361565113,,13,,,
,,,,,34,,,,14,0.13015565276145935,0.7894737124443054,0.7952190041542053
0.07494452595710754,0,,,,35,0.10111791640520096,0.08279654383659363,,15,,,
0.004982317797839642,1,,,,35,0.06143173202872276,0.02191714197397232,,16,,,
7.950943836476654e-05,2,,,,35,0.1694953590631485,0.05090426653623581,,17,,,
0.0009763241396285594,3,,,,35,0.021078111603856087,0.007006860803812742,,18,,,
0.004652983043342829,4,,,,35,0.029051542282104492,0.011972551234066486,,19,,,
0.009328351356089115,5,,,,35,0.036723461002111435,0.0175468847155571,,20,,,
0.0027390127070248127,6,,,,35,0.330206960439682,0.10097940266132355,,21,,,
0.016927991062402725,7,,,,35,0.2219862937927246,0.07844547927379608,,22,,,
0.00915791466832161,8,,,,35,0.3015982210636139,0.09689000993967056,,23,,,
0.002523573115468025,9,,,,35,0.4337846338748932,0.13190190494060516,,24,,,
0.006088282447308302,10,,,,35,0.049344539642333984,0.019065160304307938,,25,,,
0.3331548273563385,11,,,,35,0.3140134811401367,0.3274124264717102,,26,,,
0.015263420529663563,12,,,,35,0.17912590503692627,0.06442216783761978,,27,,,
9.154854342341423e-05,13,,,,35,0.010079332627356052,0.003087884047999978,,28,,,
0.019319694489240646,14,,,,35,0.10229106992483139,0.04421110823750496,,29,,,
0.02668808028101921,15,,,,35,0.11750606447458267,0.05393347889184952,,30,,,
0.000248043768806383,16,,,,35,0.007688301149755716,0.002480121096596122,,31,,,
0.0051484862342476845,17,,,,35,0.05954175069928169,0.021466467529535294,,32,,,
0.1336718201637268,18,,,,35,0.2887543737888336,0.1801965832710266,,33,,,
0.01814761944115162,19,,,,35,0.227354034781456,0.08090955018997192,,34,,,
0.0013930626446381211,20,,,,35,0.22894836962223053,0.06965965777635574,,35,,,
0.0027731317095458508,21,,,,35,0.016178788617253304,0.006794828921556473,,36,,,
0.006377937737852335,22,,,,35,0.9006392955780029,0.27465635538101196,,37,,,
0.9442873001098633,23,,,,35,0.7988359928131104,0.9006518721580505,,38,,,
0.0005737089086323977,24,,,,35,0.14166365563869476,0.0429006963968277,,39,,,
0.0002649671514518559,25,,,,35,0.019577056169509888,0.006058594211935997,,40,,,
0.1380598247051239,26,,,,35,1.5096745491027832,0.5495442748069763,,41,,,
0.03840892016887665,27,,,,35,0.3911670744419098,0.14423637092113495,,42,,,
0.1474800407886505,28,,,,35,0.44904956221580505,0.2379508912563324,,43,,,
0.0021629766561090946,29,,,,35,0.020267454907298088,0.007594320457428694,,44,,,
0.0075445957481861115,30,,,,35,0.2909518778324127,0.09256678074598312,,45,,,
0.003355826484039426,31,,,,35,0.0579429529607296,0.01973196491599083,,46,,,
0.025203023105859756,32,,,,35,0.09483885765075684,0.04609377682209015,,47,,,
0.054977428168058395,33,,,,35,0.7471041083335876,0.262615442276001,,48,,,
0.00019333878299221396,34,,,,35,0.011651277542114258,0.0036307205446064472,,49,,,
0.0008082698914222419,35,,,,35,0.38456106185913086,0.1159341111779213,,50,,,
0.029831646010279655,36,,,,35,0.2845556437969208,0.10624884814023972,,51,,,
0.08046234399080276,37,,,,35,0.4739236533641815,0.19850075244903564,,52,,,
0.0006887924391776323,38,,,,35,0.01371136773377657,0.004595565143972635,,53,,,
0.0002315968304174021,39,,,,35,0.059987399727106094,0.018158337101340294,,54,,,
0.002368147252127528,40,,,,35,0.03776232525706291,0.012986401095986366,,55,,,
0.003976534586399794,41,,,,35,0.440334290266037,0.13488388061523438,,56,,,
0.001281870063394308,42,,,,35,0.040326084941625595,0.01299513503909111,,57,,,
0.4389602839946747,43,,,,35,0.5908567905426025,0.4845292568206787,,58,,,
0.002009755000472069,44,,,,35,0.018649103119969368,0.007001559715718031,,59,,,
0.03235800564289093,45,,,,35,0.14353445172309875,0.06571093946695328,,60,,,
0.0036457993555814028,46,,,,35,0.07779423892498016,0.025890331715345383,,61,,,
0.004045398905873299,47,,,,35,0.10221365094184875,0.03349587321281433,,62,,,
0.012782190926373005,48,,,,35,0.11865875124931335,0.04454515874385834,,63,,,
0.001010384177789092,49,,,,35,0.03851467743515968,0.01226167194545269,,64,,,
0.05630762502551079,50,,,,35,0.27962756156921387,0.1233036071062088,,65,,,
0.0015543533954769373,51,,,,35,0.09100861102342606,0.028390631079673767,,66,,,
0.0001811817055568099,52,,,,35,0.18089427053928375,0.05439510941505432,,67,,,
0.0004897110629826784,53,,,,35,0.016026319935917854,0.0051506939344108105,,68,,,
0.008045763708651066,54,,,,35,0.12143030017614365,0.042061127722263336,,69,,,
0.1822175830602646,55,,,,35,0.8760088086128235,0.3903549611568451,,70,,,
0.0030362955294549465,56,,,,35,0.046315524727106094,0.016020065173506737,,71,,,
0.0004297763225622475,57,,,,35,0.11254937201738358,0.03406565636396408,,72,,,
0.006691429764032364,58,,,,35,0.09745872020721436,0.03392161801457405,,73,,,
0.026984361931681633,59,,,,35,0.3582663834095001,0.12636896967887878,,74,,,
0.050457656383514404,60,,,,35,0.20022229850292206,0.0953870564699173,,75,,,
0.004401282407343388,61,,,,35,0.13001884520053864,0.04208655282855034,,76,,,
0.0018838769756257534,62,,,,35,0.017873601987957954,0.00668079499155283,,77,,,
0.014471807517111301,63,,,,35,0.08703314512968063,0.03624020889401436,,78,,,
0.0022910793777555227,64,,,,35,0.04709741845726967,0.015732981264591217,,79,,,
0.06620071828365326,65,,,,35,0.48658695816993713,0.19231659173965454,,80,,,
0.026239020749926567,66,,,,35,0.5585798621177673,0.18594127893447876,,81,,,
0.0017233534017577767,67,,,,35,0.04122260957956314,0.013573131524026394,,82,,,
0.0021709464490413666,68,,,,35,0.03210369125008583,0.011150769889354706,,83,,,
0.04098490625619888,69,,,,35,0.5867989659309387,0.2047291249036789,,84,,,
0.0010278901318088174,70,,,,35,0.01615753583610058,0.005566784180700779,,85,,,
0.0029326549265533686,71,,,,35,0.23226960003376007,0.0717337429523468,,86,,,
0.0006874820101074874,72,,,,35,0.05594078078866005,0.017263472080230713,,87,,,
0.19203905761241913,73,,,,35,0.7048136591911316,0.3458714485168457,,88,,,
5.483612312673358e-06,74,,,,35,0.6776657700538635,0.20330359041690826,,89,,,
0.006274524610489607,75,,,,35,0.07131653279066086,0.025787128135561943,,90,,,
0.0401008315384388,76,,,,35,0.37855687737464905,0.1416376531124115,,91,,,
0.044374980032444,77,,,,35,0.2470913529396057,0.10518988966941833,,92,,,
0.001705264556221664,78,,,,35,0.033866699784994125,0.011353695765137672,,93,,,
0.0015241208020597696,79,,,,35,0.019357481971383095,0.0068741291761398315,,94,,,
0.00048387263086624444,80,,,,35,0.1367487758398056,0.041363343596458435,,95,,,
0.050738029181957245,81,,,,35,1.1964396238327026,0.39444851875305176,,96,,,
0.06419731676578522,82,,,,35,0.1847592145204544,0.10036589205265045,,97,,,
0.0006985607906244695,83,,,,35,0.25838759541511536,0.07800526916980743,,98,,,
0.03923523426055908,84,,,,35,0.08405289798974991,0.05268053337931633,,99,,,
0.011018149554729462,85,,,,35,0.3744615614414215,0.12005118280649185,,0,,,
6.05564855504781e-05,86,,,,35,0.003675623796880245,0.0011450767051428556,,1,,,
0.016350924968719482,87,,,,35,0.09825628250837326,0.040922533720731735,,2,,,
0.0004689785710070282,88,,,,35,0.011904665268957615,0.003899684641510248,,3,,,
9.476689592702314e-05,89,,,,35,0.00837977509945631,0.0025802692398428917,,4,,,
0.005780053324997425,90,,,,35,0.10737510770559311,0.03625857084989548,,5,,,
0.004745767917484045,91,,,,35,0.022823071107268333,0.010168958455324173,,6,,,
0.00044204952428117394,92,,,,35,0.058684092015028,0.0179146621376276,,7,,,
0.0004887578543275595,93,,,,35,0.02781425416469574,0.008686407469213009,,8,,,
0.020592350512742996,94,,,,35,0.3459058105945587,0.11818639189004898,,9,,,
0.005291503854095936,95,,,,35,0.05438673496246338,0.020020073279738426,,10,,,
0.015177478082478046,96,,,,35,0.5239102244377136,0.1677972972393036,,11,,,
0.0046941558830440044,97,,,,35,0.059016432613134384,0.02099083922803402,,12,,,
0.15274827182292938,98,,,,35,0.1516711562871933,0.1524251401424408,,13,,,
0.0002212279650848359,99,,,,35,0.8670752644538879,0.2602774500846863,,14,,,
0.00013696208770852536,100,,,,35,0.014222584664821625,0.004362649284303188,,15,,,
0.0016505202511325479,101,,,,35,0.10649347305297852,0.03310341015458107,,16,,,
0.00023922442051116377,102,,,,35,0.05871414765715599,0.017781702801585197,,17,,,
0.01996995508670807,103,,,,35,0.10782276839017868,0.04632580280303955,,18,,,
0.24461548030376434,104,,,,35,0.44609716534614563,0.3050599992275238,,19,,,
9.679325739853084e-05,105,,,,35,0.1708691567182541,0.05132850632071495,,20,,,
0.0012040039291605353,106,,,,35,0.01031575258821249,0.003937528934329748,,21,,,
0.1890806257724762,107,,,,35,0.7237598896026611,0.3494844138622284,,22,,,
0.010513161309063435,108,,,,35,0.03877865523099899,0.01899280957877636,,23,,,
0.05083297938108444,109,,,,35,0.30730414390563965,0.12777432799339294,,24,,,
0.04452138766646385,110,,,,35,0.556973934173584,0.19825716316699982,,25,,,
0.028850559145212173,111,,,,35,0.1353261023759842,0.06079322472214699,,26,,,
0.0023864619433879852,112,,,,35,0.04978213086724281,0.016605162993073463,,27,,,
4.053033626405522e-05,113,,,,35,0.02261674404144287,0.006813394837081432,,28,,,
0.05420637130737305,114,,,,35,0.6586155295372009,0.2355291247367859,,29,,,
0.03461214900016785,115,,,,35,0.20721571147441864,0.08639322221279144,,30,,,
0.0051410142332315445,116,,,,35,0.06093448027968407,0.021879054605960846,,31,,,
0.0076268198899924755,117,,,,35,0.06901862472295761,0.026044361293315887,,32,,,
0.003644730430096388,118,,,,35,0.15402421355247498,0.048758573830127716,,33,,,
0.042666759341955185,119,,,,35,0.18272049725055695,0.0846828818321228,,34,,,
0.0010030006524175406,120,,,,35,0.014188549481332302,0.00495866546407342,,35,,,
0.01048001367598772,121,,,,35,0.376568078994751,0.12030643224716187,,36,,,
0.04324299469590187,122,,,,35,0.20698970556259155,0.0923670083284378,,37,,,
0.02249719575047493,123,,,,35,0.15940017998218536,0.06356809288263321,,38,,,
0.0022087718825787306,124,,,,35,0.4802069664001465,0.14560824632644653,,39,,,
0.01678885519504547,125,,,,35,0.08539650589227676,0.03737115114927292,,40,,,
0.0003955773718189448,126,,,,35,0.29415789246559143,0.08852427452802658,,41,,,
0.01321521494537592,127,,,,35,0.02988825924694538,0.01821712777018547,,42,,,
0.00010549465514486656,128,,,,35,0.004514637403190136,0.0014282374177128077,,43,,,
0.06773122400045395,129,,,,35,0.2591826915740967,0.12516666948795319,,44,,,
0.018251920118927956,130,,,,35,0.08938345313072205,0.03959137946367264,,45,,,
0.0046941558830440044,131,,,,35,0.04339545965194702,0.01630454882979393,,46,,,
0.21611666679382324,132,,,,35,0.22461743652820587,0.2186669111251831,,47,,,
0.0006074252305552363,133,,,,35,0.5137506127357483,0.15455038845539093,,48,,,
0.008060308173298836,134,,,,35,0.235592782497406,0.07632005214691162,,49,,,
0.09562963247299194,135,,,,35,0.5861994028091431,0.24280056357383728,,50,,,
0.00021753329201601446,136,,,,35,0.013406508602201939,0.004174225963652134,,51,,,
0.033993810415267944,137,,,,35,0.25221893191337585,0.09946134686470032,,52,,,
0.0659690648317337,138,,,,35,0.14605934917926788,0.08999615162611008,,53,,,
0.01245176512748003,139,,,,35,1.9142141342163086,0.5829805135726929,,54,,,
0.017418505623936653,140,,,,35,0.061990346759557724,0.03079005889594555,,55,,,
0.0036545887123793364,141,,,,35,0.062025994062423706,0.021166011691093445,,56,,,
0.08288772404193878,142,,,,35,0.2805805206298828,0.14219556748867035,,57,,,
0.07995966076850891,143,,,,35,0.16078482568264008,0.10420721024274826,,58,,,
0.026095367968082428,144,,,,35,0.32951435446739197,0.11712107062339783,,59,,,
0.003226434113457799,145,,,,35,0.33520567417144775,0.10282021015882492,,60,,,
0.011580978520214558,146,,,,35,0.09133107215166092,0.035506006330251694,,61,,,
0.0025955105666071177,147,,,,35,0.4294670522212982,0.13065697252750397,,62,,,
0.001312586129643023,148,,,,35,0.023367829620838165,0.007929159328341484,,63,,,
0.0032847756519913673,149,,,,35,0.250360369682312,0.07740745693445206,,64,,,
0.001611483283340931,150,,,,35,0.014877202920615673,0.005591199267655611,,65,,,
0.014841383323073387,151,,,,35,0.35636594891548157,0.11729875952005386,,66,,,
0.04033157229423523,152,,,,35,0.37623128294944763,0.14110149443149567,,67,,,
0.09710972756147385,153,,,,35,0.26830944418907166,0.14846965670585632,,68,,,
0.3332436680793762,154,,,,35,0.8250203728675842,0.48077669739723206,,69,,,
0.6574962735176086,155,,,,35,0.8790454268455505,0.7239609956741333,,70,,,
0.005024781450629234,156,,,,35,0.2184898853302002,0.06906431168317795,,71,,,
0.002006661845371127,157,,,,35,0.07196531444787979,0.022994259372353554,,72,,,
1.2281595468521118,158,,,,35,0.4681514799594879,1.000157117843628,,73,,,
0.0024102467577904463,159,,,,35,0.11177217960357666,0.03521882742643356,,74,,,
1.0609570381348021e-05,160,,,,35,0.09129925817251205,0.02739720419049263,,75,,,
0.0437658466398716,161,,,,35,0.12810643017292023,0.06906802207231522,,76,,,
0.004133135080337524,162,,,,35,0.06413356214761734,0.02213326469063759,,77,,,
0.0005790702416561544,163,,,,35,0.01359791960567236,0.004484725184738636,,78,,,
0.013168391771614552,164,,,,35,0.2578728199005127,0.08657972514629364,,79,,,
0.008694767020642757,165,,,,35,0.05577699467539787,0.022819435223937035,,80,,,
2.044818878173828,166,,,,35,1.1316876411437988,1.7708795070648193,,81,,,
0.00799538567662239,167,,,,35,0.9297919869422913,0.28453436493873596,,82,,,
0.001423775334842503,168,,,,35,0.006424581632018089,0.0029240171425044537,,83,,,
0.3196989595890045,169,,,,35,0.5517613291740417,0.38931769132614136,,84,,,
0.016622500494122505,170,,,,35,0.3114837110042572,0.10508086532354355,,85,,,
0.0002470903273206204,171,,,,35,0.038976460695266724,0.01186590176075697,,86,,,
0.0005626287311315536,172,,,,35,0.8370005488395691,0.25149402022361755,,87,,,
0.007800592575222254,173,,,,35,0.045675646513700485,0.019163109362125397,,88,,,
0.8120366334915161,174,,,,35,0.7508383393287659,0.7936771512031555,,89,,,
0.007935307919979095,175,,,,35,0.08415225148200989,0.030800390988588333,,90,,,
0.02985166199505329,176,,,,35,0.28545352816581726,0.10653223097324371,,91,,,
0.0011120808776468039,177,,,,35,0.07433746010065079,0.02307969518005848,,92,,,
0.13505452871322632,178,,,,35,0.2676263749599457,0.17482608556747437,,93,,,
0.07133116573095322,179,,,,35,0.21944685280323029,0.11576587706804276,,94,,,
0.004907230380922556,180,,,,35,0.02822859399020672,0.011903639882802963,,95,,,
0.00138853897806257,181,,,,35,0.029893727973103523,0.00994009617716074,,96,,,
0.004208992701023817,182,,,,35,0.12677234411239624,0.040977999567985535,,97,,,
0.1354273110628128,183,,,,35,0.5759329199790955,0.26757901906967163,,98,,,
0.0005886013968847692,184,,,,35,0.03802892938256264,0.011820700019598007,,99,,,
0.0007904027588665485,185,,,,35,0.06894923001527786,0.0212380513548851,,0,,,
0.0014801985817030072,186,,,,35,0.0729607343673706,0.022924359887838364,,1,,,
0.0006759266252629459,187,,,,35,0.10793425887823105,0.03285342827439308,,2,,,
0.04583219438791275,188,,,,35,0.46703410148620605,0.17219278216362,,3,,,
0.00045253525604493916,189,,,,35,0.8551711440086365,0.2568681240081787,,4,,,
0.08613463491201401,190,,,,35,0.8627800941467285,0.31912827491760254,,5,,,
0.018221719190478325,191,,,,35,0.15082518756389618,0.058002762496471405,,6,,,
0.0005235493299551308,192,,,,35,0.05346779525279999,0.016406824812293053,,7,,,
3.2782016205601394e-05,193,,,,35,0.050098467618227005,0.015052489005029202,,8,,,
0.016521429643034935,194,,,,35,0.07460236549377441,0.033945709466934204,,9,,,
0.01903844252228737,195,,,,35,0.07656680047512054,0.03629694879055023,,10,,,
0.0873575285077095,196,,,,35,0.22286981344223022,0.12801121175289154,,11,,,
1.6552553176879883,197,,,,35,1.1493319272994995,1.5034782886505127,,12,,,
7.521823135903105e-05,198,,,,35,0.05409790948033333,0.01628202758729458,,13,,,
0.00017009719158522785,199,,,,35,0.27698320150375366,0.08321402966976166,,14,,,
0.01452808640897274,200,,,,35,0.057984694838523865,0.027565069496631622,,15,,,
0.00014327930693980306,201,,,,35,0.3531160056591034,0.10603509843349457,,16,,,
0.02732185274362564,202,,,,35,0.0857628807425499,0.04485416039824486,,17,,,
7.60526381782256e-05,203,,,,35,0.013735885731875896,0.004174002446234226,,18,,,
0.021207589656114578,204,,,,35,0.21291208267211914,0.07871893793344498,,19,,,
0.008679640479385853,205,,,,35,0.11145170778036118,0.03951125964522362,,20,,,
0.023113245144486427,206,,,,35,0.10682398080825806,0.04822646826505661,,21,,,
0.04910943657159805,207,,,,35,0.35503944754600525,0.14088845252990723,,22,,,
0.0035703741014003754,208,,,,35,0.07720965892076492,0.02566215954720974,,23,,,
0.005246323999017477,209,,,,35,0.11867738515138626,0.0392756462097168,,24,,,
0.0007886160165071487,210,,,,35,0.04986424744129181,0.015511306002736092,,25,,,
0.16996312141418457,211,,,,35,1.0515843629837036,0.4344494938850403,,26,,,
0.12036637961864471,212,,,,35,0.9925382137298584,0.38201794028282166,,27,,,
0.007873333990573883,213,,,,35,0.05701829865574837,0.022616824135184288,,28,,,
0.19311997294425964,214,,,,35,0.5655163526535034,0.3048388957977295,,29,,,
0.00198560394346714,215,,,,35,0.8372191786766052,0.2525556981563568,,30,,,
0.023315327242016792,216,,,,35,0.1437586098909378,0.05944831669330597,,31,,,
0.011004944331943989,217,,,,35,0.06650622934103012,0.027655329555273056,,32,,,
0.00481991795822978,218,,,,35,0.0778186097741127,0.026719527319073677,,33,,,
0.003233920084312558,219,,,,35,0.04285798594355583,0.015121140517294407,,34,,,
0.1772315502166748,220,,,,35,0.3695509433746338,0.23492737114429474,,35,,,
0.006656259763985872,221,,,,35,0.12472561746835709,0.042077068239450455,,36,,,
0.04259204864501953,222,,,,35,0.3499722480773926,0.13480611145496368,,37,,,
0.003133864840492606,223,,,,35,0.052201420068740845,0.017854133620858192,,38,,,
0.1364068239927292,224,,,,35,0.40063929557800293,0.21567657589912415,,39,,,
0.0037139742635190487,225,,,,35,0.03011118806898594,0.011633139103651047,,40,,,
0.0017422748496755958,226,,,,35,0.04112537205219269,0.01355720404535532,,41,,,
0.001453058677725494,227,,,,35,0.23971521854400635,0.07293170690536499,,42,,,
0.007594285998493433,228,,,,35,0.27347925305366516,0.08735977858304977,,43,,,
0.04312700033187866,229,,,,35,0.17257891595363617,0.08196257799863815,,44,,,
0.13615946471691132,230,,,,35,0.4045608341693878,0.2166798710823059,,45,,,
0.3358728289604187,231,,,,35,0.36494508385658264,0.3445945084095001,,46,,,
0.018524382263422012,232,,,,35,0.10307905077934265,0.04389078542590141,,47,,,
0.0004232226056046784,233,,,,35,0.13771295547485352,0.04161014407873154,,48,,,
0.00263450900092721,234,,,,35,0.023141242563724518,0.008786529302597046,,49,,,
0.0003939091111533344,235,,,,35,0.006312675308436155,0.002169538987800479,,50,,,
0.02444390580058098,236,,,,35,0.09034266322851181,0.04421353340148926,,51,,,
0.006204628385603428,237,,,,35,0.10592585802078247,0.03612099587917328,,52,,,
0.02039041742682457,238,,,,35,0.17414771020412445,0.06651760637760162,,53,,,
0.06783860921859741,239,,,,35,0.24835427105426788,0.1219933032989502,,54,,,
0.00027926836628466845,240,,,,35,0.07412102073431015,0.022431794553995132,,55,,,
0.0004642124113161117,241,,,,35,0.013813423924148083,0.004468976054340601,,56,,,
1.699526309967041,242,,,,35,1.2484098672866821,1.5641913414001465,,57,,,
0.06326975673437119,243,,,,35,0.3380478322505951,0.14570318162441254,,58,,,
0.06438958644866943,244,,,,35,0.24509750306606293,0.1186019629240036,,59,,,
0.0016055324813351035,245,,,,35,0.04171951487660408,0.013639727607369423,,60,,,
0.05261022597551346,246,,,,35,0.22808466851711273,0.10525256395339966,,61,,,
0.0017515569925308228,247,,,,35,0.30195361375808716,0.09181217849254608,,62,,,
0.0037783440202474594,248,,,,35,0.05010192096233368,0.01767541840672493,,63,,,
0.0009242791566066444,249,,,,35,0.28355464339256287,0.08571338653564453,,64,,,
0.013473528437316418,250,,,,35,0.47085967659950256,0.15068937838077545,,65,,,
0.08282484859228134,251,,,,35,0.27984175086021423,0.14192992448806763,,66,,,
0.000666277133859694,252,,,,35,0.020422717556357384,0.006593209225684404,,67,,,
0.0006426891195587814,253,,,,35,0.10682639479637146,0.03249780088663101,,68,,,
0.041874486953020096,254,,,,35,0.1324959248304367,0.06906092166900635,,69,,,
0.004724055528640747,255,,,,35,0.32739144563674927,0.10152427107095718,,70,,,
0.0007571690948680043,256,,,,35,0.0077918595634400845,0.002867576200515032,,71,,,
0.00033682872890494764,257,,,,35,0.012093356810510159,0.003863787278532982,,72,,,
0.0005035324720665812,258,,,,35,0.053550343960523605,0.016417576000094414,,73,,,
0.018474647775292397,259,,,,35,0.06783387064933777,0.03328241407871246,,74,,,
0.014284618198871613,260,,,,35,0.0648394450545311,0.029451066628098488,,75,,,
0.00451545137912035,261,,,,35,0.11463519930839539,0.03755137696862221,,76,,,
0.32139694690704346,262,,,,35,0.3638678789138794,0.33413824439048767,,77,,,
0.04030168801546097,263,,,,35,0.7603948712348938,0.25632965564727783,,78,,,
0.11483034491539001,264,,,,35,0.6606333255767822,0.2785712480545044,,79,,,
0.01326674222946167,265,,,,35,0.1457546204328537,0.05301310867071152,,80,,,
0.0470963679254055,266,,,,35,0.5248055458068848,0.1904091238975525,,81,,,
0.05817753076553345,267,,,,35,0.6633633971214294,0.23973330855369568,,82,,,
,,,,,35,,,,83,0.12132271379232407,0.8684210777282715,0.6444997787475586
0.03399254381656647,0,,,,36,0.06616585701704025,0.04364454001188278,,84,,,
0.10892390459775925,1,,,,36,0.9913560748100281,0.3736535608768463,,85,,,
0.008800175972282887,2,,,,36,0.12382116168737411,0.04330646991729736,,86,,,
0.008333197794854641,3,,,,36,0.02951006591320038,0.014686258509755135,,87,,,
0.10243073850870132,4,,,,36,0.3084106743335724,0.16422471404075623,,88,,,
0.3151795268058777,5,,,,36,0.5227833390235901,0.37746065855026245,,89,,,
0.008039969019591808,6,,,,36,0.08801387995481491,0.03203214332461357,,90,,,
0.1524546593427658,7,,,,36,0.45487335324287415,0.2431802749633789,,91,,,
0.0005066303419880569,8,,,,36,0.0154349310323596,0.004985120613127947,,92,,,
0.0005828827270306647,9,,,,36,0.40687379240989685,0.12247015535831451,,93,,,
0.07544597238302231,10,,,,36,0.25545749068260193,0.12944942712783813,,94,,,
2.0685720443725586,11,,,,36,1.0075252056121826,1.750257968902588,,95,,,
0.43347620964050293,12,,,,36,0.5551612377166748,0.46998170018196106,,96,,,
0.0005819296347908676,13,,,,36,0.1645621955394745,0.04977601021528244,,97,,,
1.2905504703521729,14,,,,36,0.9873835444450378,1.1996004581451416,,98,,,
0.00957550946623087,15,,,,36,0.11323577165603638,0.04067358747124672,,99,,,
0.02928953431546688,16,,,,36,0.05488382279872894,0.036967821419239044,,0,,,
0.010819581337273121,17,,,,36,0.11187771707773209,0.04113702476024628,,1,,,
0.04438615217804909,18,,,,36,0.5589885115623474,0.19876687228679657,,2,,,
0.0005411829333752394,19,,,,36,0.02392931841313839,0.007557624019682407,,3,,,
0.005164140835404396,20,,,,36,0.044584792107343674,0.016990335658192635,,4,,,
0.0032524564303457737,21,,,,36,0.2791573405265808,0.08602392673492432,,5,,,
0.01306108944118023,22,,,,36,0.2335810661315918,0.0792170837521553,,6,,,
0.00016139635408762842,23,,,,36,0.024458259344100952,0.007450455334037542,,7,,,
0.00031001531169749796,24,,,,36,0.18008436262607574,0.054242320358753204,,8,,,
0.004007286392152309,25,,,,36,0.2899733781814575,0.08979711681604385,,9,,,
0.00032062159152701497,26,,,,36,0.10553813725709915,0.03188587725162506,,10,,,
0.17062096297740936,27,,,,36,0.20885561406612396,0.1820913553237915,,11,,,
0.9980577230453491,28,,,,36,0.7885820269584656,0.9352149963378906,,12,,,
0.14639681577682495,29,,,,36,0.3976854383945465,0.22178339958190918,,13,,,
0.039229616522789,30,,,,36,0.10293444246053696,0.05834106355905533,,14,,,
0.007082830648869276,31,,,,36,0.041325341910123825,0.017355583608150482,,15,,,
0.02876647189259529,32,,,,36,0.3929075300693512,0.13800878822803497,,16,,,
0.005973581690341234,33,,,,36,0.04233032837510109,0.01688060536980629,,17,,,
0.002178321359679103,34,,,,36,0.0282957311719656,0.010013544000685215,,18,,,
0.0004260824352968484,35,,,,36,0.34531739354133606,0.1038934737443924,,19,,,
0.020516790449619293,36,,,,36,0.07497824728488922,0.03685522824525833,,20,,,
0.00024399164249189198,37,,,,36,0.005892918910831213,0.0019386699423193932,,21,,,
0.005738451145589352,38,,,,36,0.02874222956597805,0.012639585882425308,,22,,,
0.008623385801911354,39,,,,36,0.4648562967777252,0.1454932689666748,,23,,,
0.0009943069890141487,40,,,,36,0.034001100808382034,0.010896345600485802,,24,,,
0.060059212148189545,41,,,,36,0.21371470391750336,0.10615585744380951,,25,,,
0.008467132225632668,42,,,,36,0.06196613237261772,0.024516833946108818,,26,,,
0.0054733892902731895,43,,,,36,0.05720937252044678,0.02099418453872204,,27,,,
0.5171257853507996,44,,,,36,0.6301022171974182,0.5510187149047852,,28,,,
0.009872064925730228,45,,,,36,0.24373610317707062,0.08003127574920654,,29,,,
0.04181057959794998,46,,,,36,0.14797382056713104,0.07365955412387848,,30,,,
0.4254625737667084,47,,,,36,0.5345345139503479,0.458184152841568,,31,,,
0.002783355303108692,48,,,,36,0.308415025472641,0.09447286278009415,,32,,,
0.17676104605197906,49,,,,36,0.36593571305274963,0.23351344466209412,,33,,,
0.11019464582204819,50,,,,36,0.27433234453201294,0.1594359576702118,,34,,,
0.06601337343454361,51,,,,36,0.337247371673584,0.14738357067108154,,35,,,
0.06006965413689613,52,,,,36,0.17501868307590485,0.0945543646812439,,36,,,
0.059345994144678116,53,,,,36,0.388298898935318,0.1580318659543991,,37,,,
0.03656451404094696,54,,,,36,0.3649446964263916,0.1350785791873932,,38,,,
0.10993815213441849,55,,,,36,0.6068149209022522,0.2590011954307556,,39,,,
0.01716144196689129,56,,,,36,0.21752043068408966,0.07726914435625076,,40,,,
0.00030429501202888787,57,,,,36,0.5030742287635803,0.15113528072834015,,41,,,
0.8011981248855591,58,,,,36,0.8648228049278259,0.8202855587005615,,42,,,
0.002078279387205839,59,,,,36,0.09284291416406631,0.029307670891284943,,43,,,
0.016011470928788185,60,,,,36,0.27926984429359436,0.09498898684978485,,44,,,
0.0008968859910964966,61,,,,36,0.029865818098187447,0.009587566368281841,,45,,,
0.0009626284008845687,62,,,,36,0.18758636713027954,0.05694975331425667,,46,,,
0.013383785262703896,63,,,,36,0.21245254576206207,0.07310441881418228,,47,,,
0.0011872155591845512,64,,,,36,0.043845321983098984,0.013984647579491138,,48,,,
0.004140258301049471,65,,,,36,0.06746476143598557,0.023137610405683517,,49,,,
0.0006529344827868044,66,,,,36,0.03698854520916939,0.011553618125617504,,50,,,
0.015368960797786713,67,,,,36,0.28202494978904724,0.09536576271057129,,51,,,
0.2302308827638626,68,,,,36,0.3634725511074066,0.2702033817768097,,52,,,
0.0041762287728488445,69,,,,36,0.42616358399391174,0.1307724416255951,,53,,,
0.07590784132480621,70,,,,36,0.1402677446603775,0.0952158123254776,,54,,,
0.007577486336231232,71,,,,36,0.15723717212677002,0.05247539281845093,,55,,,
0.003958248998969793,72,,,,36,1.1268788576126099,0.34083443880081177,,56,,,
8.237022848334163e-05,73,,,,36,0.061347607523202896,0.018461942672729492,,57,,,
0.013403310440480709,74,,,,36,0.5317155718803406,0.16889700293540955,,58,,,
0.006890701130032539,75,,,,36,0.17777951061725616,0.05815734714269638,,59,,,
0.08405924588441849,76,,,,36,0.16370512545108795,0.1079530119895935,,60,,,
0.023201653733849525,77,,,,36,0.14872074127197266,0.0608573779463768,,61,,,
0.002513109240680933,78,,,,36,0.022811459377408028,0.008602614514529705,,62,,,
0.6887140870094299,79,,,,36,0.726361095905304,0.70000821352005,,63,,,
8.594620157964528e-05,80,,,,36,0.016446245834231377,0.004994036629796028,,64,,,
0.002449490362778306,81,,,,36,0.06704863160848618,0.021829232573509216,,65,,,
0.0068481978960335255,82,,,,36,0.073694609105587,0.026902122423052788,,66,,,
0.00958495493978262,83,,,,36,0.04191640391945839,0.019284389913082123,,67,,,
0.0003580405900720507,84,,,,36,0.02788642793893814,0.008616557344794273,,68,,,
0.036108601838350296,85,,,,36,0.298915296792984,0.11495061218738556,,69,,,
0.05633354187011719,86,,,,36,0.38504648208618164,0.154947429895401,,70,,,
0.001111961784772575,87,,,,36,0.08629477769136429,0.026666807010769844,,71,,,
0.09362956136465073,88,,,,36,0.713275671005249,0.27952340245246887,,72,,,
0.0039006590377539396,89,,,,36,0.026303738355636597,0.010621583089232445,,73,,,
0.010556806810200214,90,,,,36,0.1341838836669922,0.04764493182301521,,74,,,
0.00010847456724150106,91,,,,36,0.2868637144565582,0.08613504469394684,,75,,,
0.009420230984687805,92,,,,36,0.16350600123405457,0.05564596503973007,,76,,,
0.0016379047883674502,93,,,,36,0.024746255949139595,0.008570410311222076,,77,,,
0.0038285781629383564,94,,,,36,0.025477929040789604,0.010323382914066315,,78,,,
0.0415450744330883,95,,,,36,0.2638551592826843,0.1082381010055542,,79,,,
0.00020597243565134704,96,,,,36,0.047185685485601425,0.014299887232482433,,80,,,
4.088794958079234e-05,97,,,,36,0.05498829111456871,0.016525110229849815,,81,,,
0.0825381800532341,98,,,,36,0.2869965434074402,0.14387568831443787,,82,,,
0.005913737695664167,99,,,,36,0.04303537681698799,0.017050229012966156,,83,,,
0.035674914717674255,100,,,,36,0.2299593687057495,0.09396025538444519,,84,,,
0.007262496743351221,101,,,,36,0.06198666989803314,0.02367974817752838,,85,,,
0.029559815302491188,102,,,,36,0.25228336453437805,0.09637688100337982,,86,,,
0.008156679570674896,103,,,,36,0.1099649965763092,0.03869917616248131,,87,,,
0.025330765172839165,104,,,,36,0.06460312008857727,0.03711247444152832,,88,,,
0.0010868363315239549,105,,,,36,0.007106956094503403,0.00289287231862545,,89,,,
0.11278656870126724,106,,,,36,0.7075682282447815,0.29122108221054077,,90,,,
0.0023732611443847418,107,,,,36,0.08307398855686188,0.026583479717373848,,91,,,
0.5566463470458984,108,,,,36,0.41946229338645935,0.5154911279678345,,92,,,
0.033314790576696396,109,,,,36,0.11252140253782272,0.057076774537563324,,93,,,
0.0003535122668836266,110,,,,36,0.032319072633981705,0.009943180717527866,,94,,,
0.01755017414689064,111,,,,36,0.2589954435825348,0.0899837538599968,,95,,,
0.00417053047567606,112,,,,36,0.1370171159505844,0.044024508446455,,96,,,
0.0028613361064344645,113,,,,36,0.028849422931671143,0.010657762177288532,,97,,,
0.00021669900161214173,114,,,,36,0.15693797171115875,0.047233082354068756,,98,,,
0.005763696972280741,115,,,,36,0.2847927212715149,0.08947240561246872,,99,,,
0.001157329068519175,116,,,,36,0.05343444272875786,0.016840463504195213,,0,,,
0.05066811293363571,117,,,,36,0.24168962240219116,0.1079745665192604,,1,,,
0.017121482640504837,118,,,,36,0.10052219033241272,0.04214169830083847,,2,,,
0.0005329619161784649,119,,,,36,0.026262441650032997,0.008251805789768696,,3,,,
0.0009696549386717379,120,,,,36,0.09877169132232666,0.030310267582535744,,4,,,
0.00013565097469836473,121,,,,36,0.008872855454683304,0.002756812609732151,,5,,,
0.012398784048855305,122,,,,36,0.10487642139196396,0.04014207422733307,,6,,,
0.000302030734019354,123,,,,36,0.8591052889823914,0.2579430043697357,,7,,,
0.0066504571586847305,124,,,,36,0.22159461677074432,0.07113370299339294,,8,,,
0.26945000886917114,125,,,,36,0.6770467758178711,0.39172905683517456,,9,,,
0.28081509470939636,126,,,,36,0.43690982460975647,0.3276435136795044,,10,,,
0.011170115321874619,127,,,,36,0.03224446251988411,0.017492420971393585,,11,,,
0.002303448738530278,128,,,,36,0.04797166585922241,0.016003914177417755,,12,,,
0.00042060110718011856,129,,,,36,0.040387049317359924,0.012410536408424377,,13,,,
0.004014766775071621,130,,,,36,0.15307071805000305,0.04873155429959297,,14,,,
0.0042863879352808,131,,,,36,0.2532186210155487,0.07896605879068375,,15,,,
0.0006568658282049,132,,,,36,0.0185417290776968,0.006022324785590172,,16,,,
0.0008803306263871491,133,,,,36,0.05899558588862419,0.0183149091899395,,17,,,
0.003256971715018153,134,,,,36,0.10910845547914505,0.035012420266866684,,18,,,
0.00405311631038785,135,,,,36,0.077660471200943,0.02613532356917858,,19,,,
0.012417621910572052,136,,,,36,0.0973181203007698,0.03788777440786362,,20,,,
0.006224175915122032,137,,,,36,0.41175293922424316,0.12788280844688416,,21,,,
0.0004905451205559075,138,,,,36,0.007217964623123407,0.002508771140128374,,22,,,
0.0004247716860845685,139,,,,36,0.012336383573710918,0.003998255357146263,,23,,,
0.008411574177443981,140,,,,36,1.9768303632736206,0.5989372134208679,,24,,,
0.0032078970689326525,141,,,,36,0.23172779381275177,0.07176387310028076,,25,,,
0.003923339303582907,142,,,,36,0.020752500742673874,0.008972087875008583,,26,,,
0.0172706488519907,143,,,,36,0.27826806902885437,0.09556987881660461,,27,,,
0.05923701822757721,144,,,,36,0.39050984382629395,0.15861886739730835,,28,,,
0.18290108442306519,145,,,,36,0.5599197745323181,0.2960066795349121,,29,,,
0.02138672024011612,146,,,,36,0.43981608748435974,0.14691554009914398,,30,,,
0.00015793983766343445,147,,,,36,0.11855939775705338,0.035678379237651825,,31,,,
0.0016839622985571623,148,,,,36,0.07529047876596451,0.023765917867422104,,32,,,
0.007175271399319172,149,,,,36,0.3623819649219513,0.11373728513717651,,33,,,
0.007501173764467239,150,,,,36,0.2818450927734375,0.08980435132980347,,34,,,
0.17737950384616852,151,,,,36,0.5051970481872559,0.27572476863861084,,35,,,
0.07289540767669678,152,,,,36,0.254343718290329,0.12732990086078644,,36,,,
0.024297667667269707,153,,,,36,0.08838292956352234,0.04352324828505516,,37,,,
0.0013486584648489952,154,,,,36,0.02879388816654682,0.009582228027284145,,38,,,
0.9036723375320435,155,,,,36,0.8676414489746094,0.8928630352020264,,39,,,
0.006074656266719103,156,,,,36,0.1390545815229416,0.04596863314509392,,40,,,
0.0008844992844387889,157,,,,36,0.04628964886069298,0.014506044797599316,,41,,,
0.00022575691400561482,158,,,,36,0.013330213725566864,0.004157094284892082,,42,,,
0.0004378790326882154,159,,,,36,0.005366187542676926,0.001916371751576662,,43,,,
0.0036960402503609657,160,,,,36,0.017127102240920067,0.0077253589406609535,,44,,,
0.0025238110683858395,161,,,,36,0.12527361512184143,0.039348751306533813,,45,,,
0.19574183225631714,162,,,,36,0.3826815187931061,0.2518237233161926,,46,,,
0.000597179401665926,163,,,,36,0.01081173773854971,0.003661547088995576,,47,,,
0.0002351722796447575,164,,,,36,0.012652364559471607,0.003960330039262772,,48,,,
0.00700813764706254,165,,,,36,0.04802281782031059,0.0193125419318676,,49,,,
0.015796173363924026,166,,,,36,0.05773351714015007,0.02837737649679184,,50,,,
0.0007039214833639562,167,,,,36,0.08258768171072006,0.025269050151109695,,51,,,
0.00032360086333937943,168,,,,36,0.09708934277296066,0.029353324323892593,,52,,,
0.49254029989242554,169,,,,36,0.7378339767456055,0.5661284327507019,,53,,,
0.061051663011312485,170,,,,36,0.11568006873130798,0.07744018733501434,,54,,,
0.01554902270436287,171,,,,36,0.4723421335220337,0.15258696675300598,,55,,,
0.04262369126081467,172,,,,36,0.3404233157634735,0.1319635808467865,,56,,,
0.0008981961291283369,173,,,,36,0.010239713825285435,0.0037006514612585306,,57,,,
0.2910785377025604,174,,,,36,0.5258542895317078,0.3615112900733948,,58,,,
0.00018904806347563863,175,,,,36,0.006948221009224653,0.0022168001160025597,,59,,,
0.002570303389802575,176,,,,36,0.28829559683799744,0.08828788995742798,,60,,,
0.008685313165187836,177,,,,36,0.0747191533446312,0.028495464473962784,,61,,,
0.00040260792593471706,178,,,,36,0.2946528494358063,0.08867768198251724,,62,,,
0.0005515484372153878,179,,,,36,0.4884646236896515,0.14692547917366028,,63,,,
0.03302418440580368,180,,,,36,0.17314040660858154,0.07505905628204346,,64,,,
0.007424855139106512,181,,,,36,0.0646604597568512,0.024595536291599274,,65,,,
0.0008646087371744215,182,,,,36,0.019865967333316803,0.006565016694366932,,66,,,
0.07058361917734146,183,,,,36,0.1309831589460373,0.08870348334312439,,67,,,
0.0014893640764057636,184,,,,36,0.011214450001716614,0.004406889900565147,,68,,,
0.0004677870310842991,185,,,,36,0.01402710098773241,0.004535580985248089,,69,,,
0.0011617346899583936,186,,,,36,0.039307355880737305,0.012605421245098114,,70,,,
0.004559596534818411,187,,,,36,0.08166591078042984,0.027691490948200226,,71,,,
0.001053493469953537,188,,,,36,0.01717342995107174,0.005889474414288998,,72,,,
0.019725002348423004,189,,,,36,0.12447652965784073,0.05115046352148056,,73,,,
0.2538893222808838,190,,,,36,1.3841582536697388,0.5929700136184692,,74,,,
0.0077125863172113895,191,,,,36,0.08738026022911072,0.03161289170384407,,75,,,
9.762764238985255e-05,192,,,,36,0.12495309114456177,0.037554267793893814,,76,,,
0.08960223942995071,193,,,,36,0.7433746457099915,0.2857339680194855,,77,,,
0.0013953244779258966,194,,,,36,0.025280820205807686,0.008560973219573498,,78,,,
2.201101779937744,195,,,,36,1.0165539979934692,1.8457374572753906,,79,,,
0.002266816096380353,196,,,,36,0.07970481365919113,0.02549821510910988,,80,,,
0.0006117141456343234,197,,,,36,1.0600327253341675,0.31843802332878113,,81,,,
0.0027616003062576056,198,,,,36,0.01922631822526455,0.007701016031205654,,82,,,
0.0034938741009682417,199,,,,36,0.13323529064655304,0.042416300624608994,,83,,,
0.06954910606145859,200,,,,36,0.6035246253013611,0.22974176704883575,,84,,,
0.0188106931746006,201,,,,36,0.7751140594482422,0.24570171535015106,,85,,,
0.012903056107461452,202,,,,36,0.2829473912715912,0.09391635656356812,,86,,,
0.0008253029081970453,203,,,,36,0.07923250645399094,0.024347465485334396,,87,,,
0.004216708708554506,204,,,,36,0.03945806622505188,0.014789115637540817,,88,,,
0.003839622251689434,205,,,,36,0.058133382350206375,0.02012775093317032,,89,,,
0.02192065306007862,206,,,,36,0.8412285447120667,0.2677130401134491,,90,,,
0.02773471362888813,207,,,,36,0.08145865797996521,0.04385189712047577,,91,,,
0.006524806842207909,208,,,,36,0.3007005751132965,0.09477753937244415,,92,,,
0.0019858418963849545,209,,,,36,0.4312742054462433,0.13077235221862793,,93,,,
0.0003071551618631929,210,,,,36,0.012161786668002605,0.0038635446690022945,,94,,,
0.0008544846205040812,211,,,,36,0.08994877338409424,0.027582773938775063,,95,,,
0.005611381959170103,212,,,,36,0.03727519139647484,0.01511052530258894,,96,,,
0.0032042134553194046,213,,,,36,0.10090827941894531,0.03251543641090393,,97,,,
0.06492261588573456,214,,,,36,1.213168978691101,0.40939652919769287,,98,,,
0.0014863882679492235,215,,,,36,0.06105528399348259,0.01935705728828907,,99,,,
0.05781249329447746,216,,,,36,0.4599909484386444,0.17846602201461792,,0,,,
0.05965881422162056,217,,,,36,1.06973135471344,0.362680584192276,,1,,,
0.03108464553952217,218,,,,36,0.2275208979845047,0.09001552313566208,,2,,,
0.005614582449197769,219,,,,36,0.3990536034107208,0.12364629656076431,,3,,,
0.008305533789098263,220,,,,36,0.1287844181060791,0.044449202716350555,,4,,,
0.00995881948620081,221,,,,36,0.06724222749471664,0.027143841609358788,,5,,,
0.12015455216169357,222,,,,36,0.5628786683082581,0.2529717981815338,,6,,,
0.004049079492688179,223,,,,36,0.3209347724914551,0.099114790558815,,7,,,
0.017699042335152626,224,,,,36,0.2895621359348297,0.09925797581672668,,8,,,
0.004486020188778639,225,,,,36,0.02970750443637371,0.012052465230226517,,9,,,
0.1095469743013382,226,,,,36,0.25935354828834534,0.1544889509677887,,10,,,
5.066266385256313e-05,227,,,,36,0.020511716604232788,0.006188978906720877,,11,,,
0.027393419295549393,228,,,,36,0.14630992710590363,0.06306837499141693,,12,,,
0.00028975578607060015,229,,,,36,0.013150590471923351,0.004148006439208984,,13,,,
0.07705622166395187,230,,,,36,0.18985728919506073,0.11089654266834259,,14,,,
2.729855441430118e-05,231,,,,36,0.1780916452407837,0.053446605801582336,,15,,,
0.015474255196750164,232,,,,36,0.1648436337709427,0.060285069048404694,,16,,,
0.0008420973899774253,233,,,,36,0.010547974146902561,0.003753860481083393,,17,,,
0.00022206225548870862,234,,,,36,0.009806567803025246,0.0030974140390753746,,18,,,
0.00010847456724150106,235,,,,36,0.02968440391123295,0.008981253951787949,,19,,,
0.09417902678251266,236,,,,36,0.39169713854789734,0.18343445658683777,,20,,,
0.003598644398152828,237,,,,36,0.06315642595291138,0.021465979516506195,,21,,,
0.00019810620869975537,238,,,,36,0.034489069133996964,0.010485394857823849,,22,,,
0.006172996014356613,239,,,,36,0.0339028537273407,0.014491952955722809,,23,,,
0.0008214913541451097,240,,,,36,0.3574714958667755,0.10781649500131607,,24,,,
7.581423415103927e-05,241,,,,36,0.002736486727371812,0.0008740160265006125,,25,,,
0.025907320901751518,242,,,,36,0.15582537651062012,0.06488274037837982,,26,,,
0.00012146688823122531,243,,,,36,0.0046407426707446575,0.0014772496651858091,,27,,,
0.0008063640561886132,244,,,,36,0.013798330910503864,0.004703953862190247,,28,,,
0.00199773907661438,245,,,,36,0.023216621950268745,0.00836340431123972,,29,,,
0.00011169286881340668,246,,,,36,0.046723395586013794,0.014095204882323742,,30,,,
0.02952856570482254,247,,,,36,0.5608831644058228,0.18893495202064514,,31,,,
0.0009213017183355987,248,,,,36,0.023611797019839287,0.00772845046594739,,32,,,
0.01827193610370159,249,,,,36,0.1941595822572708,0.07103823125362396,,33,,,
1.7404405298293568e-05,250,,,,36,0.598965585231781,0.17970186471939087,,34,,,
0.008921878412365913,251,,,,36,0.11476848274469376,0.04067585989832878,,35,,,
0.0002668739762157202,252,,,,36,0.35469090938568115,0.10659408569335938,,36,,,
0.0052848635241389275,253,,,,36,0.3374471664428711,0.10493355989456177,,37,,,
0.012465069070458412,254,,,,36,0.08423230797052383,0.033995240926742554,,38,,,
0.0005129451747052372,255,,,,36,0.023235326632857323,0.007329660002142191,,39,,,
0.0019873883575201035,256,,,,36,0.47110357880592346,0.1427222490310669,,40,,,
0.0010338444262742996,257,,,,36,0.007613047957420349,0.0030076056718826294,,41,,,
0.0005560758872888982,258,,,,36,0.05965150520205498,0.01828470639884472,,42,,,
0.0034768865443766117,259,,,,36,0.05763610079884529,0.01972465217113495,,43,,,
0.02655865252017975,260,,,,36,0.14187978208065033,0.06115499138832092,,44,,,
0.0033956270199269056,261,,,,36,0.01821061037480831,0.00784012209624052,,45,,,
0.477878212928772,262,,,,36,0.9988642334938049,0.6341739892959595,,46,,,
0.05008808895945549,263,,,,36,0.3452141582965851,0.13862591981887817,,47,,,
0.05206550285220146,264,,,,36,0.16678625345230103,0.0864817351102829,,48,,,
0.37065982818603516,265,,,,36,0.3992011845111847,0.37922224402427673,,49,,,
0.015514984726905823,266,,,,36,0.3585098683834076,0.11841345578432083,,50,,,
0.0007917130133137107,267,,,,36,0.0178254134953022,0.005901823751628399,,51,,,
,,,,,36,,,,52,0.12266818434000015,0.7894737124443054,0.8866170644760132
0.004206737503409386,0,,,,37,0.0675305500626564,0.023203883320093155,,53,,,
0.0011386347468942404,1,,,,37,0.2621585726737976,0.07944461703300476,,54,,,
0.10719329863786697,2,,,,37,0.9476529955863953,0.3593312203884125,,55,,,
0.046558529138565063,3,,,,37,0.2735661268234253,0.11466081440448761,,56,,,
0.1016036793589592,4,,,,37,0.8400890231132507,0.32314926385879517,,57,,,
0.0002112165529979393,5,,,,37,0.5721347332000732,0.1717882752418518,,58,,,
0.0146036297082901,6,,,,37,0.2694571018218994,0.09105966985225677,,59,,,
6.890059739816934e-05,7,,,,37,0.05821414291858673,0.017512474209070206,,60,,,
0.00034421717282384634,8,,,,37,0.009768451564013958,0.0031714877113699913,,61,,,
8.093983342405409e-05,9,,,,37,0.08320357650518417,0.02501773275434971,,62,,,
0.0244392529129982,10,,,,37,0.6523328423500061,0.2128073275089264,,63,,,
0.00012432756193447858,11,,,,37,0.638053834438324,0.19150318205356598,,64,,,
0.000288087350782007,12,,,,37,0.008669127710163593,0.0028023994527757168,,65,,,
0.03624933212995529,13,,,,37,0.19008342921733856,0.08239956200122833,,66,,,
0.0005958688561804593,14,,,,37,0.030044356361031532,0.0094304159283638,,67,,,
0.01005961000919342,15,,,,37,0.1761125922203064,0.05987550690770149,,68,,,
9.7508447652217e-05,16,,,,37,0.006615733727812767,0.0020529760513454676,,69,,,
0.053008370101451874,17,,,,37,0.3167121112346649,0.13211950659751892,,70,,,
0.05480940639972687,18,,,,37,0.41731467843055725,0.16356100142002106,,71,,,
0.0036981781013309956,19,,,,37,0.035392675548791885,0.013206527568399906,,72,,,
0.010067516937851906,20,,,,37,0.051787082105875015,0.022583385929465294,,73,,,
5.507317473529838e-05,21,,,,37,0.06788654625415802,0.0204045157879591,,74,,,
0.14931538701057434,22,,,,37,0.8098872303962708,0.3474869430065155,,75,,,
0.006585798226296902,23,,,,37,0.2802470624446869,0.08868418633937836,,76,,,
0.0014169900678098202,24,,,,37,0.04097839817404747,0.013285413384437561,,77,,,
0.02134564518928528,25,,,,37,0.3156031668186188,0.10962291061878204,,78,,,
0.002686821622774005,26,,,,37,0.12218901515007019,0.03853748366236687,,79,,,
0.001505790394730866,27,,,,37,0.019717993214726448,0.006969451438635588,,80,,,
0.011557881720364094,28,,,,37,0.06707010418176651,0.028211548924446106,,81,,,
0.21315117180347443,29,,,,37,0.9313821792602539,0.42862045764923096,,82,,,
0.03577417880296707,30,,,,37,0.8253869414329529,0.27265802025794983,,83,,,
0.00016842853801790625,31,,,,37,0.08439711481332779,0.02543703466653824,,84,,,
3.111314072157256e-05,32,,,,37,0.0009397806134074926,0.0003037134010810405,,85,,,
0.000625176471658051,33,,,,37,0.5248810052871704,0.15790192782878876,,86,,,
1.0395333766937256,34,,,,37,1.1734833717346191,1.0797183513641357,,87,,,
0.014107266440987587,35,,,,37,0.1104234829545021,0.04300213232636452,,88,,,
0.0014060382964089513,36,,,,37,0.05142196640372276,0.016410816460847855,,89,,,
0.043174609541893005,37,,,,37,0.5465733408927917,0.1941942274570465,,90,,,
0.04526177793741226,38,,,,37,0.9139708876609802,0.3058745265007019,,91,,,
0.005910893436521292,39,,,,37,0.36899232864379883,0.11483532935380936,,92,,,
0.0012627016985788941,40,,,,37,0.027658293023705482,0.009181379340589046,,93,,,
0.0027350897435098886,41,,,,37,0.022020729258656502,0.008520781993865967,,94,,,
0.009003044106066227,42,,,,37,0.10558551549911499,0.037977784872055054,,95,,,
0.8166269659996033,43,,,,37,1.0289267301559448,0.8803169131278992,,96,,,
0.004156522452831268,44,,,,37,0.3406499922275543,0.10510456562042236,,97,,,
0.004350720904767513,45,,,,37,0.07073426991701126,0.02426578663289547,,98,,,
0.005365139339119196,46,,,,37,0.07247895002365112,0.025499282404780388,,99,,,
1.99403715133667,47,,,,37,1.090207815170288,1.7228883504867554,,0,,,
0.00435594329610467,48,,,,37,0.0646052286028862,0.022430729120969772,,1,,,
0.012275973334908485,49,,,,37,0.1152503564953804,0.043168291449546814,,2,,,
0.05676940456032753,50,,,,37,0.23311226069927216,0.10967226326465607,,3,,,
0.01853339374065399,51,,,,37,0.17067009210586548,0.06417440623044968,,4,,,
0.0012742503313347697,52,,,,37,0.45650336146354675,0.13784298300743103,,5,,,
0.001191859133541584,53,,,,37,0.024658650159835815,0.00823189690709114,,6,,,
0.026183977723121643,54,,,,37,0.41236186027526855,0.14203734695911407,,7,,,
0.03447234258055687,55,,,,37,0.5961465239524841,0.2029746025800705,,8,,,
0.01909317821264267,56,,,,37,0.18105101585388184,0.06768053025007248,,9,,,
0.004295408725738525,57,,,,37,0.21732906997203827,0.06820551306009293,,10,,,
0.0018566290382295847,58,,,,37,0.016790922731161118,0.006336917169392109,,11,,,
0.004237719811499119,59,,,,37,0.03745734691619873,0.01420360803604126,,12,,,
0.0006086166249588132,60,,,,37,0.02289188653230667,0.007293597795069218,,13,,,
0.06379923969507217,61,,,,37,0.26974183320999146,0.1255820095539093,,14,,,
0.01811191439628601,62,,,,37,0.07437523454427719,0.034990910440683365,,15,,,
0.0001565095444675535,63,,,,37,0.005701249465346336,0.0018199316691607237,,16,,,
0.038642000406980515,64,,,,37,0.17916721105575562,0.08079956471920013,,17,,,
0.014348075725138187,65,,,,37,0.33123528957366943,0.109414242208004,,18,,,
2.245635986328125,66,,,,37,1.0270953178405762,1.8800737857818604,,19,,,
0.0014391313306987286,67,,,,37,0.015497875399887562,0.005656755063682795,,20,,,
0.005758363753557205,68,,,,37,0.11083921045064926,0.03728261962532997,,21,,,
0.01793055795133114,69,,,,37,0.2188677340745926,0.078211709856987,,22,,,
0.022013599053025246,70,,,,37,0.09887204319238663,0.045071132481098175,,23,,,
0.08565427362918854,71,,,,37,0.4846443831920624,0.205351322889328,,24,,,
0.0016069606645032763,72,,,,37,0.024101687595248222,0.008355379104614258,,25,,,
0.26314106583595276,73,,,,37,0.7235076427459717,0.40125101804733276,,26,,,
0.00024923557066358626,74,,,,37,0.011162183247506618,0.0035231199581176043,,27,,,
0.15739957988262177,75,,,,37,0.24972254037857056,0.18509647250175476,,28,,,
0.00012635385792236775,76,,,,37,0.07376354932785034,0.022217513993382454,,29,,,
0.013849234208464622,77,,,,37,0.9038681983947754,0.2808549404144287,,30,,,
0.022962268441915512,78,,,,37,0.2044575959444046,0.07741086930036545,,31,,,
0.006285304669290781,79,,,,37,0.03850705921649933,0.01595183089375496,,32,,,
0.0009259465732611716,80,,,,37,0.032807495445013046,0.010490410961210728,,33,,,
0.006238866131752729,81,,,,37,0.052930522710084915,0.020246364176273346,,34,,,
0.00016068121476564556,82,,,,37,0.19299836456775665,0.058011990040540695,,35,,,
0.0014996008248999715,83,,,,37,0.07012974470853806,0.02208864316344261,,36,,,
0.0009896624833345413,84,,,,37,0.01146923378109932,0.004133534152060747,,37,,,
0.013222274370491505,85,,,,37,1.3428982496261597,0.4121250808238983,,38,,,
0.007788646034896374,86,,,,37,0.05072895810008049,0.02067073993384838,,39,,,
0.0828462466597557,87,,,,37,0.22637222707271576,0.12590403854846954,,40,,,
0.05127883329987526,88,,,,37,0.345477819442749,0.13953852653503418,,41,,,
0.0021651177667081356,89,,,,37,0.12298295646905899,0.03841046988964081,,42,,,
0.0015911312075331807,90,,,,37,0.013705960474908352,0.005225580185651779,,43,,,
0.0023230728693306446,91,,,,37,0.3575136363506317,0.10888024419546127,,44,,,
0.004842577036470175,92,,,,37,0.044590409845113754,0.016766928136348724,,45,,,
0.1124056726694107,93,,,,37,0.3971233069896698,0.19782096147537231,,46,,,
0.012780072167515755,94,,,,37,0.06417461484670639,0.02819843590259552,,47,,,
0.14841042459011078,95,,,,37,0.760917603969574,0.3321625888347626,,48,,,
0.0007426364463753998,96,,,,37,0.029343008995056152,0.009322748519480228,,49,,,
0.008710011839866638,97,,,,37,0.18709765374660492,0.0622263066470623,,50,,,
0.00141258561052382,98,,,,37,0.15593187510967255,0.047768376767635345,,51,,,
0.00034874555421993136,99,,,,37,0.006671704817563295,0.0022456333972513676,,52,,,
0.0017690499080345035,100,,,,37,0.13599225878715515,0.042036015540361404,,53,,,
0.0037435467820614576,101,,,,37,0.0650193840265274,0.022126298397779465,,54,,,
0.20096246898174286,102,,,,37,0.37100985646247864,0.25197669863700867,,55,,,
4.446407547220588e-05,103,,,,37,0.26882416009902954,0.08067838102579117,,56,,,
0.0010101459920406342,104,,,,37,0.02046249434351921,0.006845850497484207,,57,,,
0.007638887036591768,105,,,,37,0.09051293134689331,0.03250110149383545,,58,,,
0.0010118131758645177,106,,,,37,0.028890950605273247,0.009375554509460926,,59,,,
0.0036114726681262255,107,,,,37,0.018492329865694046,0.008075729943811893,,60,,,
0.0003723404952324927,108,,,,37,0.020764295011758804,0.006489927414804697,,61,,,
0.0017356107709929347,109,,,,37,0.08606351166963577,0.027033980935811996,,62,,,
0.00038985759601928294,110,,,,37,0.047412995249032974,0.014496798627078533,,63,,,
0.00068926892708987,111,,,,37,0.02084197849035263,0.006735082250088453,,64,,,
0.1813521534204483,112,,,,37,0.21219106018543243,0.1906038224697113,,65,,,
0.004164357203990221,113,,,,37,0.17025870084762573,0.05399266257882118,,66,,,
0.010009923949837685,114,,,,37,0.12207790464162827,0.04363032057881355,,67,,,
0.012804199010133743,115,,,,37,0.08959662914276123,0.0358419306576252,,68,,,
0.0004127365828026086,116,,,,37,0.01478757057338953,0.004725187085568905,,69,,,
0.002549376105889678,117,,,,37,0.017128081992268562,0.006922988221049309,,70,,,
0.0569518506526947,118,,,,37,0.6230189800262451,0.2267719954252243,,71,,,
0.007410537451505661,119,,,,37,0.07087115198373795,0.026448721066117287,,72,,,
0.036110442131757736,120,,,,37,0.11672985553741455,0.06029626727104187,,73,,,
1.0371154530730564e-05,121,,,,37,0.01895066164433956,0.0056924582459032536,,74,,,
0.0021803434938192368,122,,,,37,0.0946425274014473,0.02991900034248829,,75,,,
0.0002847504511009902,123,,,,37,0.007796866353601217,0.002538385335355997,,76,,,
0.005835401825606823,124,,,,37,0.08070389181375504,0.02829594910144806,,77,,,
0.004514501895755529,125,,,,37,0.020383847877383232,0.009275306016206741,,78,,,
0.2719564139842987,126,,,,37,0.4879474341869354,0.3367537260055542,,79,,,
0.001279846066609025,127,,,,37,0.09713635593652725,0.030036799609661102,,80,,,
0.413218230009079,128,,,,37,1.2146127223968506,0.6536365747451782,,81,,,
0.011335022747516632,129,,,,37,0.07278066128492355,0.02976871281862259,,82,,,
0.02277514524757862,130,,,,37,0.3384839594364166,0.11748779565095901,,83,,,
0.00014554394874721766,131,,,,37,0.014676292426884174,0.004504768643528223,,84,,,
0.003284062724560499,132,,,,37,0.06144702434539795,0.020732950419187546,,85,,,
0.005377115216106176,133,,,,37,0.19752155244350433,0.06302044540643692,,86,,,
0.001466033631004393,134,,,,37,0.08823307603597641,0.02749614790081978,,87,,,
0.09236573427915573,135,,,,37,0.7414836287498474,0.2871011197566986,,88,,,
0.13823425769805908,136,,,,37,0.3748190104961395,0.20920968055725098,,89,,,
0.0028600285295397043,137,,,,37,0.046078700572252274,0.015825631096959114,,90,,,
0.04064066708087921,138,,,,37,0.36958757042884827,0.13932473957538605,,91,,,
0.0016795588890090585,139,,,,37,0.06952619552612305,0.02203354984521866,,92,,,
0.2828455865383148,140,,,,37,0.6690563559532166,0.3987088203430176,,93,,,
0.029166927561163902,141,,,,37,0.3340199291706085,0.12062282860279083,,94,,,
0.03753921389579773,142,,,,37,0.581759512424469,0.20080530643463135,,95,,,
0.000985494232736528,143,,,,37,0.01597599685192108,0.0054826452396810055,,96,,,
6.079655122448457e-06,144,,,,37,0.6163265705108643,0.18490223586559296,,97,,,
0.004814579151570797,145,,,,37,0.019109098240733147,0.00910293497145176,,98,,,
0.00171538011636585,146,,,,37,0.066411592066288,0.02112424373626709,,99,,,
0.010572494938969612,147,,,,37,0.059115808457136154,0.02513549104332924,,0,,,
0.01369144394993782,148,,,,37,0.09350386261940002,0.03763516992330551,,1,,,
0.0015303102554753423,149,,,,37,0.14406463503837585,0.044290609657764435,,2,,,
0.033255405724048615,150,,,,37,0.1843942254781723,0.0785970538854599,,3,,,
0.0003768687602132559,151,,,,37,0.005329572129994631,0.0018626798409968615,,4,,,
0.006817650981247425,152,,,,37,0.12272312492132187,0.041589297354221344,,5,,,
0.008090107701718807,153,,,,37,0.04620390012860298,0.01952424645423889,,6,,,
0.034278493374586105,154,,,,37,0.20777153968811035,0.08632640540599823,,7,,,
0.0002575780963525176,155,,,,37,0.015241242945194244,0.004752677399665117,,8,,,
0.42811882495880127,156,,,,37,0.5697135329246521,0.4705972671508789,,9,,,
0.011966112069785595,157,,,,37,0.061623040586709976,0.02686319127678871,,10,,,
0.030526217073202133,158,,,,37,0.10072172433137894,0.051584869623184204,,11,,,
0.0129444794729352,159,,,,37,0.6967434883117676,0.2180841863155365,,12,,,
0.002558888401836157,160,,,,37,0.23097974061965942,0.07108514755964279,,13,,,
0.05556657910346985,161,,,,37,0.4130461513996124,0.16281044483184814,,14,,,
0.16849735379219055,162,,,,37,0.5591343641281128,0.28568845987319946,,15,,,
0.25331375002861023,163,,,,37,0.7490848898887634,0.4020450711250305,,16,,,
0.057277124375104904,164,,,,37,0.4182361364364624,0.16556483507156372,,17,,,
0.0013493727892637253,165,,,,37,0.024311408400535583,0.008237984031438828,,18,,,
0.41700559854507446,166,,,,37,0.7054122090339661,0.5035275816917419,,19,,,
0.01380138285458088,167,,,,37,0.3739326298236847,0.12184076011180878,,20,,,
0.06707930564880371,168,,,,37,1.7317804098129272,0.5664896965026855,,21,,,
0.006279499735683203,169,,,,37,0.16014833748340607,0.05244015157222748,,22,,,
0.0008747326792217791,170,,,,37,0.24701090157032013,0.07471558451652527,,23,,,
0.016756149008870125,171,,,,37,0.08662065863609314,0.037715502083301544,,24,,,
0.0794672891497612,172,,,,37,0.197328582406044,0.11482568085193634,,25,,,
0.00015198028995655477,173,,,,37,0.13203655183315277,0.039717353880405426,,26,,,
0.004219439346343279,174,,,,37,0.05751986801624298,0.020209569483995438,,27,,,
0.000164018536452204,175,,,,37,0.26693904399871826,0.08019652962684631,,28,,,
0.14110000431537628,176,,,,37,0.20249344408512115,0.1595180332660675,,29,,,
0.005083492491394281,177,,,,37,0.07461339980363846,0.025942467153072357,,30,,,
0.0814235508441925,178,,,,37,0.2596447169780731,0.1348899006843567,,31,,,
0.08832348883152008,179,,,,37,0.17113441228866577,0.11316676437854767,,32,,,
0.008235069923102856,180,,,,37,0.11551237106323242,0.04041825979948044,,33,,,
0.703360915184021,181,,,,37,0.7656622529029846,0.7220513224601746,,34,,,
0.002961894031614065,182,,,,37,0.04919061064720154,0.016830509528517723,,35,,,
0.14658968150615692,183,,,,37,0.4639240801334381,0.2417900115251541,,36,,,
2.276871418871451e-05,184,,,,37,0.3188823461532593,0.09568064659833908,,37,,,
0.04118066281080246,185,,,,37,0.402736097574234,0.1496472954750061,,38,,,
0.00029059001826681197,186,,,,37,0.08446615934371948,0.02554326318204403,,39,,,
0.0004345426568761468,187,,,,37,0.02205021120607853,0.00691924337297678,,40,,,
0.012118051759898663,188,,,,37,0.03518737852573395,0.0190388485789299,,41,,,
0.049812186509370804,189,,,,37,0.14719776809215546,0.07902786135673523,,42,,,
0.0322878323495388,190,,,,37,0.3181900084018707,0.11805848777294159,,43,,,
0.007866119034588337,191,,,,37,0.05250035598874092,0.02125639095902443,,44,,,
0.0010559941874817014,192,,,,37,0.014624233357608318,0.005126466043293476,,45,,,
0.0006663962849415839,193,,,,37,0.009454595856368542,0.0033028561156243086,,46,,,
0.007038086652755737,194,,,,37,0.1450178474187851,0.048432014882564545,,47,,,
0.12650901079177856,195,,,,37,0.5498855710029602,0.25352197885513306,,48,,,
0.006443676073104143,196,,,,37,0.03219972923398018,0.014170492067933083,,49,,,
0.0030433074571192265,197,,,,37,0.06765330582857132,0.022426307201385498,,50,,,
0.009267644956707954,198,,,,37,0.08289941400289536,0.03135717660188675,,51,,,
0.0561571829020977,199,,,,37,0.34734782576560974,0.14351437985897064,,52,,,
0.06461601704359055,200,,,,37,0.21043165028095245,0.10836070775985718,,53,,,
0.013744239695370197,201,,,,37,0.1253749281167984,0.047233447432518005,,54,,,
0.013347674161195755,202,,,,37,0.14188721776008606,0.05190953612327576,,55,,,
0.00010239553375868127,203,,,,37,0.00686756893992424,0.0021319477818906307,,56,,,
0.0031177031341940165,204,,,,37,0.17369143664836884,0.05428982526063919,,57,,,
0.05790936201810837,205,,,,37,0.3054526746273041,0.1321723610162735,,58,,,
0.0017853525932878256,206,,,,37,0.05765173211693764,0.01854526810348034,,59,,,
0.09870342165231705,207,,,,37,0.3866389989852905,0.18508410453796387,,60,,,
0.0008124388405121863,208,,,,37,0.028271405026316643,0.009050128981471062,,61,,,
0.000377583724912256,209,,,,37,0.011473852209746838,0.0037064645439386368,,62,,,
0.001404728856869042,210,,,,37,0.32648777961730957,0.09892965108156204,,63,,,
0.171351820230484,211,,,,37,0.3444534242153168,0.22328230738639832,,64,,,
0.002941093873232603,212,,,,37,0.05739845335483551,0.019278300926089287,,65,,,
0.00012575789878610522,213,,,,37,0.0988399088382721,0.029740003868937492,,66,,,
2.5987286790041253e-05,214,,,,37,0.09785494953393936,0.029374675825238228,,67,,,
0.01851584017276764,215,,,,37,0.09314622730016708,0.04090495780110359,,68,,,
0.02417072281241417,216,,,,37,0.2762482166290283,0.09979397058486938,,69,,,
0.00038378025055862963,217,,,,37,0.014344926923513412,0.004572124220430851,,70,,,
0.047689039260149,218,,,,37,0.5995892882347107,0.21325911581516266,,71,,,
0.00033706706017255783,219,,,,37,0.027031680569052696,0.008345451205968857,,72,,,
0.02274799533188343,220,,,,37,0.15131549537181854,0.06131824851036072,,73,,,
0.47032031416893005,221,,,,37,0.6944126486778259,0.5375480651855469,,74,,,
7.664863369427621e-05,222,,,,37,0.01627994142472744,0.004937636665999889,,75,,,
0.08262456208467484,223,,,,37,0.2828259766101837,0.14268498122692108,,76,,,
0.013127213343977928,224,,,,37,0.19749899208545685,0.06843874603509903,,77,,,
7.068861305015162e-05,225,,,,37,0.19867168366909027,0.05965099111199379,,78,,,
0.00038258862332440913,226,,,,37,0.089426688849926,0.027095818892121315,,79,,,
0.08008268475532532,227,,,,37,0.3008404076099396,0.1463100016117096,,80,,,
0.0020912461914122105,228,,,,37,0.050598058849573135,0.016643289476633072,,81,,,
0.005266127642244101,229,,,,37,0.05541492626070976,0.020310766994953156,,82,,,
0.0013506823452189565,230,,,,37,0.023454593494534492,0.007981855422258377,,83,,,
0.011536670848727226,231,,,,37,0.11821650713682175,0.04354062303900719,,84,,,
0.013787508942186832,232,,,,37,0.0971434935927391,0.03879430517554283,,85,,,
0.04631328955292702,233,,,,37,0.19489431381225586,0.09088759869337082,,86,,,
0.14497506618499756,234,,,,37,0.3267040550708771,0.19949376583099365,,87,,,
0.004947206471115351,235,,,,37,0.4458971321582794,0.13723218441009521,,88,,,
0.23097556829452515,236,,,,37,0.4472523033618927,0.29585859179496765,,89,,,
0.0035861723590642214,237,,,,37,1.1151610612869263,0.3370586335659027,,90,,,
0.000529149197973311,238,,,,37,0.04147551581263542,0.012813059613108635,,91,,,
0.0312045905739069,239,,,,37,0.12492718547582626,0.05932136997580528,,92,,,
0.021017922088503838,240,,,,37,0.8057610988616943,0.2564408779144287,,93,,,
0.2169102132320404,241,,,,37,0.39556434750556946,0.27050644159317017,,94,,,
0.011264890432357788,242,,,,37,0.1206744909286499,0.04408777132630348,,95,,,
0.0009897815762087703,243,,,,37,0.014026685617864132,0.0049008531495928764,,96,,,
0.00010513706365600228,244,,,,37,0.045834485441446304,0.01382394228130579,,97,,,
0.12320899963378906,245,,,,37,0.3224414885044098,0.18297874927520752,,98,,,
0.008571146056056023,246,,,,37,0.4045628011226654,0.12736864387989044,,99,,,
0.006464995909482241,247,,,,37,0.1466091126203537,0.048508234322071075,,0,,,
0.004784682299941778,248,,,,37,0.025565169751644135,0.011018829420208931,,1,,,
0.19633857905864716,249,,,,37,0.40441086888313293,0.2587602734565735,,2,,,
0.33002224564552307,250,,,,37,0.9694353938102722,0.5218461751937866,,3,,,
0.0013187768636271358,251,,,,37,0.010214085690677166,0.00398736959323287,,4,,,
0.0028748870827257633,252,,,,37,0.2722940742969513,0.08370064944028854,,5,,,
0.029879199340939522,253,,,,37,0.22311393916606903,0.08784962445497513,,6,,,
0.0005646541831083596,254,,,,37,0.016020573675632477,0.005201430059969425,,7,,,
0.04821241274476051,255,,,,37,0.15203817188739777,0.07936014235019684,,8,,,
0.0013217531377449632,256,,,,37,0.02055683732032776,0.007092278450727463,,9,,,
0.013619947247207165,257,,,,37,0.2702461779117584,0.09060782194137573,,10,,,
0.0028451699763536453,258,,,,37,0.03543185070157051,0.01262117363512516,,11,,,
0.006393099669367075,259,,,,37,0.03845791891217232,0.01601254567503929,,12,,,
0.0063290162943303585,260,,,,37,0.2131713479757309,0.06838171929121017,,13,,,
0.00013362467871047556,261,,,,37,0.1118212565779686,0.03363991528749466,,14,,,
0.0017382287187501788,262,,,,37,0.11197452992200851,0.03480912372469902,,15,,,
0.022521905601024628,263,,,,37,0.247812882065773,0.0901091992855072,,16,,,
0.004305735696107149,264,,,,37,0.08420977741479874,0.028276950120925903,,17,,,
0.029384227469563484,265,,,,37,0.33275705575942993,0.12039607763290405,,18,,,
0.00086198840290308,266,,,,37,0.022612616419792175,0.007387177087366581,,19,,,
0.00636360514909029,267,,,,37,0.11043661087751389,0.037585508078336716,,20,,,
,,,,,37,,,,21,0.11579752713441849,0.8421052694320679,0.8149825930595398
0.004930599592626095,0,,,,38,1.1772481203079224,0.35662585496902466,,22,,,
0.00820255558937788,1,,,,38,0.0456690676510334,0.01944250985980034,,23,,,
0.010644209571182728,2,,,,38,0.07580957561731339,0.030193820595741272,,24,,,
0.00858225580304861,3,,,,38,0.24881543219089508,0.08065221458673477,,25,,,
0.013098858296871185,4,,,,38,0.1210235059261322,0.04547625035047531,,26,,,
0.0013500871136784554,5,,,,38,0.034218136221170425,0.011210503056645393,,27,,,
0.030337035655975342,6,,,,38,0.10674407333135605,0.05325914919376373,,28,,,
0.0005285535007715225,7,,,,38,0.12313691526651382,0.037311065942049026,,29,,,
0.052588850259780884,8,,,,38,0.14339588582515717,0.07983095943927765,,30,,,
0.06220938265323639,9,,,,38,0.30752766132354736,0.13580487668514252,,31,,,
3.58813522325363e-05,10,,,,38,0.11395322531461716,0.03421108424663544,,32,,,
0.03342697396874428,11,,,,38,0.15662319958209991,0.07038584351539612,,33,,,
0.039895471185445786,12,,,,38,0.5081333518028259,0.18036684393882751,,34,,,
0.14626233279705048,13,,,,38,0.6658503413200378,0.3021387457847595,,35,,,
0.04007896035909653,14,,,,38,0.08143705129623413,0.05248638987541199,,36,,,
0.0008273277780972421,15,,,,38,0.008304540999233723,0.0030704918317496777,,37,,,
1.6471261978149414,16,,,,38,0.9591442942619324,1.4407316446304321,,38,,,
0.010394483804702759,17,,,,38,0.10738161951303482,0.039490628987550735,,39,,,
0.184949591755867,18,,,,38,0.670118510723114,0.3305002748966217,,40,,,
0.015367669984698296,19,,,,38,0.06801104545593262,0.031160682439804077,,41,,,
0.49928492307662964,20,,,,38,0.5171778202056885,0.5046527981758118,,42,,,
6.270212179515511e-05,21,,,,38,0.04307353496551514,0.012965952046215534,,43,,,
0.0005806190893054008,22,,,,38,0.02196364663541317,0.0069955275394022465,,44,,,
0.002862881403416395,23,,,,38,0.03230928257107735,0.011696802452206612,,45,,,
0.00017307691450696439,24,,,,38,0.0603066049516201,0.01821313612163067,,46,,,
0.13887253403663635,25,,,,38,0.34427309036254883,0.2004927098751068,,47,,,
0.00040713604539632797,26,,,,38,0.026353588327765465,0.008191071450710297,,48,,,
0.019725937396287918,27,,,,38,0.6835458278656006,0.21887192130088806,,49,,,
0.004717173986136913,28,,,,38,0.0542064905166626,0.01956396922469139,,50,,,
0.020166948437690735,29,,,,38,0.36943840980529785,0.12494838982820511,,51,,,
0.00812345277518034,30,,,,38,0.07777361571788788,0.029018502682447433,,52,,,
0.00019560330838430673,31,,,,38,0.022805683314800262,0.006978627294301987,,53,,,
0.00031668893643654883,32,,,,38,0.015964344143867493,0.005010985769331455,,54,,,
0.11662004142999649,33,,,,38,0.6690537333488464,0.2823501527309418,,55,,,
0.004025808535516262,34,,,,38,0.0683918222784996,0.023335613310337067,,56,,,
0.002547235693782568,35,,,,38,0.22661805152893066,0.06976848095655441,,57,,,
0.01952359639108181,36,,,,38,0.39361128211021423,0.13174989819526672,,58,,,
0.0013633014168590307,37,,,,38,0.05706816911697388,0.01807476207613945,,59,,,
0.06951975077390671,38,,,,38,0.2740361988544464,0.13087469339370728,,60,,,
0.0015852991491556168,39,,,,38,0.009873230941593647,0.004071678966283798,,61,,,
0.0006649667047895491,40,,,,38,0.11557362228631973,0.035137563943862915,,62,,,
0.09614919126033783,41,,,,38,0.9414402842521667,0.3497365415096283,,63,,,
0.0006865289760753512,42,,,,38,0.0406651608645916,0.012680118903517723,,64,,,
1.0926402807235718,43,,,,38,1.3116352558135986,1.1583387851715088,,65,,,
0.009405823424458504,44,,,,38,0.054722148925065994,0.023000720888376236,,66,,,
0.011902031488716602,45,,,,38,0.5398417115211487,0.1702839434146881,,67,,,
0.001279965159483254,46,,,,38,0.14361947774887085,0.04398182034492493,,68,,,
0.011427424848079681,47,,,,38,0.09883162379264832,0.03764868527650833,,69,,,
0.019175510853528976,48,,,,38,0.2804400622844696,0.09755487740039825,,70,,,
0.005673733074218035,49,,,,38,0.1949622482061386,0.062460292130708694,,71,,,
0.0002456601650919765,50,,,,38,0.1912492960691452,0.05754675343632698,,72,,,
0.05643923208117485,51,,,,38,0.28418824076652527,0.12476393580436707,,73,,,
0.00017808281700126827,52,,,,38,0.14994613826274872,0.045108500868082047,,74,,,
0.022237587720155716,53,,,,38,0.8262408375740051,0.2634385824203491,,75,,,
0.0020623384043574333,54,,,,38,0.15553216636180878,0.04810328781604767,,76,,,
0.028063027188181877,55,,,,38,0.36938348412513733,0.13045915961265564,,77,,,
0.016673030331730843,56,,,,38,0.35318443179130554,0.11762645095586777,,78,,,
0.0002673506969586015,57,,,,38,0.00843225046992302,0.0027168206870555878,,79,,,
0.0008649660157971084,58,,,,38,0.0496039055287838,0.015486648306250572,,80,,,
0.004224187228828669,59,,,,38,0.2871345281600952,0.08909729868173599,,81,,,
0.006827833596616983,60,,,,38,0.05453409627079964,0.021139713004231453,,82,,,
0.11746912449598312,61,,,,38,0.27324622869491577,0.1642022579908371,,83,,,
0.31922486424446106,62,,,,38,0.6279880404472351,0.4118538200855255,,84,,,
0.0035910424776375294,63,,,,38,0.2226954847574234,0.0693223774433136,,85,,,
0.00705749960616231,64,,,,38,0.055236801505088806,0.021511290222406387,,86,,,
5.340433563105762e-05,65,,,,38,0.10962831974029541,0.03292588144540787,,87,,,
0.0004741021548397839,66,,,,38,0.009058310650289059,0.0030493647791445255,,88,,,
0.0010162194957956672,67,,,,38,0.2766885757446289,0.08371792733669281,,89,,,
2.038458114839159e-05,68,,,,38,0.004589911550283432,0.0013912427239120007,,90,,,
8.415821503149346e-05,69,,,,38,0.20262067019939423,0.060845114290714264,,91,,,
0.18724244832992554,70,,,,38,0.39690056443214417,0.25013989210128784,,92,,,
0.04779166728258133,71,,,,38,0.39665260910987854,0.15244995057582855,,93,,,
0.002588733099400997,72,,,,38,0.018648939207196236,0.007406794931739569,,94,,,
0.00036137725692242384,73,,,,38,0.8973619937896729,0.26946157217025757,,95,,,
0.00016556799528189003,74,,,,38,0.00865425355732441,0.0027121736202389,,96,,,
0.00808384083211422,75,,,,38,0.12582434713840485,0.04340599477291107,,97,,,
0.0006126672378741205,76,,,,38,0.15743449330329895,0.047659218311309814,,98,,,
0.041746899485588074,77,,,,38,0.5996951460838318,0.2091313749551773,,99,,,
0.0009031984372995794,78,,,,38,0.02541387267410755,0.008256400935351849,,0,,,
0.0013649680186063051,79,,,,38,0.055868398398160934,0.017715997993946075,,1,,,
0.0038402159698307514,80,,,,38,0.010748885571956635,0.00591281708329916,,2,,,
0.0008547228644602001,81,,,,38,0.010548386722803116,0.0037628221325576305,,3,,,
0.0030425945296883583,82,,,,38,0.0311219934374094,0.011466414667665958,,4,,,
0.0001137191939051263,83,,,,38,0.0068351090885698795,0.00213013612665236,,5,,,
0.10758036375045776,84,,,,38,0.9454795718193054,0.358950138092041,,6,,,
0.004426917992532253,85,,,,38,0.0459122471511364,0.01687251776456833,,7,,,
0.003581420984119177,86,,,,38,0.030728233978152275,0.011725464835762978,,8,,,
0.4640045762062073,87,,,,38,0.4554949104785919,0.4614516794681549,,9,,,
0.12015931308269501,88,,,,38,1.0557600259780884,0.40083953738212585,,10,,,
0.0004772001120727509,89,,,,38,0.05677075311541557,0.017365265637636185,,11,,,
0.004760123789310455,90,,,,38,0.12474590539932251,0.04075586050748825,,12,,,
0.05026008188724518,91,,,,38,0.3759508430957794,0.14796730875968933,,13,,,
0.00039319414645433426,92,,,,38,0.007123833987861872,0.0024123862385749817,,14,,,
0.0005472592893056571,93,,,,38,0.030476318672299385,0.00952597800642252,,15,,,
0.002622975967824459,94,,,,38,0.06936299055814743,0.022644981741905212,,16,,,
0.0002584123576525599,95,,,,38,0.008601609617471695,0.0027613716665655375,,17,,,
0.004361165687441826,96,,,,38,0.07291871309280396,0.02492843009531498,,18,,,
0.018001746386289597,97,,,,38,0.36433371901512146,0.12190134078264236,,19,,,
0.006818006280809641,98,,,,38,0.06673840433359146,0.02479412779211998,,20,,,
0.008796748705208302,99,,,,38,0.05278030037879944,0.02199181541800499,,21,,,
0.0005891970940865576,100,,,,38,0.44297292828559875,0.13330431282520294,,22,,,
0.7527858018875122,101,,,,38,0.9251033663749695,0.8044810891151428,,23,,,
0.0015889888163655996,102,,,,38,0.12609316408634186,0.03894024342298508,,24,,,
0.0012067424831911922,103,,,,38,0.08449807018041611,0.026194140315055847,,25,,,
0.0054777758195996284,104,,,,38,0.052252497524023056,0.019510192796587944,,26,,,
0.001122083282098174,105,,,,38,0.057281579822301865,0.01796993426978588,,27,,,
0.0003634030872490257,106,,,,38,0.05256033316254616,0.01602248288691044,,28,,,
0.0009526243666186929,107,,,,38,0.11122589558362961,0.0340346097946167,,29,,,
0.0008075552177615464,108,,,,38,0.13877367973327637,0.042197395116090775,,30,,,
0.01602156087756157,109,,,,38,0.09996742010116577,0.04120532050728798,,31,,,
0.004390363115817308,110,,,,38,0.09198910742998123,0.030669987201690674,,32,,,
6.794698856538162e-05,111,,,,38,0.006849305704236031,0.0021023547742515802,,33,,,
0.18031607568264008,112,,,,38,0.3034231960773468,0.21724821627140045,,34,,,
0.0011410161387175322,113,,,,38,0.03788265213370323,0.012163507752120495,,35,,,
0.01608221046626568,114,,,,38,0.3418329060077667,0.11380741745233536,,36,,,
0.00021681819634977728,115,,,,38,0.2711131274700165,0.08148571848869324,,37,,,
0.00012039413559250534,116,,,,38,0.24659514427185059,0.07406281679868698,,38,,,
0.01996200904250145,117,,,,38,0.0901915431022644,0.041030868887901306,,39,,,
0.05787043645977974,118,,,,38,0.17663337290287018,0.0934993177652359,,40,,,
0.0015980342868715525,119,,,,38,0.03314999118447304,0.011063621379435062,,41,,,
0.00010096516780322418,120,,,,38,0.1130024716258049,0.03397141769528389,,42,,,
0.002840890549123287,121,,,,38,0.036355458199977875,0.012895260937511921,,43,,,
0.06790666282176971,122,,,,38,0.4996775686740875,0.19743794202804565,,44,,,
0.03050817921757698,123,,,,38,0.1724737286567688,0.0730978474020958,,45,,,
0.003936044406145811,124,,,,38,0.9797258377075195,0.2966729998588562,,46,,,
0.0015118608716875315,125,,,,38,0.04010174795985222,0.013088827952742577,,47,,,
0.00032419670606032014,126,,,,38,0.045486804097890854,0.013872979208827019,,48,,,
0.00028761065914295614,127,,,,38,0.006291193421930075,0.002088685519993305,,49,,,
0.03440738469362259,128,,,,38,0.2297951579093933,0.09302372485399246,,50,,,
0.05329537391662598,129,,,,38,0.18528322875499725,0.09289173036813736,,51,,,
0.002841247245669365,130,,,,38,0.29020223021507263,0.08904954791069031,,52,,,
0.000120751719805412,131,,,,38,0.008778315968811512,0.0027180209290236235,,53,,,
0.2466696798801422,132,,,,38,1.3458160161972046,0.5764135718345642,,54,,,
6.460934673668817e-05,133,,,,38,0.2449139803647995,0.07351942360401154,,55,,,
0.00873955525457859,134,,,,38,0.05466461554169655,0.022517073899507523,,56,,,
0.050124600529670715,135,,,,38,0.4219417870044708,0.1616697609424591,,57,,,
0.010493343695998192,136,,,,38,0.1801459789276123,0.06138913705945015,,58,,,
0.001142325927503407,137,,,,38,0.02431335486471653,0.008093634620308876,,59,,,
0.0003670972364488989,138,,,,38,0.06894233822822571,0.020939670503139496,,60,,,
0.026765843853354454,139,,,,38,0.4435584247112274,0.1518036276102066,,61,,,
0.058741867542266846,140,,,,38,0.18451805412769318,0.09647472202777863,,62,,,
0.022687049582600594,141,,,,38,0.16700701415538788,0.06598304212093353,,63,,,
0.0006609162664972246,142,,,,38,0.010324452072381973,0.0035599772818386555,,64,,,
0.27469518780708313,143,,,,38,0.5955994129180908,0.37096643447875977,,65,,,
0.016229890286922455,144,,,,38,0.08566898852586746,0.03706162050366402,,66,,,
0.0018932766979560256,145,,,,38,0.10484794527292252,0.03277967870235443,,67,,,
0.0029841200448572636,146,,,,38,0.01743835024535656,0.007320389151573181,,68,,,
0.0004744596080854535,147,,,,38,0.019694529473781586,0.006240481045097113,,69,,,
0.0009666775586083531,148,,,,38,0.06654483824968338,0.02064012736082077,,70,,,
0.01650407537817955,149,,,,38,0.11829777806997299,0.04704218730330467,,71,,,
0.0010879080509766936,150,,,,38,0.018551098182797432,0.006326864939182997,,72,,,
0.009313706308603287,151,,,,38,0.2455465942621231,0.08018357306718826,,73,,,
0.13345612585544586,152,,,,38,0.31283488869667053,0.18726974725723267,,74,,,
0.005479317158460617,153,,,,38,0.03220943734049797,0.013498352840542793,,75,,,
0.035499703139066696,154,,,,38,0.25556856393814087,0.1015203595161438,,76,,,
0.01919480785727501,155,,,,38,0.23404045403003693,0.08364850282669067,,77,,,
0.009271896444261074,156,,,,38,0.5702505707740784,0.17756551504135132,,78,,,
0.0001333863037871197,157,,,,38,0.10359814018011093,0.03117281384766102,,79,,,
0.00766692403703928,158,,,,38,0.03899817168712616,0.01706629991531372,,80,,,
0.03913596644997597,159,,,,38,0.4330393075942993,0.157306969165802,,81,,,
0.12849058210849762,160,,,,38,0.9932771325111389,0.38792654871940613,,82,,,
0.007667870260775089,161,,,,38,0.31333693861961365,0.09936859458684921,,83,,,
9.905801562126726e-05,162,,,,38,0.834639847278595,0.25046131014823914,,84,,,
0.0013448490062728524,163,,,,38,0.029614605009555817,0.009825775399804115,,85,,,
0.024478686973452568,164,,,,38,0.1760871410369873,0.06996122002601624,,86,,,
0.2407156229019165,165,,,,38,0.27040013670921326,0.2496209740638733,,87,,,
0.008274677209556103,166,,,,38,0.07897769659757614,0.029485583305358887,,88,,,
0.0007893307483755052,167,,,,38,0.1127854585647583,0.03438816964626312,,89,,,
0.014195065014064312,168,,,,38,0.30124562978744507,0.10031023621559143,,90,,,
0.0018912539817392826,169,,,,38,0.02026589959859848,0.007403647992759943,,91,,,
0.06388021260499954,170,,,,38,0.1806134581565857,0.09890018403530121,,92,,,
0.00015937011630740017,171,,,,38,0.02246762625873089,0.006851847283542156,,93,,,
0.0005376085755415261,172,,,,38,0.005908764433115721,0.002148955361917615,,94,,,
0.0002022777043748647,173,,,,38,0.025109292939305305,0.007674382533878088,,95,,,
0.00913535337895155,174,,,,38,0.09411122649908066,0.034628115594387054,,96,,,
0.003822996746748686,175,,,,38,0.024523839354515076,0.010033249855041504,,97,,,
0.000841025379486382,176,,,,38,0.03565920889377594,0.011286481283605099,,98,,,
0.00027056847466155887,177,,,,38,0.10675004124641418,0.03221441060304642,,99,,,
0.0039530242793262005,178,,,,38,0.48016953468322754,0.14681798219680786,,0,,,
0.0001401803019689396,179,,,,38,0.004146777559071779,0.0013421595795080066,,1,,,
9.512448741588742e-05,180,,,,38,0.012452223338186741,0.00380225433036685,,2,,,
0.04240456596016884,181,,,,38,0.6268319487571716,0.21773278713226318,,3,,,
0.014912557788193226,182,,,,38,0.1422840803861618,0.053124018013477325,,4,,,
0.03429530933499336,183,,,,38,0.40671420097351074,0.14602097868919373,,5,,,
0.0004941195948049426,184,,,,38,0.013481264002621174,0.004390263464301825,,6,,,
0.05748165026307106,185,,,,38,0.26559850573539734,0.11991670727729797,,7,,,
0.006421645637601614,186,,,,38,0.06971095502376556,0.025408439338207245,,8,,,
0.007806152105331421,187,,,,38,0.5060681104660034,0.15728473663330078,,9,,,
0.0021130156237632036,188,,,,38,0.021455174311995506,0.007915663532912731,,10,,,
0.002560553140938282,189,,,,38,0.09278604388237,0.029628202319145203,,11,,,
0.0035505369305610657,190,,,,38,0.07383588701486588,0.02463614195585251,,12,,,
0.012596332468092442,191,,,,38,0.17644470930099487,0.06175084412097931,,13,,,
0.017033005133271217,192,,,,38,0.08612648397684097,0.03776105120778084,,14,,,
0.028547994792461395,193,,,,38,0.21882213652133942,0.08563023805618286,,15,,,
5.2927523938706145e-05,194,,,,38,0.04916350916028023,0.014786101877689362,,16,,,
0.20147034525871277,195,,,,38,0.3552069365978241,0.2475913166999817,,17,,,
0.00793175958096981,196,,,,38,0.33869925141334534,0.10716201364994049,,18,,,
0.00029523781267926097,197,,,,38,0.004222723189741373,0.0014734833966940641,,19,,,
0.002846596296876669,198,,,,38,0.010268338955938816,0.005073118954896927,,20,,,
0.008187776431441307,199,,,,38,0.1939745396375656,0.06392380595207214,,21,,,
0.03833148255944252,200,,,,38,0.14804889261722565,0.07124670594930649,,22,,,
0.1283966451883316,201,,,,38,0.972334086894989,0.38157790899276733,,23,,,
0.0011564955348148942,202,,,,38,0.08175331354141235,0.025335540995001793,,24,,,
0.016429966315627098,203,,,,38,0.38021528720855713,0.1255655586719513,,25,,,
0.0009421439026482403,204,,,,38,0.006112667266279459,0.0024933009408414364,,26,,,
0.006760226096957922,205,,,,38,0.047539692372083664,0.01899406686425209,,27,,,
0.07762688398361206,206,,,,38,0.3769923150539398,0.16743651032447815,,28,,,
0.3719603419303894,207,,,,38,0.6415827870368958,0.45284706354141235,,29,,,
0.0006565084331668913,208,,,,38,0.3312055468559265,0.09982122480869293,,30,,,
0.00032884435495361686,209,,,,38,0.015398639254271984,0.004849783144891262,,31,,,
0.007227465510368347,210,,,,38,0.05001290515065193,0.020063098520040512,,32,,,
0.0001932195882545784,211,,,,38,0.5195817351341248,0.15600977838039398,,33,,,
2.2081198692321777,212,,,,38,1.0109463930130005,1.8489677906036377,,34,,,
0.0022231643088161945,213,,,,38,0.23604969680309296,0.07237113267183304,,35,,,
0.028620168566703796,214,,,,38,0.07710295170545578,0.04316500574350357,,36,,,
0.007546133827418089,215,,,,38,0.15251439809799194,0.051036614924669266,,37,,,
0.008634140715003014,216,,,,38,0.08518239110708237,0.031598616391420364,,38,,,
0.03458739072084427,217,,,,38,0.22019731998443604,0.09027037769556046,,39,,,
0.014581190422177315,218,,,,38,0.35430869460105896,0.11649944633245468,,40,,,
0.01154444832354784,219,,,,38,1.6982437372207642,0.5175542831420898,,41,,,
0.0013642538106068969,220,,,,38,0.10080630332231522,0.031196869909763336,,42,,,
0.07747366279363632,221,,,,38,0.20302236080169678,0.11513827741146088,,43,,,
0.0019368238281458616,222,,,,38,0.31115099787712097,0.09470107406377792,,44,,,
0.009082785807549953,223,,,,38,1.0061588287353516,0.30820560455322266,,45,,,
0.008149939589202404,224,,,,38,0.4125549793243408,0.12947145104408264,,46,,,
0.1483279913663864,225,,,,38,0.5114813446998596,0.25727400183677673,,47,,,
0.04257902503013611,226,,,,38,0.3031485974788666,0.12074989825487137,,48,,,
0.14068542420864105,227,,,,38,0.24559925496578217,0.1721595823764801,,49,,,
0.002314033918082714,228,,,,38,0.10915058851242065,0.03436500206589699,,50,,,
0.06677983701229095,229,,,,38,0.20779572427272797,0.1090846061706543,,51,,,
8.34461570775602e-06,230,,,,38,0.6442658305168152,0.19328559935092926,,52,,,
0.009249928407371044,231,,,,38,0.07382401823997498,0.028622156009078026,,53,,,
0.0006081400788389146,232,,,,38,0.07567813992500305,0.023129140958189964,,54,,,
0.0013998481445014477,233,,,,38,0.06616941839456558,0.02083071880042553,,55,,,
0.024268347769975662,234,,,,38,0.669356107711792,0.21779468655586243,,56,,,
0.055081792175769806,235,,,,38,0.42251142859458923,0.16531068086624146,,57,,,
0.10832173377275467,236,,,,38,0.2715663015842438,0.1572951078414917,,58,,,
0.02863696590065956,237,,,,38,0.6062338352203369,0.20191603899002075,,59,,,
0.009494389407336712,238,,,,38,0.07922085374593735,0.030412329360842705,,60,,,
0.036319341510534286,239,,,,38,0.34244784712791443,0.12815789878368378,,61,,,
1.1920858014491387e-05,240,,,,38,0.014429149217903614,0.004337089601904154,,62,,,
0.004083035048097372,241,,,,38,0.05269560217857361,0.01866680569946766,,63,,,
3.671578815556131e-05,242,,,,38,0.1661093533039093,0.04985851049423218,,64,,,
0.00020585325546562672,243,,,,38,0.29484108090400696,0.0885964184999466,,65,,,
0.0013510395074263215,244,,,,38,0.014836977235972881,0.005396821070462465,,66,,,
0.07879588007926941,245,,,,38,0.5164863467216492,0.21010302007198334,,67,,,
0.018395885825157166,246,,,,38,0.2509647607803345,0.08816654980182648,,68,,,
0.0009336879593320191,247,,,,38,0.01517233531922102,0.005205282475799322,,69,,,
0.13896746933460236,248,,,,38,0.48234879970550537,0.2419818639755249,,70,,,
0.009998122230172157,249,,,,38,0.06420817226171494,0.026261137798428535,,71,,,
0.0024029924534261227,250,,,,38,0.05605975165963173,0.01850002072751522,,72,,,
0.0005034133209846914,251,,,,38,0.11086650937795639,0.03361234441399574,,73,,,
0.06618521362543106,252,,,,38,0.297404021024704,0.135550856590271,,74,,,
0.001501148217357695,253,,,,38,0.017533697187900543,0.006310913246124983,,75,,,
0.0024711331352591515,254,,,,38,0.07086184620857239,0.022988349199295044,,76,,,
0.01121502835303545,255,,,,38,0.052361857146024704,0.023559078574180603,,77,,,
0.007507089525461197,256,,,,38,0.024064980447292328,0.012474456802010536,,78,,,
0.3778490722179413,257,,,,38,0.6686941981315613,0.4651026129722595,,79,,,
0.0011017211945727468,258,,,,38,0.15154270827770233,0.046234019100666046,,80,,,
0.0153220035135746,259,,,,38,0.3213798701763153,0.10713936388492584,,81,,,
0.031699009239673615,260,,,,38,0.14252452552318573,0.06494666635990143,,82,,,
0.0002455409849062562,261,,,,38,0.01371708046644926,0.004287003073841333,,83,,,
0.0007485924870707095,262,,,,38,0.021406998857855797,0.00694611482322216,,84,,,
2.2172682292875834e-05,263,,,,38,0.1867319792509079,0.056035116314888,,85,,,
0.011594058014452457,264,,,,38,0.07702987641096115,0.031224802136421204,,86,,,
0.017981842160224915,265,,,,38,0.29472240805625916,0.10100401192903519,,87,,,
0.0056446916423738,266,,,,38,0.12213843315839767,0.04059281572699547,,88,,,
0.001904818112961948,267,,,,38,0.13967488706111908,0.043235838413238525,,89,,,
,,,,,38,,,,90,0.10756856948137283,0.8157894611358643,0.8016066551208496
0.023283882066607475,0,,,,39,0.07048142701387405,0.037443146109580994,,91,,,
0.0017903504194691777,1,,,,39,0.05493872985243797,0.017734864726662636,,92,,,
0.016333216801285744,2,,,,39,0.1750292032957077,0.06394201517105103,,93,,,
0.004289592616260052,3,,,,39,0.07347401976585388,0.025044921785593033,,94,,,
0.12447056919336319,4,,,,39,0.31948065757751465,0.18297359347343445,,95,,,
0.003879522206261754,5,,,,39,0.36238017678260803,0.11142972111701965,,96,,,
5.054346183896996e-05,6,,,,39,0.010416559875011444,0.003160348627716303,,97,,,
0.04687071219086647,7,,,,39,0.2287638783454895,0.10143867135047913,,98,,,
0.045142367482185364,8,,,,39,0.2209903746843338,0.0978967696428299,,99,,,
0.0032263153698295355,9,,,,39,0.03613044694066048,0.013097555376589298,,0,,,
0.0006736631621606648,10,,,,39,0.02807631529867649,0.008894459344446659,,1,,,
0.0004159538948442787,11,,,,39,0.019044741988182068,0.006004590541124344,,2,,,
0.04959474131464958,12,,,,39,0.29807141423225403,0.124137744307518,,3,,,
0.0004070168943144381,13,,,,39,0.04518040642142296,0.013839034363627434,,4,,,
0.00043847484630532563,14,,,,39,0.005436407867819071,0.001937854802235961,,5,,,
0.06819276511669159,15,,,,39,0.9119575023651123,0.3213222026824951,,6,,,
0.0002112165529979393,16,,,,39,0.011857904493808746,0.0037052230909466743,,7,,,
0.031037380918860435,17,,,,39,0.39028775691986084,0.13881249725818634,,8,,,
0.17732998728752136,18,,,,39,0.4099009931087494,0.247101292014122,,9,,,
0.0012382942950353026,19,,,,39,0.9445921778678894,0.28424447774887085,,10,,,
0.004261460620909929,20,,,,39,0.07216361910104752,0.024632109329104424,,11,,,
0.00046171018038876355,21,,,,39,0.3071116507053375,0.09245669841766357,,12,,,
0.003735352074727416,22,,,,39,0.11712748557329178,0.037752993404865265,,13,,,
0.004427629988640547,23,,,,39,0.033208612352609634,0.01306192483752966,,14,,,
0.01731681264936924,24,,,,39,0.10110829025506973,0.04245425760746002,,15,,,
0.00017915551143232733,25,,,,39,0.006688995752483606,0.002132107736542821,,16,,,
0.015326112508773804,26,,,,39,0.3373267948627472,0.11192631721496582,,17,,,
0.0004477690381463617,27,,,,39,0.015316453762352467,0.004908374976366758,,18,,,
0.00017414960893802345,28,,,,39,0.005929938051849604,0.001900886301882565,,19,,,
0.0014423454413190484,29,,,,39,0.020275965332984924,0.007092431653290987,,20,,,
0.008759880438446999,30,,,,39,0.31510642170906067,0.10066384822130203,,21,,,
0.0005284343496896327,31,,,,39,0.04489597678184509,0.013838697224855423,,22,,,
0.15050919353961945,32,,,,39,0.3205356299877167,0.20151713490486145,,23,,,
0.0006460248259827495,33,,,,39,0.012162250466644764,0.0041008926928043365,,24,,,
1.1920922133867862e-06,34,,,,39,0.590018093585968,0.17700627446174622,,25,,,
0.0020911272149533033,35,,,,39,0.33615735173225403,0.10231099277734756,,26,,,
3.6014888286590576,36,,,,39,0.43834900856018066,2.6525468826293945,,27,,,
7.891343557275832e-05,37,,,,39,0.007701749447733164,0.002365764230489731,,28,,,
0.023714128881692886,38,,,,39,0.2047770768404007,0.07803301513195038,,29,,,
0.0008125579333864152,39,,,,39,0.008037089370191097,0.0029799174517393112,,30,,,
0.00020847532141488045,40,,,,39,0.00565217575058341,0.0018415856175124645,,31,,,
0.0014991246862336993,41,,,,39,0.02572416327893734,0.00876663625240326,,32,,,
0.18144343793392181,42,,,,39,0.2868734300136566,0.21307243406772614,,33,,,
0.05275158956646919,43,,,,39,0.4894348382949829,0.18375656008720398,,34,,,
3.288278102874756,44,,,,39,1.318747639656067,2.6974189281463623,,35,,,
0.0005379660287871957,45,,,,39,0.008090001530945301,0.0028035766445100307,,36,,,
0.03351931646466255,46,,,,39,0.24294205009937286,0.09634613990783691,,37,,,
0.17804716527462006,47,,,,39,0.299054890871048,0.21434947848320007,,38,,,
0.0008774721063673496,48,,,,39,0.01600666157901287,0.0054162293672561646,,39,,,
0.00036542891757562757,49,,,,39,0.020856307819485664,0.006512693129479885,,40,,,
0.0029517910443246365,50,,,,39,0.03747798502445221,0.01330964919179678,,41,,,
4.267209529876709,51,,,,39,1.2532323598861694,3.363016366958618,,42,,,
9.250213042832911e-05,52,,,,39,0.007754448335617781,0.0023910861928015947,,43,,,
0.0004949536523781717,53,,,,39,0.010508858598768711,0.003499125363305211,,44,,,
0.001962641952559352,54,,,,39,0.02386542595922947,0.008533477783203125,,45,,,
0.00044145373976789415,55,,,,39,0.06316303461790085,0.019257929176092148,,46,,,
0.0007470439304597676,56,,,,39,0.011193097569048405,0.003880860283970833,,47,,,
0.5088396668434143,57,,,,39,0.8624647259712219,0.6149271726608276,,48,,,
0.02268809825181961,58,,,,39,0.0615476556122303,0.03434596583247185,,49,,,
0.005485956557095051,59,,,,39,0.042873308062553406,0.016702162101864815,,50,,,
0.30461353063583374,60,,,,39,1.239925742149353,0.5852072238922119,,51,,,
0.0025531810242682695,61,,,,39,0.19968217611312866,0.061691880226135254,,52,,,
0.00099323526956141,62,,,,39,0.011562575586140156,0.004164037294685841,,53,,,
0.053240783512592316,63,,,,39,0.10111276060342789,0.06760238111019135,,54,,,
0.01820533163845539,64,,,,39,0.5079194903373718,0.16511957347393036,,55,,,
0.0007557396893389523,65,,,,39,0.009019964374601841,0.003235007170587778,,56,,,
0.0010178867960348725,66,,,,39,0.01744776777923107,0.005946851335465908,,57,,,
0.007348057813942432,67,,,,39,0.07891463488340378,0.028818031772971153,,58,,,
0.0019237360684201121,68,,,,39,0.0678282156586647,0.021695081144571304,,59,,,
0.03015117347240448,69,,,,39,0.8104441165924072,0.2642390727996826,,60,,,
0.0012488907668739557,70,,,,39,0.027489177882671356,0.00912097655236721,,61,,,
0.0061584231443703175,71,,,,39,0.07036039233207703,0.025419015437364578,,62,,,
0.0117805739864707,72,,,,39,0.06863555312156677,0.028837068006396294,,63,,,
3.099393507000059e-05,73,,,,39,0.39716997742652893,0.11917269229888916,,64,,,
0.010465621016919613,74,,,,39,0.08538937568664551,0.0329427495598793,,65,,,
7.60526381782256e-05,75,,,,39,0.032841749489307404,0.009905762039124966,,66,,,
0.008893049322068691,76,,,,39,0.17747022211551666,0.05946620553731918,,67,,,
0.00022897482267580926,77,,,,39,0.049744557589292526,0.01508365012705326,,68,,,
0.1488141119480133,78,,,,39,0.7533854842185974,0.33018553256988525,,69,,,
0.017797883599996567,79,,,,39,0.08414820581674576,0.037702981382608414,,70,,,
0.00867644976824522,80,,,,39,0.055210042744874954,0.022636529058218002,,71,,,
1.1601238250732422,81,,,,39,1.0217489004135132,1.1186113357543945,,72,,,
1.088989019393921,82,,,,39,1.0159728527069092,1.0670841932296753,,73,,,
0.009593337774276733,83,,,,39,0.15067534148693085,0.05191794037818909,,74,,,
0.05005917698144913,84,,,,39,0.17500120401382446,0.08754178881645203,,75,,,
0.0018760239472612739,85,,,,39,0.15177056193351746,0.04684438556432724,,76,,,
0.03379756212234497,86,,,,39,0.1567414104938507,0.07068071514368057,,77,,,
0.16698160767555237,87,,,,39,0.8675613403320312,0.3771555423736572,,78,,,
0.0022730010095983744,88,,,,39,0.05560024082660675,0.018271174281835556,,79,,,
0.014587417244911194,89,,,,39,0.19601790606975555,0.06901656091213226,,80,,,
0.0001879753835964948,90,,,,39,0.11212050169706345,0.033767733722925186,,81,,,
0.012630823068320751,91,,,,39,0.4372673034667969,0.14002177119255066,,82,,,
0.003221681108698249,92,,,,39,0.18173719942569733,0.05677633732557297,,83,,,
0.13673409819602966,93,,,,39,0.35674849152565,0.202738419175148,,84,,,
5.543078441405669e-05,94,,,,39,0.457357257604599,0.13724598288536072,,85,,,
0.20665843784809113,95,,,,39,0.37996605038642883,0.2586507201194763,,86,,,
0.00970278400927782,96,,,,39,0.0505550242960453,0.021958457306027412,,87,,,
0.049974583089351654,97,,,,39,0.3262906074523926,0.1328693926334381,,88,,,
0.04019198939204216,98,,,,39,0.20170487463474274,0.08864586055278778,,89,,,
0.0018522264435887337,99,,,,39,0.021644406020641327,0.0077898805029690266,,90,,,
0.004026402253657579,100,,,,39,0.15887561440467834,0.050481166690588,,91,,,
0.23187918961048126,101,,,,39,0.3588637411594391,0.26997455954551697,,92,,,
0.10482268780469894,102,,,,39,0.2599164545536041,0.15135082602500916,,93,,,
0.00793365202844143,103,,,,39,0.14034216105937958,0.04765620455145836,,94,,,
0.4494069218635559,104,,,,39,0.828411340713501,0.5631082653999329,,95,,,
0.09585722535848618,105,,,,39,0.29452741146087646,0.1554582715034485,,96,,,
0.005022883880883455,106,,,,39,0.22513742744922638,0.07105725258588791,,97,,,
0.0006150499684736133,107,,,,39,0.20017148554325104,0.06048198416829109,,98,,,
0.0037501975893974304,108,,,,39,0.021813416853547096,0.009169163182377815,,99,,,
0.01216186210513115,109,,,,39,0.12070050090551376,0.04472345858812332,,0,,,
0.0026285641361027956,110,,,,39,0.2348812371492386,0.072304368019104,,1,,,
0.0010871936101466417,111,,,,39,0.06438465416431427,0.020076433196663857,,2,,,
0.11831610649824142,112,,,,39,1.0529729127883911,0.3987131714820862,,3,,,
3.9457496313843876e-05,113,,,,39,0.004360254388302565,0.0013356965500861406,,4,,,
0.0007138088112697005,114,,,,39,0.021244963631033897,0.006873155478388071,,5,,,
0.3699313998222351,115,,,,39,0.28751954436302185,0.3452078104019165,,6,,,
0.151630699634552,116,,,,39,0.6889186501502991,0.3128170967102051,,7,,,
0.018322501331567764,117,,,,39,0.08450770378112793,0.03817806392908096,,8,,,
0.019029201939702034,118,,,,39,0.1256992071866989,0.05103020742535591,,9,,,
0.0016740844585001469,119,,,,39,0.025417828932404518,0.008797207847237587,,10,,,
0.0002300474588992074,120,,,,39,0.017361072823405266,0.005369354970753193,,11,,,
0.059910792857408524,121,,,,39,0.24322284758090973,0.11490441858768463,,12,,,
0.0068268864415585995,122,,,,39,0.05661660060286522,0.02176380157470703,,13,,,
0.0003620922507252544,123,,,,39,0.18357740342617035,0.055326689034700394,,14,,,
0.0034551466815173626,124,,,,39,1.6176142692565918,0.4877029061317444,,15,,,
0.10766278952360153,125,,,,39,0.22953547537326813,0.14422458410263062,,16,,,
0.2665424942970276,126,,,,39,0.3879784047603607,0.30297327041625977,,17,,,
0.47407400608062744,127,,,,39,0.5894746780395508,0.5086942315101624,,18,,,
0.007571452297270298,128,,,,39,0.06352918595075607,0.024358773604035378,,19,,,
0.08141102641820908,129,,,,39,0.390828400850296,0.1742362380027771,,20,,,
0.020202580839395523,130,,,,39,0.14320139586925507,0.057102225720882416,,21,,,
0.004378850571811199,131,,,,39,0.04258733615279198,0.015841396525502205,,22,,,
0.015530360862612724,132,,,,39,0.19381774961948395,0.06901657581329346,,23,,,
0.06482798606157303,133,,,,39,0.8760696053504944,0.308200478553772,,24,,,
0.001404966926202178,134,,,,39,0.01847117207944393,0.006524828262627125,,25,,,
0.023513060063123703,135,,,,39,0.548283576965332,0.18094421923160553,,26,,,
0.04623191058635712,136,,,,39,0.1258304864168167,0.070111483335495,,27,,,
0.47741246223449707,137,,,,39,0.5413891673088074,0.4966054856777191,,28,,,
0.005793090909719467,138,,,,39,0.15041665732860565,0.04918016493320465,,29,,,
0.052961111068725586,139,,,,39,0.3645574152469635,0.14643999934196472,,30,,,
0.046725668013095856,140,,,,39,0.1538897156715393,0.07887488603591919,,31,,,
0.18545754253864288,141,,,,39,0.6108479499816895,0.31307464838027954,,32,,,
0.2348853200674057,142,,,,39,0.6314324140548706,0.35384947061538696,,33,,,
0.010910497978329659,143,,,,39,0.09028226137161255,0.03472203016281128,,34,,,
0.007560094352811575,144,,,,39,0.0522436760365963,0.02096516825258732,,35,,,
0.016975928097963333,145,,,,39,0.6967718601226807,0.22091472148895264,,36,,,
0.00022968991834204644,146,,,,39,0.05562950298190117,0.016849635168910027,,37,,,
0.001207814086228609,147,,,,39,0.0769888386130333,0.023942122235894203,,38,,,
0.01791076920926571,148,,,,39,0.3225472867488861,0.10930173099040985,,39,,,
0.17820298671722412,149,,,,39,0.43892574310302734,0.256419837474823,,40,,,
0.05139219015836716,150,,,,39,0.18171407282352448,0.09048876166343689,,41,,,
0.00017820201173890382,151,,,,39,0.0252701323479414,0.007705781143158674,,42,,,
0.0004301338049117476,152,,,,39,0.005979705601930618,0.002095005474984646,,43,,,
0.2870844006538391,153,,,,39,0.43758058547973633,0.3322332501411438,,44,,,
0.0008568667690269649,154,,,,39,0.04082426056265831,0.012847085483372211,,45,,,
0.03519833832979202,155,,,,39,0.16870935261249542,0.07525164633989334,,46,,,
0.006379595957696438,156,,,,39,0.07805083692073822,0.027880970388650894,,47,,,
0.00890840869396925,157,,,,39,0.2970936894416809,0.09536398947238922,,48,,,
0.0002374367177253589,158,,,,39,0.013506408780813217,0.004218128509819508,,49,,,
0.0096797626465559,159,,,,39,0.20526142418384552,0.06835426390171051,,50,,,
0.00615048548206687,160,,,,39,0.06489057838916779,0.02377251535654068,,51,,,
0.055082470178604126,161,,,,39,0.39232921600341797,0.15625649690628052,,52,,,
0.16489572823047638,162,,,,39,0.6342319846153259,0.30569660663604736,,53,,,
0.0022279222030192614,163,,,,39,0.02557416260242462,0.009231794625520706,,54,,,
8.606540359323844e-05,164,,,,39,0.002990343840792775,0.0009573489660397172,,55,,,
0.0001012035645544529,165,,,,39,0.026673441752791405,0.008072875440120697,,56,,,
0.4307481348514557,166,,,,39,0.6423866748809814,0.4942396879196167,,57,,,
0.016238216310739517,167,,,,39,0.27994462847709656,0.09535014629364014,,58,,,
3.1709168979432434e-05,168,,,,39,0.03777627646923065,0.011355079710483551,,59,,,
0.06511720269918442,169,,,,39,0.2688085734844208,0.1262246072292328,,60,,,
0.0003461238811723888,170,,,,39,0.33053839206695557,0.09940380603075027,,61,,,
0.08101370185613632,171,,,,39,0.5617980360984802,0.2252490073442459,,62,,,
0.0374160073697567,172,,,,39,0.329784631729126,0.12512660026550293,,63,,,
0.6655686497688293,173,,,,39,0.5690538287162781,0.636614203453064,,64,,,
0.0285482257604599,174,,,,39,0.08983872085809708,0.046935372054576874,,65,,,
0.009942295029759407,175,,,,39,0.11351394653320312,0.04101379215717316,,66,,,
0.002904128050431609,176,,,,39,0.21804966032505035,0.06744778901338577,,67,,,
0.011912279762327671,177,,,,39,0.11146221309900284,0.04177726060152054,,68,,,
0.005993015132844448,178,,,,39,0.2502768337726593,0.07927816361188889,,69,,,
0.11025293916463852,179,,,,39,0.3853636682033539,0.19278615713119507,,70,,,
0.00019965562387369573,180,,,,39,0.0602475106716156,0.018214013427495956,,71,,,
0.004982554819434881,181,,,,39,0.41586950421333313,0.1282486468553543,,72,,,
0.004709817469120026,182,,,,39,0.03377842903137207,0.013430401682853699,,73,,,
0.000602421467192471,183,,,,39,0.06810165196657181,0.020852191373705864,,74,,,
0.016789324581623077,184,,,,39,0.3815942108631134,0.12623079121112823,,75,,,
0.007899354211986065,185,,,,39,0.06229365989565849,0.024217646569013596,,76,,,
0.12079031765460968,186,,,,39,0.5996273756027222,0.26444143056869507,,77,,,
0.02715410850942135,187,,,,39,0.2722412645816803,0.10068026185035706,,78,,,
0.0040674819611012936,188,,,,39,0.017490148544311523,0.008094281889498234,,79,,,
0.00012730741582345217,189,,,,39,0.08535460382699966,0.025695497170090675,,80,,,
1.58939528465271,190,,,,39,1.0318725109100342,1.4221384525299072,,81,,,
0.009624980390071869,191,,,,39,0.09159008413553238,0.03421451151371002,,82,,,
0.019146157428622246,192,,,,39,0.2702636122703552,0.09448140114545822,,83,,,
0.0014357983600348234,193,,,,39,0.01712234504520893,0.006141762249171734,,84,,,
0.00012778419477399439,194,,,,39,0.07757485657930374,0.02336190827190876,,85,,,
7.533743337262422e-05,195,,,,39,0.006387695670127869,0.001969045028090477,,86,,,
0.0003849719068966806,196,,,,39,0.05515220761299133,0.016815142706036568,,87,,,
0.0007089247228577733,197,,,,39,0.07637081295251846,0.02340749278664589,,88,,,
4.053033626405522e-05,198,,,,39,0.1527538299560547,0.04585452377796173,,89,,,
0.00022873646230436862,199,,,,39,0.005013050977140665,0.0016640309477224946,,90,,,
0.007150416262447834,200,,,,39,0.11166256666183472,0.038504064083099365,,91,,,
4.815939246327616e-05,201,,,,39,0.044352512806653976,0.013339466415345669,,92,,,
0.011417878791689873,202,,,,39,0.3841743469238281,0.12324482202529907,,93,,,
0.009939462877810001,203,,,,39,0.6965320706367493,0.21591724455356598,,94,,,
0.007650243584066629,204,,,,39,0.2829592823982239,0.09024295955896378,,95,,,
0.04717870056629181,205,,,,39,0.16154108941555023,0.08148741722106934,,96,,,
0.011819451116025448,206,,,,39,0.03428398445248604,0.018558811396360397,,97,,,
0.004691664129495621,207,,,,39,0.045714858919382095,0.016998622566461563,,98,,,
1.8715683836489916e-05,208,,,,39,0.001117616193369031,0.00034838583087548614,,99,,,
0.016042442992329597,209,,,,39,0.09556446224451065,0.03989905118942261,,0,,,
0.06796792149543762,210,,,,39,0.22121572494506836,0.11394226551055908,,1,,,
0.0001512651506345719,211,,,,39,0.005495467688888311,0.001754525932483375,,2,,,
0.00048351517762057483,212,,,,39,0.010275517590343952,0.0034211159218102694,,3,,,
7.593343616463244e-05,213,,,,39,0.19724810123443604,0.059227585792541504,,4,,,
0.035222623497247696,214,,,,39,0.4530319273471832,0.16056542098522186,,5,,,
4.7444173105759546e-05,215,,,,39,0.007749801967293024,0.002358151599764824,,6,,,
0.035159554332494736,216,,,,39,0.9396429061889648,0.30650457739830017,,7,,,
0.04448125511407852,217,,,,39,0.6116089224815369,0.21461954712867737,,8,,,
0.021794574335217476,218,,,,39,0.8739452362060547,0.27743977308273315,,9,,,
0.004872709512710571,219,,,,39,0.023809382691979408,0.010553712025284767,,10,,,
0.0024606685619801283,220,,,,39,0.04427993297576904,0.01500644814223051,,11,,,
0.023489538580179214,221,,,,39,0.2985635995864868,0.106011763215065,,12,,,
0.030104905366897583,222,,,,39,0.6569247841835022,0.21815086901187897,,13,,,
0.002183436183258891,223,,,,39,0.011888377368450165,0.005094918422400951,,14,,,
5.2569914259947836e-05,224,,,,39,0.00216570938937366,0.0006865118048153818,,15,,,
0.17843109369277954,225,,,,39,0.24714380502700806,0.19904491305351257,,16,,,
1.010566234588623,226,,,,39,0.6879515051841736,0.9137817621231079,,17,,,
0.010738562792539597,227,,,,39,0.040150221437215805,0.01956206001341343,,18,,,
0.004482460208237171,228,,,,39,0.1753997802734375,0.055757660418748856,,19,,,
0.0009236836922354996,229,,,,39,0.19544391334056854,0.059279754757881165,,20,,,
0.20955921709537506,230,,,,39,0.31344690918922424,0.2407255321741104,,21,,,
0.05989720672369003,231,,,,39,0.11072969436645508,0.07514695823192596,,22,,,
0.00032300499151460826,232,,,,39,0.021199055016040802,0.0065858205780386925,,23,,,
0.014115612022578716,233,,,,39,0.11396842449903488,0.04407145828008652,,24,,,
5.495397272170521e-05,234,,,,39,0.5863166451454163,0.17593348026275635,,25,,,
0.03691211715340614,235,,,,39,0.42032596468925476,0.15193627774715424,,26,,,
0.0007664603181183338,236,,,,39,0.047786127775907516,0.014872360974550247,,27,,,
0.0037125491071492434,237,,,,39,0.05307979881763458,0.018522724509239197,,28,,,
0.0003122795606032014,238,,,,39,0.00677336985245347,0.0022506066597998142,,29,,,
0.03282324597239494,239,,,,39,0.3972505033016205,0.14215143024921417,,30,,,
0.28234297037124634,240,,,,39,0.4428374767303467,0.330491304397583,,31,,,
0.028669748455286026,241,,,,39,0.2061683088541031,0.08191931992769241,,32,,,
0.9478359818458557,242,,,,39,0.973773181438446,0.9556171298027039,,33,,,
0.0267153549939394,243,,,,39,0.262294203042984,0.09738901257514954,,34,,,
0.000406301929615438,244,,,,39,0.2027788609266281,0.06111807003617287,,35,,,
0.0002674698771443218,245,,,,39,0.007175040896981955,0.002339741215109825,,36,,,
0.02844870276749134,246,,,,39,0.16639402508735657,0.06983230262994766,,37,,,
0.3723679780960083,247,,,,39,0.42205560207366943,0.38727426528930664,,38,,,
0.00022027450904715806,248,,,,39,0.014559813775122166,0.00452213641256094,,39,,,
0.050456639379262924,249,,,,39,0.284445583820343,0.12065332382917404,,40,,,
0.008467722684144974,250,,,,39,0.04043802618980408,0.018058814108371735,,41,,,
0.000479344860650599,251,,,,39,0.19522564113140106,0.05890323594212532,,42,,,
0.0005679901223629713,252,,,,39,0.01367051899433136,0.004498749040067196,,43,,,
0.00021264675888232887,253,,,,39,0.05349598452448845,0.016197649762034416,,44,,,
0.001653733546845615,254,,,,39,0.03670651838183403,0.012169569730758667,,45,,,
0.0018650771817192435,255,,,,39,0.13425545394420624,0.04158219322562218,,46,,,
0.00279357866384089,256,,,,39,0.056699883192777634,0.018965471535921097,,47,,,
0.0020695950370281935,257,,,,39,0.013486244715750217,0.005494589917361736,,48,,,
0.0002828436263371259,258,,,,39,0.0158204548060894,0.004944127053022385,,49,,,
0.1748778522014618,259,,,,39,0.2783001661300659,0.2059045433998108,,50,,,
0.0004312062228564173,260,,,,39,0.025484345853328705,0.007947147823870182,,51,,,
9.83428253675811e-05,261,,,,39,0.34686753153800964,0.10412910580635071,,52,,,
0.0013558013597503304,262,,,,39,0.011030909605324268,0.004258333705365658,,53,,,
0.0024781490210443735,263,,,,39,0.7225260138511658,0.2184925228357315,,54,,,
0.34237799048423767,264,,,,39,0.38692402839660645,0.35574179887771606,,55,,,
0.1506807506084442,265,,,,39,0.6046609282493591,0.28687480092048645,,56,,,
0.5327751040458679,266,,,,39,0.5459607243537903,0.5367307662963867,,57,,,
0.003129943273961544,267,,,,39,0.025949401780962944,0.009975780732929707,,58,,,
,,,,,39,,,,59,0.15074586868286133,0.8157894611358643,0.7962788343429565
,,164.65837574005127,63.12109375,42,,,,5628,60,,,
